scenario,penetration_pct,seed,n_evs,hour,v_min,v_max,v_min_all,v_max_all,xfmr_pct,converged
base,0,1,0,0,0.9897314177903306,1.0468135283886917,0.9897314177903306,1.0468135283886917,33.069125190719234,True
base,0,1,0,1,0.994084507935536,1.0476208396678048,0.9936392727105218,1.0476208396678048,30.107063557028475,True
base,0,1,0,2,0.9973073171694159,1.0456310504993545,0.995033797377616,1.0456310504993545,27.93677395615777,True
base,0,1,0,3,0.9954405084841969,1.042339849608126,0.9954405084841969,1.042339849608126,25.038448504126077,True
base,0,1,0,4,0.9909404041306685,1.0367032365125821,0.9909404041306685,1.0367032365125821,27.798460807566038,True
base,0,1,0,5,0.985499633296039,1.0363195201412578,0.985499633296039,1.0363195201412578,31.437821706040907,True
base,0,1,0,6,0.9874123875879496,1.0438741602623203,0.9874123875879496,1.0438741602623203,34.57274208538943,True
base,0,1,0,7,0.9873645472201573,1.047838077075661,0.9850586302332602,1.047838077075661,43.43062125647504,True
base,0,1,0,8,0.9866721897089956,1.0446961336879959,0.9790680936860043,1.0446961336879959,52.68975600618746,True
base,0,1,0,9,0.9960388962680686,1.0440581557784288,0.9832940306770942,1.0440581557784288,46.1041356701972,True
base,0,1,0,10,0.9964497128833442,1.0409219582903377,0.9869266019677453,1.0409219582903377,40.33445230746294,True
base,0,1,0,11,0.9973750188042098,1.0423951337192885,0.9874604883579717,1.0423951337192885,39.54825921248388,True
base,0,1,0,12,0.9930093123874564,1.0386186954813224,0.9884676397826291,1.0386186954813224,37.84285681529349,True
base,0,1,0,13,0.9939244237041873,1.0400802733290786,0.9889952672389098,1.0400802733290786,37.06881335723734,True
base,0,1,0,14,0.994837524476225,1.0415386520592618,0.9895214538942882,1.0415386520592618,36.298308910604476,True
base,0,1,0,15,0.9862834739950778,1.0419051507938573,0.981704305151227,1.0419051507938573,48.3985436868026,True
base,0,1,0,16,0.9787838855978926,1.0495018721073788,0.9734363971622585,1.0495018721073788,61.26555948869055,True
base,0,1,0,17,0.9746980687272535,1.0491155938274601,0.9614956107452828,1.0506213343659536,79.55097861136667,True
base,0,1,0,18,0.9790583609454645,1.049754250320723,0.9632908523203463,1.051914929985255,76.86708708168574,True
base,0,1,0,19,0.9834374421914097,1.0511636616054343,0.9650775811934539,1.053205600349116,74.20490151269414,True
base,0,1,0,20,0.9932622016007061,1.0497796305151894,0.9715358630471067,1.0514033682810953,64.38669815209457,True
base,0,1,0,21,0.9924794870021009,1.0423177788769877,0.9776800350378818,1.0434843347115101,54.63508144373697,True
base,0,1,0,22,0.9958869780226424,1.037193507058662,0.9831836508412177,1.037193507058662,46.079749052006925,True
base,0,1,0,23,0.9930080447892016,1.0386160717769417,0.9884669389323956,1.0386160717769417,37.843175390847705,True
base,0,2,0,0,0.9897314177903306,1.0468135283886917,0.9897314177903306,1.0468135283886917,33.069125190719234,True
base,0,2,0,1,0.994084507935536,1.0476208396678048,0.9936392727105218,1.0476208396678048,30.107063557028475,True
base,0,2,0,2,0.9973073171694159,1.0456310504993545,0.995033797377616,1.0456310504993545,27.93677395615777,True
base,0,2,0,3,0.9954405084841969,1.042339849608126,0.9954405084841969,1.042339849608126,25.038448504126077,True
base,0,2,0,4,0.9909404041306685,1.0367032365125821,0.9909404041306685,1.0367032365125821,27.798460807566038,True
base,0,2,0,5,0.985499633296039,1.0363195201412578,0.985499633296039,1.0363195201412578,31.437821706040907,True
base,0,2,0,6,0.9874123875879496,1.0438741602623203,0.9874123875879496,1.0438741602623203,34.57274208538943,True
base,0,2,0,7,0.9873645472201573,1.047838077075661,0.9850586302332602,1.047838077075661,43.43062125647504,True
base,0,2,0,8,0.9866721897089956,1.0446961336879959,0.9790680936860043,1.0446961336879959,52.68975600618746,True
base,0,2,0,9,0.9960388962680686,1.0440581557784288,0.9832940306770942,1.0440581557784288,46.1041356701972,True
base,0,2,0,10,0.9964497128833442,1.0409219582903377,0.9869266019677453,1.0409219582903377,40.33445230746294,True
base,0,2,0,11,0.9973750188042098,1.0423951337192885,0.9874604883579717,1.0423951337192885,39.54825921248388,True
base,0,2,0,12,0.9930093123874564,1.0386186954813224,0.9884676397826291,1.0386186954813224,37.84285681529349,True
base,0,2,0,13,0.9939244237041873,1.0400802733290786,0.9889952672389098,1.0400802733290786,37.06881335723734,True
base,0,2,0,14,0.994837524476225,1.0415386520592618,0.9895214538942882,1.0415386520592618,36.298308910604476,True
base,0,2,0,15,0.9862834739950778,1.0419051507938573,0.981704305151227,1.0419051507938573,48.3985436868026,True
base,0,2,0,16,0.9787838855978926,1.0495018721073788,0.9734363971622585,1.0495018721073788,61.26555948869055,True
base,0,2,0,17,0.9746980687272535,1.0491155938274601,0.9614956107452828,1.0506213343659536,79.55097861136667,True
base,0,2,0,18,0.9790583609454645,1.049754250320723,0.9632908523203463,1.051914929985255,76.86708708168574,True
base,0,2,0,19,0.9834374421914097,1.0511636616054343,0.9650775811934539,1.053205600349116,74.20490151269414,True
base,0,2,0,20,0.9932622016007061,1.0497796305151894,0.9715358630471067,1.0514033682810953,64.38669815209457,True
base,0,2,0,21,0.9924794870021009,1.0423177788769877,0.9776800350378818,1.0434843347115101,54.63508144373697,True
base,0,2,0,22,0.9958869780226424,1.037193507058662,0.9831836508412177,1.037193507058662,46.079749052006925,True
base,0,2,0,23,0.9930080447892016,1.0386160717769417,0.9884669389323956,1.0386160717769417,37.843175390847705,True
base,0,3,0,0,0.9897314177903306,1.0468135283886917,0.9897314177903306,1.0468135283886917,33.069125190719234,True
base,0,3,0,1,0.994084507935536,1.0476208396678048,0.9936392727105218,1.0476208396678048,30.107063557028475,True
base,0,3,0,2,0.9973073171694159,1.0456310504993545,0.995033797377616,1.0456310504993545,27.93677395615777,True
base,0,3,0,3,0.9954405084841969,1.042339849608126,0.9954405084841969,1.042339849608126,25.038448504126077,True
base,0,3,0,4,0.9909404041306685,1.0367032365125821,0.9909404041306685,1.0367032365125821,27.798460807566038,True
base,0,3,0,5,0.985499633296039,1.0363195201412578,0.985499633296039,1.0363195201412578,31.437821706040907,True
base,0,3,0,6,0.9874123875879496,1.0438741602623203,0.9874123875879496,1.0438741602623203,34.57274208538943,True
base,0,3,0,7,0.9873645472201573,1.047838077075661,0.9850586302332602,1.047838077075661,43.43062125647504,True
base,0,3,0,8,0.9866721897089956,1.0446961336879959,0.9790680936860043,1.0446961336879959,52.68975600618746,True
base,0,3,0,9,0.9960388962680686,1.0440581557784288,0.9832940306770942,1.0440581557784288,46.1041356701972,True
base,0,3,0,10,0.9964497128833442,1.0409219582903377,0.9869266019677453,1.0409219582903377,40.33445230746294,True
base,0,3,0,11,0.9973750188042098,1.0423951337192885,0.9874604883579717,1.0423951337192885,39.54825921248388,True
base,0,3,0,12,0.9930093123874564,1.0386186954813224,0.9884676397826291,1.0386186954813224,37.84285681529349,True
base,0,3,0,13,0.9939244237041873,1.0400802733290786,0.9889952672389098,1.0400802733290786,37.06881335723734,True
base,0,3,0,14,0.994837524476225,1.0415386520592618,0.9895214538942882,1.0415386520592618,36.298308910604476,True
base,0,3,0,15,0.9862834739950778,1.0419051507938573,0.981704305151227,1.0419051507938573,48.3985436868026,True
base,0,3,0,16,0.9787838855978926,1.0495018721073788,0.9734363971622585,1.0495018721073788,61.26555948869055,True
base,0,3,0,17,0.9746980687272535,1.0491155938274601,0.9614956107452828,1.0506213343659536,79.55097861136667,True
base,0,3,0,18,0.9790583609454645,1.049754250320723,0.9632908523203463,1.051914929985255,76.86708708168574,True
base,0,3,0,19,0.9834374421914097,1.0511636616054343,0.9650775811934539,1.053205600349116,74.20490151269414,True
base,0,3,0,20,0.9932622016007061,1.0497796305151894,0.9715358630471067,1.0514033682810953,64.38669815209457,True
base,0,3,0,21,0.9924794870021009,1.0423177788769877,0.9776800350378818,1.0434843347115101,54.63508144373697,True
base,0,3,0,22,0.9958869780226424,1.037193507058662,0.9831836508412177,1.037193507058662,46.079749052006925,True
base,0,3,0,23,0.9930080447892016,1.0386160717769417,0.9884669389323956,1.0386160717769417,37.843175390847705,True
base,0,4,0,0,0.9897314177903306,1.0468135283886917,0.9897314177903306,1.0468135283886917,33.069125190719234,True
base,0,4,0,1,0.994084507935536,1.0476208396678048,0.9936392727105218,1.0476208396678048,30.107063557028475,True
base,0,4,0,2,0.9973073171694159,1.0456310504993545,0.995033797377616,1.0456310504993545,27.93677395615777,True
base,0,4,0,3,0.9954405084841969,1.042339849608126,0.9954405084841969,1.042339849608126,25.038448504126077,True
base,0,4,0,4,0.9909404041306685,1.0367032365125821,0.9909404041306685,1.0367032365125821,27.798460807566038,True
base,0,4,0,5,0.985499633296039,1.0363195201412578,0.985499633296039,1.0363195201412578,31.437821706040907,True
base,0,4,0,6,0.9874123875879496,1.0438741602623203,0.9874123875879496,1.0438741602623203,34.57274208538943,True
base,0,4,0,7,0.9873645472201573,1.047838077075661,0.9850586302332602,1.047838077075661,43.43062125647504,True
base,0,4,0,8,0.9866721897089956,1.0446961336879959,0.9790680936860043,1.0446961336879959,52.68975600618746,True
base,0,4,0,9,0.9960388962680686,1.0440581557784288,0.9832940306770942,1.0440581557784288,46.1041356701972,True
base,0,4,0,10,0.9964497128833442,1.0409219582903377,0.9869266019677453,1.0409219582903377,40.33445230746294,True
base,0,4,0,11,0.9973750188042098,1.0423951337192885,0.9874604883579717,1.0423951337192885,39.54825921248388,True
base,0,4,0,12,0.9930093123874564,1.0386186954813224,0.9884676397826291,1.0386186954813224,37.84285681529349,True
base,0,4,0,13,0.9939244237041873,1.0400802733290786,0.9889952672389098,1.0400802733290786,37.06881335723734,True
base,0,4,0,14,0.994837524476225,1.0415386520592618,0.9895214538942882,1.0415386520592618,36.298308910604476,True
base,0,4,0,15,0.9862834739950778,1.0419051507938573,0.981704305151227,1.0419051507938573,48.3985436868026,True
base,0,4,0,16,0.9787838855978926,1.0495018721073788,0.9734363971622585,1.0495018721073788,61.26555948869055,True
base,0,4,0,17,0.9746980687272535,1.0491155938274601,0.9614956107452828,1.0506213343659536,79.55097861136667,True
base,0,4,0,18,0.9790583609454645,1.049754250320723,0.9632908523203463,1.051914929985255,76.86708708168574,True
base,0,4,0,19,0.9834374421914097,1.0511636616054343,0.9650775811934539,1.053205600349116,74.20490151269414,True
base,0,4,0,20,0.9932622016007061,1.0497796305151894,0.9715358630471067,1.0514033682810953,64.38669815209457,True
base,0,4,0,21,0.9924794870021009,1.0423177788769877,0.9776800350378818,1.0434843347115101,54.63508144373697,True
base,0,4,0,22,0.9958869780226424,1.037193507058662,0.9831836508412177,1.037193507058662,46.079749052006925,True
base,0,4,0,23,0.9930080447892016,1.0386160717769417,0.9884669389323956,1.0386160717769417,37.843175390847705,True
base,0,5,0,0,0.9897314177903306,1.0468135283886917,0.9897314177903306,1.0468135283886917,33.069125190719234,True
base,0,5,0,1,0.994084507935536,1.0476208396678048,0.9936392727105218,1.0476208396678048,30.107063557028475,True
base,0,5,0,2,0.9973073171694159,1.0456310504993545,0.995033797377616,1.0456310504993545,27.93677395615777,True
base,0,5,0,3,0.9954405084841969,1.042339849608126,0.9954405084841969,1.042339849608126,25.038448504126077,True
base,0,5,0,4,0.9909404041306685,1.0367032365125821,0.9909404041306685,1.0367032365125821,27.798460807566038,True
base,0,5,0,5,0.985499633296039,1.0363195201412578,0.985499633296039,1.0363195201412578,31.437821706040907,True
base,0,5,0,6,0.9874123875879496,1.0438741602623203,0.9874123875879496,1.0438741602623203,34.57274208538943,True
base,0,5,0,7,0.9873645472201573,1.047838077075661,0.9850586302332602,1.047838077075661,43.43062125647504,True
base,0,5,0,8,0.9866721897089956,1.0446961336879959,0.9790680936860043,1.0446961336879959,52.68975600618746,True
base,0,5,0,9,0.9960388962680686,1.0440581557784288,0.9832940306770942,1.0440581557784288,46.1041356701972,True
base,0,5,0,10,0.9964497128833442,1.0409219582903377,0.9869266019677453,1.0409219582903377,40.33445230746294,True
base,0,5,0,11,0.9973750188042098,1.0423951337192885,0.9874604883579717,1.0423951337192885,39.54825921248388,True
base,0,5,0,12,0.9930093123874564,1.0386186954813224,0.9884676397826291,1.0386186954813224,37.84285681529349,True
base,0,5,0,13,0.9939244237041873,1.0400802733290786,0.9889952672389098,1.0400802733290786,37.06881335723734,True
base,0,5,0,14,0.994837524476225,1.0415386520592618,0.9895214538942882,1.0415386520592618,36.298308910604476,True
base,0,5,0,15,0.9862834739950778,1.0419051507938573,0.981704305151227,1.0419051507938573,48.3985436868026,True
base,0,5,0,16,0.9787838855978926,1.0495018721073788,0.9734363971622585,1.0495018721073788,61.26555948869055,True
base,0,5,0,17,0.9746980687272535,1.0491155938274601,0.9614956107452828,1.0506213343659536,79.55097861136667,True
base,0,5,0,18,0.9790583609454645,1.049754250320723,0.9632908523203463,1.051914929985255,76.86708708168574,True
base,0,5,0,19,0.9834374421914097,1.0511636616054343,0.9650775811934539,1.053205600349116,74.20490151269414,True
base,0,5,0,20,0.9932622016007061,1.0497796305151894,0.9715358630471067,1.0514033682810953,64.38669815209457,True
base,0,5,0,21,0.9924794870021009,1.0423177788769877,0.9776800350378818,1.0434843347115101,54.63508144373697,True
base,0,5,0,22,0.9958869780226424,1.037193507058662,0.9831836508412177,1.037193507058662,46.079749052006925,True
base,0,5,0,23,0.9930080447892016,1.0386160717769417,0.9884669389323956,1.0386160717769417,37.843175390847705,True
base,10,1,251,0,0.9883494890258052,1.0446643480448,0.9883494890258052,1.0446643480448,35.2928506701229,True
base,10,1,251,1,0.992955518355159,1.0472275705567213,0.992955518355159,1.0472275705567213,31.955947960578847,True
base,10,1,251,2,0.9966886924148503,1.0489394840571376,0.9948862166168607,1.0489394840571376,29.420863619259826,True
base,10,1,251,3,0.994801559128109,1.0413394019045674,0.994801559128109,1.0413394019045674,26.129616642775037,True
base,10,1,251,4,0.990504631141607,1.0363605472345416,0.990504631141607,1.0363605472345416,28.53278724372617,True
base,10,1,251,5,0.9850503658145846,1.0356180860687743,0.9850503658145846,1.0356180860687743,32.176701274874745,True
base,10,1,251,6,0.9869628954885293,1.043152906250961,0.9869628954885293,1.043152906250961,35.32307639167577,True
base,10,1,251,7,0.9868776936624593,1.0470829587478279,0.9848837098265476,1.0470829587478279,44.17414383240112,True
base,10,1,251,8,0.9859819817549519,1.0440485892170972,0.9788589637314581,1.0440485892170972,53.44524673822803,True
base,10,1,251,9,0.9957966766927858,1.0439704942849104,0.983206269602401,1.0439704942849104,46.47516209613857,True
base,10,1,251,10,0.9962460136078316,1.0405602792730024,0.9868433621686817,1.0405602792730024,40.70540883759275,True
base,10,1,251,11,0.997172527523464,1.0420352586109738,0.9873780798034724,1.0420352586109738,39.9191265647002,True
base,10,1,251,12,0.9926074526824514,1.0379020074508,0.9883053145134821,1.0379020074508,38.5844349249117,True
base,10,1,251,13,0.9935249693101019,1.0393671915273395,0.9888345956278632,1.0393671915273395,37.81015899744743,True
base,10,1,251,14,0.9944404670309361,1.0408291631638504,0.9893624314239398,1.0408291631638504,37.039384850943435,True
base,10,1,251,15,0.9855286329802155,1.0416509069258,0.9814264048959532,1.0416509069258,49.5154202273018,True
base,10,1,251,16,0.983124001579969,1.04851527494052,0.972827799175377,1.04851527494052,63.71554297758252,True
base,10,1,251,17,0.9752661856899456,1.0535713327248932,0.95966922896772,1.0558084485110901,85.13923826192728,True
base,10,1,251,18,0.9774407512145429,1.054446242101082,0.9607228796425749,1.0565824389916392,84.75912952659118,True
base,10,1,251,19,0.9823699973245836,1.0559428946802367,0.9627115348555693,1.0579668768804613,81.68793851598566,True
base,10,1,251,20,0.9873435016128593,1.0488466829565832,0.9697525402809097,1.0504434093435875,70.40914770853516,True
base,10,1,251,21,0.9916951147558853,1.041608573247686,0.9764739679416331,1.0427631081426945,59.52803951455606,True
base,10,1,251,22,0.9933956861053266,1.036314205154194,0.9822706045702277,1.036314205154194,49.8055994898847,True
base,10,1,251,23,0.9913430226257391,1.038530840768736,0.9878050687443858,1.038530840768736,40.814427296484695,True
base,10,2,251,0,0.9882006747768652,1.0444785192649004,0.9882006747768652,1.0444785192649004,35.29341535990244,True
base,10,2,251,1,0.9928340278089994,1.0472687376528447,0.9928340278089994,1.0472687376528447,31.956310848252865,True
base,10,2,251,2,0.9965930958498593,1.048821657870538,0.9948646453665637,1.048821657870538,29.421084260500223,True
base,10,2,251,3,0.9947310540863564,1.041253750861858,0.9947310540863564,1.041253750861858,26.12972989674617,True
base,10,2,251,4,0.9904568664930468,1.0363765397004523,0.9904568664930468,1.0363765397004523,28.532899041939253,True
base,10,2,251,5,0.9850014558027733,1.0355576849295536,0.9850014558027733,1.0355576849295536,32.17685773462898,True
base,10,2,251,6,0.9869132689648348,1.043090834057608,0.9869132689648348,1.043090834057608,35.323265953685684,True
base,10,2,251,7,0.9868259685613184,1.047017405296986,0.9848709743461626,1.047017405296986,44.174436260380105,True
base,10,2,251,8,0.9858759815789155,1.044067587831017,0.9788419836186639,1.044067587831017,53.4468482496568,True
base,10,2,251,9,0.9957707959417343,1.0439785154187766,0.9831998265721952,1.0439785154187766,46.47532032946187,True
base,10,2,251,10,0.996242405880952,1.040529534421808,0.9868372900192984,1.040529534421808,40.70553540391046,True
base,10,2,251,11,0.9971689980228458,1.0420046711847313,0.9873720607823971,1.0420046711847313,39.919247336916584,True
base,10,2,251,12,0.9926006626898582,1.0378409652695877,0.9882933959377258,1.0378409652695877,38.584666106453255,True
base,10,2,251,13,0.9935183374116,1.039306468919368,0.9888227838967479,1.039306468919368,37.810378661510136,True
base,10,2,251,14,0.9944339912474254,1.0407687569641018,0.9893507252907134,1.0407687569641018,37.03959400663438,True
base,10,2,251,15,0.9854489925002775,1.0416760258102957,0.9814062572655042,1.0416760258102957,49.515974765101014,True
base,10,2,251,16,0.9828315094039608,1.0485668796855125,0.9727818847984014,1.0485668796855125,63.7172118829697,True
base,10,2,251,17,0.9745297952956287,1.0536191070053065,0.9595411345032204,1.055818067445859,85.14453630349506,True
base,10,2,251,18,0.9763856581141332,1.0545148394776973,0.9605386492422509,1.0565961864288025,84.7687499435649,True
base,10,2,251,19,0.9813445402395301,1.0560259868218547,0.9625419980772377,1.0579809482077844,81.68018176936411,True
base,10,2,251,20,0.9865260060448204,1.0489024087555898,0.9696134516449231,1.0504535704553535,70.41997587855845,True
base,10,2,251,21,0.9910771864262982,1.0416509475247988,0.9763790621549796,1.0427702349783727,59.53140657015338,True
base,10,2,251,22,0.9931332803179636,1.036398010179547,0.9822037290148437,1.036398010179547,49.80752658584447,True
base,10,2,251,23,0.9913134301853832,1.0385954892183586,0.98775582561484,1.0385954892183586,40.815487045750764,True
base,10,3,251,0,0.9880526851826837,1.0446994084862582,0.9880526851826837,1.0446994084862582,35.292090997649076,True
base,10,3,251,1,0.9927088178723166,1.047126927703476,0.9927088178723166,1.047126927703476,31.95544246419268,True
base,10,3,251,2,0.9964917158610883,1.0489620188108684,0.9948676910835096,1.0489620188108684,29.42053325197912,True
base,10,3,251,3,0.9946533846939638,1.041356398879308,0.9946533846939638,1.041356398879308,26.129434079956177,True
base,10,3,251,4,0.9904056074915145,1.0363204171792086,0.9904056074915145,1.0363204171792086,28.532623999700572,True
base,10,3,251,5,0.9849510794247252,1.0356299434931704,0.9849510794247252,1.0356299434931704,32.1764807359745,True
base,10,3,251,6,0.9868638965215324,1.0431646005890098,0.9868638965215324,1.0431646005890098,35.32281985591884,True
base,10,3,251,7,0.9867790389118545,1.0470949661753453,0.9848745770561937,1.0470949661753453,44.173775106436985,True
base,10,3,251,8,0.9859524869147747,1.0440074994489907,0.9788499094100785,1.0440074994489907,53.44477849808064,True
base,10,3,251,9,0.9957477287754319,1.0439503353271689,0.9832016967719618,1.0439503353271689,46.474970121268775,True
base,10,3,251,10,0.9962433542224728,1.0405663661694762,0.9868387631501544,1.0405663661694762,40.70524963859466,True
base,10,3,251,11,0.9971698556415053,1.0420412997934936,0.9873734776577994,1.0420412997934936,39.91897095151588,True
base,10,3,251,12,0.9926021647509602,1.0379141853934561,0.9882961107918388,1.0379141853934561,38.584137823315416,True
base,10,3,251,13,0.9935196606327404,1.0393792868787162,0.9888253874194989,1.0393792868787162,37.809870006211554,True
base,10,3,251,14,0.9944351312037052,1.0408411649837104,0.9893532151061873,1.0408411649837104,37.03910670754233,True
base,10,3,251,15,0.9853808038006557,1.0415893084265375,0.9814127896335074,1.0415893084265375,49.5147720447805,True
base,10,3,251,16,0.9830372702237032,1.0483909142720682,0.9728010761516115,1.0483909142720682,63.71377332022557,True
base,10,3,251,17,0.9750725138893347,1.05358407584005,0.9596096394782598,1.0558196257299208,85.13223878255143,True
base,10,3,251,18,0.9770385904313683,1.0546424813292943,0.9606367530348968,1.056743738999742,84.74753046848937,True
base,10,3,251,19,0.9820664637816212,1.0559808535285664,0.9626299163564206,1.0579849382597322,81.66431147948447,True
base,10,3,251,20,0.9870944734498018,1.0488664665725367,0.9696731196348854,1.0504584337686815,70.40935608820975,True
base,10,3,251,21,0.9914996993326118,1.041625946017864,0.9764135080437645,1.0427767683380083,59.526250379703214,True
base,10,3,251,22,0.9929083810322865,1.036114852759662,0.982225917736734,1.036114852759662,49.80346958035779,True
base,10,3,251,23,0.9913224056821346,1.0383696414758137,0.9877685719655556,1.0383696414758137,40.813129909051916,True
base,10,4,251,0,0.9882486784912232,1.044686307717876,0.9882486784912232,1.044686307717876,35.29338971704588,True
base,10,4,251,1,0.9928734297467653,1.04746733326348,0.9928734297467653,1.04746733326348,31.956257536382203,True
base,10,4,251,2,0.996624427133394,1.0489573211429795,0.9948636551121858,1.0489573211429795,29.421032001290598,True
base,10,4,251,3,0.9947543478674389,1.0413543362982944,0.9947543478674389,1.0413543362982944,26.129683126995015,True
base,10,4,251,4,0.9904725091038475,1.0364550245638398,0.9904725091038475,1.0364550245638398,28.532873096418125,True
base,10,4,251,5,0.9850173733551024,1.0356264968965985,0.9850173733551024,1.0356264968965985,32.17684190834019,True
base,10,4,251,6,0.9869292231081562,1.0431601328046516,0.9869292231081562,1.0431601328046516,35.323255677619876,True
base,10,4,251,7,0.9868421734790813,1.0470878066455516,0.9848708626415379,1.0470878066455516,44.17445197892611,True
base,10,4,251,8,0.9859210787822477,1.044151711984055,0.9788421297102415,1.044151711984055,53.44687851768228,True
base,10,4,251,9,0.995778807585061,1.044019437431562,0.9831997847223869,1.044019437431562,46.47532819176145,True
base,10,4,251,10,0.9962418992399236,1.0405635333744476,0.9868371787086707,1.0405635333744476,40.70553600496655,True
base,10,4,251,11,0.997168474825374,1.0420385921205795,0.9873719370741029,1.0420385921205795,39.91924799659044,True
base,10,4,251,12,0.9925996151278185,1.0379091107694043,0.9882931329108993,1.0379091107694043,38.58466240375358,True
base,10,4,251,13,0.9935172574848643,1.0393744595475858,0.9888224963757936,1.0393744595475858,37.810375467432344,True
base,10,4,251,14,0.9944328840219261,1.0408366009023753,0.989350416379522,1.0408366009023753,37.039589193414095,True
base,10,4,251,15,0.985473664741961,1.0418009763872387,0.9814063214908326,1.0418009763872387,49.51600388130079,True
base,10,4,251,16,0.9829699782961986,1.0488251023071704,0.9727833228879192,1.0488251023071704,63.71731120210092,True
base,10,4,251,17,0.9749076553520222,1.0538505366895512,0.9595475761875125,1.0560059605965413,85.16381800352025,True
base,10,4,251,18,0.9768794115619432,1.0548705585815814,0.9605530660384276,1.0568658632362318,84.76811187118419,True
base,10,4,251,19,0.9818482726758289,1.056340400429146,0.9625545481875148,1.0582318075089692,81.69649273554084,True
base,10,4,251,20,0.9869022738715804,1.0491725125507139,0.9696193915503977,1.0506564469080348,70.42023018056412,True
base,10,4,251,21,0.9913710606073384,1.0418615489146632,0.9763806116485925,1.042926814986007,59.53147612939185,True
base,10,4,251,22,0.9932134158118677,1.0368054361700596,0.98220358072424,1.0368054361700596,49.807517853284175,True
base,10,4,251,23,0.9913525282871142,1.035755364193193,0.9877568341540014,1.035755364193193,40.81522001457348,True
base,10,5,251,0,0.9884359157424861,1.0449220362081846,0.9884359157424861,1.0449220362081846,35.290427592164555,True
base,10,5,251,1,0.9930407950509338,1.047000547735772,0.9930407950509338,1.047000547735772,31.948983596748615,True
base,10,5,251,2,0.9967407048450747,1.0491026724943935,0.9949142977314684,1.0491026724943935,29.419932398214442,True
base,10,5,251,3,0.9948383313183564,1.0414586148980003,0.9948383313183564,1.0414586148980003,26.12917767649797,True
base,10,5,251,4,0.9905302800012377,1.0362725836154905,0.9905302800012377,1.0362725836154905,28.532318299678522,True
base,10,5,251,5,0.9850777415530582,1.035702098641999,0.9850777415530582,1.035702098641999,32.17601038473892,True
base,10,5,251,6,0.9869915870540446,1.0432387778754701,0.9869915870540446,1.0432387778754701,35.322233642771394,True
base,10,5,251,7,0.9869101595505215,1.0471740180303013,0.9849015558570081,1.0471740180303013,44.17284587082463,True
base,10,5,251,8,0.9860522530048851,1.043966097780901,0.9788790701703306,1.043966097780901,53.44349738043665,True
base,10,5,251,9,0.9958132251070858,1.0439262658678203,0.9832153611963311,1.0439262658678203,46.47446466012127,True
base,10,5,251,10,0.996281428745871,1.040603888359034,0.9868517477969975,1.040603888359034,40.70484746524356,True
base,10,5,251,11,0.9972077613206309,1.0420785945808761,0.987386359247042,1.0420785945808761,39.91858570976804,True
base,10,5,251,12,0.9926777380541055,1.037988393171302,0.9883216348431092,1.037988393171302,38.583409718039526,True
base,10,5,251,13,0.9935949075583822,1.0394530611294042,0.9888507097220199,1.0394530611294042,37.80917965905438,True
base,10,5,251,14,0.994510064141207,1.0409145264971458,0.9893783426315885,1.0409145264971458,37.03844989219532,True
base,10,5,251,15,0.9855807930293685,1.0415154988935167,0.9814551644086416,1.0415154988935167,49.51305561144672,True
base,10,5,251,16,0.9833512794934448,1.0482403744286437,0.9728961715321777,1.0482403744286437,63.70875376318634,True
base,10,5,251,17,0.9756434792940942,1.0533948381911522,0.9597876269507793,1.0557800780266755,85.09035811431865,True
base,10,5,251,18,0.9781741816266826,1.0543983658370604,0.9610021472910618,1.0566953373797559,84.72681829750175,True
base,10,5,251,19,0.9831275076449365,1.0557509803597065,0.9629703318782945,1.057940777965566,81.64105958811756,True
base,10,5,251,20,0.9879770981000707,1.048673595337229,0.9699491510761693,1.0504249972111788,70.38874746106674,True
base,10,5,251,21,0.9921719764134052,1.041473019131653,0.9766153364486856,1.0427529523994954,59.51494463344847,True
base,10,5,251,22,0.9935702895463874,1.0358702476700548,0.9823668138866384,1.0358702476700548,49.7978736789036,True
base,10,5,251,23,0.9916263540447922,1.038180114654291,0.9878719350401438,1.038180114654291,40.81057934528686,True
base,20,1,503,0,0.9871861800340679,1.0436764083161325,0.9871861800340679,1.0436764083161325,37.536000345021826,True
base,20,1,503,1,0.9920009771681277,1.0460271506989811,0.9920009771681277,1.0460271506989811,33.80847850506866,True
base,20,1,503,2,0.9959399919954952,1.0483266749807483,0.9946829308687319,1.0483266749807483,30.895886410238937,True
base,20,1,503,3,0.9971225120506567,1.0476623877406102,0.9966979899324646,1.0476623877406102,27.34852590442322,True
base,20,1,503,4,0.9964943560567938,1.042551737128152,0.9947901024132751,1.042551737128152,29.39423586290237,True
base,20,1,503,5,0.9907751978890473,1.0385629245395107,0.9907751978890473,1.0385629245395107,33.019344679304425,True
base,20,1,503,6,0.9864031697073813,1.036277180539984,0.9864031697073813,1.036277180539984,36.036618947619104,True
base,20,1,503,7,0.98646948992243,1.046732078126926,0.9847602446883953,1.046732078126926,44.91997774542915,True
base,20,1,503,8,0.9855849651217966,1.0435585573991408,0.9787190605503261,1.0435585573991408,54.193793471616864,True
base,20,1,503,9,0.9955920149078699,1.0437287797414057,0.9831436593708154,1.0437287797414057,46.847629361113746,True
base,20,1,503,10,0.9961234222764898,1.0403946152986212,0.9867849564607751,1.0403946152986212,41.07738528403495,True
base,20,1,503,11,0.9970507561377991,1.041870701712574,0.9873202699304298,1.041870701712574,40.29103444015377,True
base,20,1,503,12,0.9923235679640664,1.0385415903681596,0.9881894353266203,1.0385415903681596,39.32893229705073,True
base,20,1,503,13,0.99324252913527,1.0393507471563554,0.9887197195024583,1.0393507471563554,38.55482588995806,True
base,20,1,503,14,0.9941595843358458,1.0403304028481655,0.9892487195019718,1.0403304028481655,37.78424018674113,True
base,20,1,503,15,0.9848979603417664,1.0409148605432879,0.9812291031604815,1.0409148605432879,50.63614474037615,True
base,20,1,503,16,0.9818939206317591,1.0470065863743043,0.9723702644999733,1.0470065863743043,65.9728204030385,True
base,20,1,503,17,0.971890061837828,1.052189825209109,0.9583036876614784,1.0547065307104293,90.55025763453625,True
base,20,1,503,18,0.9727539286648086,1.0526580186191568,0.9588675703250654,1.0551486793472564,92.5212762664034,True
base,20,1,503,19,0.9779633674485927,1.0543055354017543,0.960994354320373,1.0566444037572742,89.03181601676182,True
base,20,1,503,20,0.9904810217099483,1.0535901173690525,0.968516828490546,1.0554728499899944,76.74560532149346,True
base,20,1,503,21,0.9939264239870047,1.0467288078255628,0.9755392938917467,1.0481260401257857,64.62204292443812,True
base,20,1,503,22,0.9924950226535695,1.0391283079585503,0.9816535468211764,1.0400656548679814,53.720268975468585,True
base,20,1,503,23,0.9963984126260514,1.0361237226490139,0.9872568773559486,1.0361237226490139,43.93369854606418,True
base,20,2,503,0,0.987403412218157,1.0435895231502912,0.987403412218157,1.0435895231502912,37.53707203917005,True
base,20,2,503,1,0.9921818278700225,1.0461252581006,0.9921818278700225,1.0461252581006,33.809258976566,True
base,20,2,503,2,0.9960846249007961,1.048270955258306,0.9947043521847616,1.048270955258306,30.896415926580893,True
base,20,2,503,3,0.9943461057665531,1.0408397330533847,0.9943461057665531,1.0408397330533847,27.230993999140722,True
base,20,2,503,4,0.9901887531364718,1.0359290786104798,0.9901887531364718,1.0359290786104798,29.275237774430785,True
base,20,2,503,5,0.9847407532890707,1.0352744862264374,0.9847407532890707,1.0352744862264374,32.91864267387997,True
base,20,2,503,6,0.986647266576108,1.0428000051554593,0.986647266576108,1.0428000051554593,36.066663610746,True
base,20,2,503,7,0.9865415780946556,1.0467026736256202,0.9847705555010684,1.0467026736256202,44.92045378538437,True
base,20,2,503,8,0.9855911364611168,1.0435965551280877,0.9787291316480181,1.0435965551280877,54.19438043247918,True
base,20,2,503,9,0.9956278071912008,1.043747960383206,0.9831488111744989,1.043747960383206,46.847874792283825,True
base,20,2,503,10,0.996135131979265,1.040380332642572,0.9867901963394778,1.040380332642572,41.07759475456181,True
base,20,2,503,11,0.9970624740735459,1.0418564757464304,0.987325518635765,1.0418564757464304,40.29123974192643,True
base,20,2,503,12,0.9923469172359578,1.0385806822921722,0.9881998900593211,1.0385806822921722,39.329346295263285,True
base,20,2,503,13,0.9932659615770137,1.0393897661435036,0.9887302273291104,1.0393897661435036,38.555214509078475,True
base,20,2,503,14,0.9941830474818271,1.0403018372872896,0.9892592524603885,1.0403018372872896,37.784617565620316,True
base,20,2,503,15,0.9850057884416906,1.0409725365584406,0.9812443042931207,1.0409725365584406,50.636963436620654,True
base,20,2,503,16,0.9819099405363102,1.0471182399963572,0.9723994275811632,1.0471182399963572,65.97495584789769,True
base,20,2,503,17,0.9719204433131524,1.0521840049465772,0.9583678492216893,1.0546821847648988,90.5573939224353,True
base,20,2,503,18,0.9727827086000013,1.0526495196684154,0.9589552319323142,1.0551133316173633,92.53125077563499,True
base,20,2,503,19,0.9779949603841428,1.0542978752651158,0.9610792404428338,1.0566111314492719,89.04071446875204,True
base,20,2,503,20,0.9905184049741802,1.0535848365243499,0.968591909338838,1.055445720876223,76.75187897838624,True
base,20,2,503,21,0.9940712866928774,1.046726225192288,0.9756023123608679,1.0481049990502116,64.62631538290509,True
base,20,2,503,22,0.9926085037573656,1.0391273120613933,0.9817036325269558,1.0400500572145102,53.72296466887664,True
base,20,2,503,23,0.9964909216748943,1.0362790499377055,0.9872980183740815,1.0362790499377055,43.9354126725983,True
base,20,3,503,0,0.9870539940282964,1.0433559517196251,0.9870539940282964,1.0433559517196251,37.5345575924286,True
base,20,3,503,1,0.9918913692395274,1.046120902820909,0.9918913692395274,1.046120902820909,33.807611821187116,True
base,20,3,503,2,0.9958528031744086,1.048116652198254,0.9946788056403078,1.048116652198254,30.89536582770443,True
base,20,3,503,3,0.9971352616389195,1.0475066249558684,0.9966950553169358,1.0475066249558684,27.348344919805164,True
base,20,3,503,4,0.9964508273041585,1.042590192743096,0.9947880482017105,1.042590192743096,29.39400247239595,True
base,20,3,503,5,0.9907314465904856,1.0386004853495951,0.9907314465904856,1.0386004853495951,33.01896724841413,True
base,20,3,503,6,0.9863592428968446,1.0361712961983645,0.9863592428968446,1.0361712961983645,36.03612657978977,True
base,20,3,503,7,0.9864256273347721,1.0466249701382422,0.9847576391339197,1.0466249701382422,44.91923195594935,True
base,20,3,503,8,0.9854678560805158,1.0435897416891375,0.9787161374735001,1.0435897416891375,54.19279507800429,True
base,20,3,503,9,0.9955703250401645,1.0437453165939807,0.9831423426090775,1.0437453165939807,46.84723178957184,True
base,20,3,503,10,0.9961079170724496,1.0403427713893687,0.9867837603166626,1.0403427713893687,41.0770613403461,True
base,20,3,503,11,0.9970352716679544,1.0418189146882082,0.9873190872112333,1.0418189146882082,40.29072372220908,True
base,20,3,503,12,0.9922924259865739,1.0385767974815936,0.9881870679838104,1.0385767974815936,39.328351773800065,True
base,20,3,503,13,0.9932114373490277,1.0393861485469338,0.9887173833936687,1.0393861485469338,38.5542670861801,True
base,20,3,503,14,0.9941285402767992,1.0402264841154598,0.989246413698129,1.0402264841154598,37.783707231942124,True
base,20,3,503,15,0.9848319967306939,1.0409634531701168,0.9812248950623185,1.0409634531701168,50.63478763327513,True
base,20,3,503,16,0.981541845032112,1.0470900880864624,0.9723604062305748,1.0470900880864624,65.96899339617003,True
base,20,3,503,17,0.9710547450913332,1.0522411482334928,0.9582728230235166,1.0547231464799534,90.53811099329255,True
base,20,3,503,18,0.9715568591832896,1.0527272328778434,0.9588231021389076,1.055169083502081,92.50341231084421,True
base,20,3,503,19,0.9768391525471565,1.054376161451014,0.9609556752675532,1.0566675274877089,89.01427196632397,True
base,20,3,503,20,0.9895526458522005,1.0536599887231208,0.9684897560016397,1.0555006732459546,76.73307138587019,True
base,20,3,503,21,0.9937038633966984,1.0468150236129157,0.9755136083193169,1.0481575414189195,64.60455691235147,True
base,20,3,503,22,0.9923250064118743,1.0392054907606283,0.981635482719697,1.0400949381992104,53.70699678196397,True
base,20,3,503,23,0.9962732537723406,1.0362590348178053,0.9872469529434041,1.0362590348178053,43.93106173878278,True
base,20,4,503,0,0.9870246860281918,1.0432118100770604,0.9870246860281918,1.0432118100770604,37.53581872483649,True
base,20,4,503,1,0.9918698415974444,1.0462309583187026,0.9918698415974444,1.0462309583187026,33.80837616902349,True
base,20,4,503,2,0.9958373292971002,1.0480261301086595,0.9946565766387346,1.0480261301086595,30.895808844042104,True
base,20,4,503,3,0.9971420471242064,1.0474410991566412,0.9966793405689083,1.0474410991566412,27.348503865163504,True
base,20,4,503,4,0.9964435358493404,1.0426330068519203,0.9947772165162646,1.0426330068519203,29.394212111966194,True
base,20,4,503,5,0.9907230591739331,1.038643969268968,0.9907230591739331,1.038643969268968,33.01931477530129,True
base,20,4,503,6,0.9863499319353567,1.03612391049538,0.9863499319353567,1.03612391049538,36.03657732785928,True
base,20,4,503,7,0.9864136095166255,1.0465741467910248,0.984744291618593,1.0465741467910248,44.91994314131282,True
base,20,4,503,8,0.9854279292609285,1.043636212034756,0.9787014079879103,1.043636212034756,54.19377548906135,True
base,20,4,503,9,0.9955640864727588,1.043767621256233,0.983135598496642,1.043767621256233,46.84761459136312,True
base,20,4,503,10,0.9960981670084263,1.0403185049984491,0.9867774449266041,1.0403185049984491,41.07736563613551,True
base,20,4,503,11,0.9970256216915391,1.0417948060590265,0.9873128359306347,1.0417948060590265,40.29101586206092,True
base,20,4,503,12,0.9922733127594404,1.0386206500686146,0.9881746793350173,1.0386206500686146,39.32889558053244,True
base,20,4,503,13,0.9931925093387423,1.0394298610058144,0.9887051167348135,1.0394298610058144,38.55478716711245,True
base,20,4,503,14,0.9941098021953979,1.040235951376916,0.9892342705968659,1.040235951376916,37.7842015977785,True
base,20,4,503,15,0.9848114802197131,1.0410324956425645,0.9812035864261732,1.0410324956425645,50.636093786610054,True
base,20,4,503,16,0.9813722180825722,1.0472445994760473,0.9722916269052561,1.0472445994760473,65.98465348225483,True
base,20,4,503,17,0.9706870941364538,1.0523091157921727,0.9581270527149655,1.0547180395477598,90.55229893947062,True
base,20,4,503,18,0.9709697257545945,1.0528307756968764,0.9585841115428783,1.0551628668903292,92.54009609826119,True
base,20,4,503,19,0.9763464864235527,1.0544668718968557,0.9607604299854915,1.0566594287977853,89.0325755036934,True
base,20,4,503,20,0.9891738196012906,1.0537285410021844,0.9683426641682026,1.0554873650217844,76.74519257758394,True
base,20,4,503,21,0.9935397777731546,1.046864791176404,0.9754071206998883,1.0481417863562235,64.61190812175633,True
base,20,4,503,22,0.9922124598809889,1.0392395720858087,0.9815621599181553,1.0400792655153772,53.71129819538838,True
base,20,4,503,23,0.9961926403087358,1.0364357660885175,0.9871945830793835,1.0364357660885175,43.93339643216722,True
base,20,5,503,0,0.987146700857791,1.0436907079928786,0.987146700857791,1.0436907079928786,37.53334051444049,True
base,20,5,503,1,0.991966766182961,1.0458601261914147,0.991966766182961,1.0458601261914147,33.806840293868895,True
base,20,5,503,2,0.9959116191903299,1.0483316452975853,0.9946882253386186,1.0483316452975853,30.894925279577034,True
base,20,5,503,3,0.9970824532074276,1.0476644510321766,0.9967014066838069,1.0476644510321766,27.348165257935605,True
base,20,5,503,4,0.9964800137619169,1.0424867897354073,0.994792607344858,1.0424867897354073,29.393801265526807,True
base,20,5,503,5,0.9907613719722798,1.0384966766704626,0.9907613719722798,1.0384966766704626,33.018644486580385,True
base,20,5,503,6,0.9863897984547366,1.0362817045770396,0.9863897984547366,1.0362817045770396,36.03572041616601,True
base,20,5,503,7,0.9864575665537677,1.0467393407115966,0.9847642994640344,1.0467393407115966,44.918600056852156,True
base,20,5,503,8,0.9855977903628731,1.0434900859238527,0.9787239788256663,1.0434900859238527,54.19193957551139,True
base,20,5,503,9,0.9955861910063912,1.0436943667692133,0.9831457095771986,1.0436943667692133,46.846899754132956,True
base,20,5,503,10,0.996133286638617,1.0403974511409226,0.9867867390023841,1.0403974511409226,41.07680078492784,True
base,20,5,503,11,0.9970605449028732,1.041873399598586,0.9873220123286854,1.041873399598586,40.290470607064044,True
base,20,5,503,12,0.9923431327741004,1.0384746031254382,0.9881928736163655,1.0384746031254382,39.327856074812495,True
base,20,5,503,13,0.9932619484875469,1.0392840330708826,0.9887230788066715,1.0392840330708826,38.55379641854181,True
base,20,5,503,14,0.9941788570518085,1.040335046613549,0.9892519990995394,1.040335046613549,37.78326027980677,True
base,20,5,503,15,0.9848813967257402,1.0408082350761165,0.9812359967482824,1.0408082350761165,50.633615678243046,True
base,20,5,503,16,0.9819427374002191,1.0467823471900257,0.9723885522611243,1.0467823471900257,65.96563615899184,True
base,20,5,503,17,0.9721027188824554,1.052078427542259,0.9583884895247544,1.0546220212901691,90.51073832509081,True
base,20,5,503,18,0.9729812794180601,1.0525054771764977,0.9589521344006805,1.055027621941136,92.48787500937495,True
base,20,5,503,19,0.9781805282666017,1.0541637516978966,0.9610751815293658,1.0565318025918946,88.99816434232949,True
base,20,5,503,20,0.9906297437223338,1.0534791954032405,0.9685733927201676,1.0553840272420354,76.72245092489024,True
base,20,5,503,21,0.9940601648973582,1.046667431052175,0.9755712067855602,1.0480624702388297,64.597987329669,True
base,20,5,503,22,0.9925884305858133,1.0390881962900116,0.9816728497207223,1.0400191892928614,53.70294194558009,True
base,20,5,503,23,0.9964789176578988,1.0358543803415161,0.9872722448122051,1.0358543803415161,43.92879474034849,True
base,30,1,754,0,0.9854220042242093,1.0423740524471239,0.9854220042242093,1.0423740524471239,39.77055869149402,True
base,30,1,754,1,0.9908303691545178,1.0483809585749517,0.9908303691545178,1.0483809585749517,35.68682851611865,True
base,30,1,754,2,0.9948261863070814,1.047004715397258,0.9943601532456038,1.047004715397258,32.36909929937245,True
base,30,1,754,3,0.9998141818052666,1.0467072295413746,0.9964703820124489,1.0467072295413746,28.442761628079694,True
base,30,1,754,4,0.9959456841290871,1.0425726919169367,0.9946338877207812,1.0425726919169367,30.129262252557442,True
base,30,1,754,5,0.9902106209328939,1.038583980885384,0.9902106209328939,1.038583980885384,33.75977890548084,True
base,30,1,754,6,0.985825581954386,1.0355898492149578,0.985825581954386,1.0355898492149578,36.77932896133854,True
base,30,1,754,7,0.9858593756159215,1.046419108649743,0.9845662916953037,1.046419108649743,45.666159987492414,True
base,30,1,754,8,0.9851936765756204,1.04938221983888,0.9786194787854027,1.04938221983888,54.95539669105551,True
base,30,1,754,9,0.9952846784016649,1.0437381418519038,0.983045294747939,1.0437381418519038,47.21978422515056,True
base,30,1,754,10,0.9959201648220168,1.040046430614581,0.9866938043252458,1.040046430614581,41.449127303303655,True
base,30,1,754,11,0.9968488681935892,1.041524537553756,0.9872300618970407,1.041524537553756,40.66265897733384,True
base,30,1,754,12,0.9919207154556552,1.038559537642415,0.9880097948620671,1.038559537642415,40.072792821778116,True
base,30,1,754,13,0.9928423538067238,1.0393688615442165,0.9885419354676682,1.0393688615442165,39.29835460080628,True
base,30,1,754,14,0.9937621370851232,1.040174950174169,0.9890728153582699,1.040174950174169,38.527413430238745,True
base,30,1,754,15,0.9839490390179944,1.0409408354754366,0.9809173860445647,1.0409408354754366,51.75923740546231,True
base,30,1,754,16,0.9797705488271992,1.049292182572055,0.9717136698233556,1.049292182572055,68.27667602687947,True
base,30,1,754,17,0.9718506596939644,1.0575509932760356,0.9560911858492801,1.059878561694951,96.30395416609568,True
base,30,1,754,18,0.9697174641950896,1.0577597219193233,0.9555872766188515,1.05996198964342,100.69117824303704,True
base,30,1,754,19,0.9756182155934721,1.0594776891284445,0.9579861720579388,1.0615486303748918,96.76676593577638,True
base,30,1,754,20,0.9901440401962822,1.058981462465574,0.9662953078295343,1.060655872496853,83.17216790576406,True
base,30,1,754,21,0.9902805146525855,1.0463070554791831,0.9739174279597703,1.0475176690367258,69.59484538856455,True
base,30,1,754,22,0.9943697324958686,1.0388397383208927,0.9805485948971986,1.0396375103437838,57.50507331303798,True
base,30,1,754,23,0.9949050479269983,1.0382263818127944,0.9866052428098998,1.0382263818127944,46.94426026123458,True
base,30,2,754,0,0.9851308269813603,1.0420565718778017,0.9851308269813603,1.0420565718778017,39.767660137553094,True
base,30,2,754,1,0.990587536258087,1.047829550775436,0.990587536258087,1.047829550775436,35.68478689521975,True
base,30,2,754,2,0.994621289351162,1.0465564521459119,0.9943393278439006,1.0465564521459119,32.36975378963415,True
base,30,2,754,3,0.9996677647338837,1.0463784199737316,0.9964569358459284,1.0463784199737316,28.442049438261467,True
base,30,2,754,4,0.9958481735648085,1.0424757474825836,0.9946249489920537,1.0424757474825836,30.128672940601106,True
base,30,2,754,5,0.9901133649404064,1.0384840835719436,0.9901133649404064,1.0384840835719436,33.759001272232254,True
base,30,2,754,6,0.9857285589351781,1.0353696676765076,0.9857285589351781,1.0353696676765076,36.77838646465273,True
base,30,2,754,7,0.9857638373510033,1.0463102749552498,0.9845580441807444,1.0463102749552498,45.66482650903101,True
base,30,2,754,8,0.9850898313349332,1.0491637024727785,0.9786115643730501,1.0491637024727785,54.95366214398732,True
base,30,2,754,9,0.9952373942996858,1.0436845610040648,0.9830411422912494,1.0436845610040648,47.21910476132322,True
base,30,2,754,10,0.9958695262622841,1.0399380233178703,0.9866895322281004,1.0399380233178703,41.4485627578358,True
base,30,2,754,11,0.9967982312847928,1.041416169740555,0.9872257780204656,1.041416169740555,40.66210996956467,True
base,30,2,754,12,0.9918189084462624,1.0384566498255057,0.9880012426067953,1.0384566498255057,40.071715696080645,True
base,30,2,754,13,0.992740601444318,1.0392665305889268,0.9885333765084889,1.0392665305889268,39.29732264514698,True
base,30,2,754,14,0.9936603665986141,1.0400732155173764,0.9890642214003545,1.0400732155173764,38.52641866399924,True
base,30,2,754,15,0.9838068032176702,1.040772973902412,0.9809054117494561,1.040772973902412,51.75685115338194,True
base,30,2,754,16,0.9794616914506228,1.0486358584821878,0.9716911610418751,1.0486358584821878,68.27028249505406,True
base,30,2,754,17,0.9709903917195514,1.0575430887224746,0.9560500510054484,1.0598661008213819,96.25453499126883,True
base,30,2,754,18,0.9685383146867524,1.0576559752242947,0.9555229786952063,1.0598729458026355,100.63571821994475,True
base,30,2,754,19,0.9748963910290993,1.0592242497690405,0.9580033435108932,1.0613415340175414,96.76467019659925,True
base,30,2,754,20,0.9893432360325041,1.058786598310809,0.966244046189404,1.060503903112591,83.14666847332394,True
base,30,2,754,21,0.989616522236768,1.0461707562867157,0.9738720394128907,1.0474125850546805,69.5800589978006,True
base,30,2,754,22,0.9939007070885469,1.0387533139634066,0.9805110755744338,1.0395715838821407,57.49620242218233,True
base,30,2,754,23,0.9945032078124991,1.0373610703160165,0.9865738810193784,1.0373610703160165,46.93933032315388,True
base,30,3,754,0,0.9854787534924326,1.0416501885611635,0.9854787534924326,1.0416501885611635,39.76686925575034,True
base,30,3,754,1,0.9908713022929828,1.0483030823367083,0.9908713022929828,1.0483030823367083,35.68448614795557,True
base,30,3,754,2,0.9948445313652485,1.0469284360130062,0.9943630465857071,1.0469284360130062,32.369624547447465,True
base,30,3,754,3,0.9998319224458884,1.0466515614148328,0.9964730668128912,1.0466515614148328,28.4420594680733,True
base,30,3,754,4,0.9959585321743861,1.0423406719676076,0.9946361917437161,1.0423406719676076,30.12861790623603,True
base,30,3,754,5,0.9902256843167049,1.0383485874377865,0.9902256843167049,1.0383485874377865,33.75885154934785,True
base,30,3,754,6,0.9858425094255374,1.035559632925378,0.9858425094255374,1.035559632925378,36.778182069003975,True
base,30,3,754,7,0.9858810288670407,1.0461756979948396,0.9845733741538462,1.0461756979948396,45.66445652453701,True
base,30,3,754,8,0.985207534578761,1.0493655921061664,0.9786292022759701,1.0493655921061664,54.953103024621235,True
base,30,3,754,9,0.9952955426842204,1.0436185921028587,0.9830488545667068,1.0436185921028587,47.21889874613517,True
base,30,3,754,10,0.9959185137662959,1.040032667830311,0.9866965240692926,1.040032667830311,41.448408772914625,True
base,30,3,754,11,0.9968470265959483,1.0415104723091524,0.9872326605571106,1.0415104723091524,40.66196610385809,True
base,30,3,754,12,0.9919169550828717,1.0383231938299755,0.9880150287683054,1.0383231938299755,40.07144851546282,True
base,30,3,754,13,0.9928382160089781,1.0391332187487907,0.988546927515701,1.0391332187487907,39.297058858172,True
base,30,3,754,14,0.9937576172242356,1.039939987158726,0.9890775638962251,1.039939987158726,38.52617320732387,True
base,30,3,754,15,0.9839865032822563,1.040572203346937,0.9809307806588132,1.040572203346937,51.756086486691146,True
base,30,3,754,16,0.9798410684936072,1.0492743085610716,0.9717558722994141,1.0492743085610716,68.26729545722152,True
base,30,3,754,17,0.9720277429016708,1.057469518124005,0.9562517763117717,1.0598994759576705,96.26366086522881,True
base,30,3,754,18,0.9700757390582144,1.057557688366776,0.9558398299774944,1.0599230372070376,100.6340535710106,True
base,30,3,754,19,0.9760443287788426,1.0591289291715495,0.958212381809899,1.0613823115368215,96.71632427407543,True
base,30,3,754,20,0.9902840618217185,1.0589026608594545,0.9664449246056155,1.0606898144452577,83.13451529245778,True
base,30,3,754,21,0.9904363470033979,1.0461089440809916,0.9740130648074385,1.0474372065639288,69.57472321412973,True
base,30,3,754,22,0.9944548867688843,1.0392661925300202,0.9806012748259663,1.0397391350122627,57.49192068733,True
base,30,3,754,23,0.9949070580341834,1.0381392424716478,0.9866367002384906,1.0381392424716478,46.93757990970701,True
base,30,4,754,0,0.9859773825589716,1.0415702674617382,0.9859773825589716,1.0415702674617382,39.766938684731215,True
base,30,4,754,1,0.9912845101352377,1.0482230212638408,0.9912845101352377,1.0482230212638408,35.68454268819976,True
base,30,4,754,2,0.995184062816725,1.0468737756628945,0.9944318836459206,1.0468737756628945,32.36766789810511,True
base,30,4,754,3,1.0000776485762544,1.0466049670616346,0.9965220782895123,1.0466049670616346,28.442062012417505,True
base,30,4,754,4,0.9961229401993638,1.0423172700908392,0.9946689337998639,1.0423172700908392,30.128637452623174,True
base,30,4,754,5,0.9903910336141484,1.0383239719824895,0.9903910336141484,1.0383239719824895,33.758885680804575,True
base,30,4,754,6,0.9860085311834967,1.0355275133579114,0.9860085311834967,1.0355275133579114,36.778228616773816,True
base,30,4,754,7,0.9860477347368201,1.0461473201205451,0.9846064327914668,1.0461473201205451,45.664524115687165,True
base,30,4,754,8,0.9851715080572906,1.0493338965330818,0.978662440980803,1.0493338965330818,54.95316986258126,True
base,30,4,754,9,0.9953785477626601,1.0436042208983,0.9830654297217778,1.0436042208983,47.218933514009564,True
base,30,4,754,10,0.9959315309216358,1.0400173763956697,0.9867130306045524,1.0400173763956697,41.448438996815355,True
base,30,4,754,11,0.9968600322004126,1.0414952248685476,0.9872491549808254,1.0414952248685476,40.66199932138103,True
base,30,4,754,12,0.9919426047169521,1.0382966944170295,0.988047983129268,1.0382966944170295,40.07149823533735,True
base,30,4,754,13,0.9928639173034861,1.0391068965073715,0.9885798897601809,1.0391068965073715,39.29712032700877,True
base,30,4,754,14,0.9937833025350332,1.039913908711961,0.9891105069164107,1.039913908711961,38.52623259397794,True
base,30,4,754,15,0.9842377318891273,1.0405266251379697,0.9809806229831347,1.0405266251379697,51.75618094399775,True
base,30,4,754,16,0.9797297489470901,1.0491753496387226,0.971855611394878,1.0491753496387226,68.26796549362345,True
base,30,4,754,17,0.9717957237856016,1.0570938588775205,0.9565011730045526,1.05960344708819,96.2578077596291,True
base,30,4,754,18,0.9697209046917123,1.0570126786209393,0.9561897190149359,1.0594926315506128,100.62972003741665,True
base,30,4,754,19,0.9756889792765991,1.0586207698986974,0.9585331995464149,1.0609795346508875,96.71768389103774,True
base,30,4,754,20,0.983606836645184,1.0523284466167808,0.9666916358754741,1.0542117524643497,82.90727516712074,True
base,30,4,754,21,0.9902093478059882,1.0457952567449393,0.9742317068826714,1.0471914879171373,69.57394154186977,True
base,30,4,754,22,0.994480649828194,1.039103339264032,0.9807678849258393,1.039558242533145,57.4921058965501,True
base,30,4,754,23,0.995011253224341,1.038013520502899,0.9867689151494285,1.038013520502899,46.9377408348647,True
base,30,5,754,0,0.9855966021298147,1.04825384249545,0.9855966021298147,1.04825384249545,39.76517206072018,True
base,30,5,754,1,0.9910013345439482,1.04829238207279,0.9910013345439482,1.04829238207279,35.66947783554759,True
base,30,5,754,2,0.9949628773070027,1.0469192227801998,0.9943867744817843,1.0469192227801998,32.36578126091909,True
base,30,5,754,3,0.9999085628345881,1.0466327271009324,0.9964860528035002,1.0466327271009324,28.441087092607894,True
base,30,5,754,4,0.9960107919270704,1.0422247087089702,0.99464543856222,1.0422247087089702,30.127720317028427,True
base,30,5,754,5,0.9902803127846805,1.038230827312546,0.9902803127846805,1.038230827312546,33.757579003169965,True
base,30,5,754,6,0.9858990713438985,1.035553173067966,0.9858990713438985,1.035553173067966,36.77663105950302,True
base,30,5,754,7,0.98594243339483,1.046052557495405,0.9845877288165459,1.046052557495405,45.662197690675804,True
base,30,5,754,8,0.9852015933959875,1.0493721111784329,0.9786464332917139,1.0493721111784329,54.95009070668168,True
base,30,5,754,9,0.9953262245752094,1.0435584722665812,0.983056101405811,1.0435584722665812,47.217705760851786,True
base,30,5,754,10,0.9959389523807238,1.0400306515808742,0.9867028769088058,1.0400306515808742,41.44743090744876,True
base,30,5,754,11,0.9968672679073858,1.0415082059799432,0.9872388852862451,1.0415082059799432,40.66102691692048,True
base,30,5,754,12,0.9919573808312754,1.0382048794939893,0.9880274187453787,1.0382048794939893,40.069626502339695,True
base,30,5,754,13,0.9928783169008293,1.0390152045844103,0.9885590898992875,1.0390152045844103,39.29531935836066,True
base,30,5,754,14,0.9937973194296552,1.0398223324890048,0.9890894697506832,1.0398223324890048,38.524505602973385,True
base,30,5,754,15,0.984083734203298,1.040385755117455,0.9809552357034337,1.040385755117455,51.75195122028276,True
base,30,5,754,16,0.979849849837792,1.049323588847163,0.971821116707378,1.049323588847163,68.25536655130547,True
base,30,5,754,17,0.9721767066557339,1.0571500024420628,0.956486909043755,1.0597688232868472,96.19404481102168,True
base,30,5,754,18,0.9703305971794709,1.0570834100541149,0.9561894765918149,1.0597280268249754,100.5430156334261,True
base,30,5,754,19,0.9762694037047608,1.0586716250918078,0.9585163547159881,1.0612023895686122,96.65921427801223,True
base,30,5,754,20,0.9840008565722186,1.052370666496158,0.966636718111451,1.054398290602669,82.86808629923095,True
base,30,5,754,21,0.9905010419408705,1.045825963965242,0.9741757837762264,1.0473425546771638,69.53815483912592,True
base,30,5,754,22,0.9946374973234353,1.0386848080941675,0.9806925544159383,1.0396743017432148,57.47721795321431,True
base,30,5,754,23,0.9950831522482401,1.038139402881472,0.9866961548916099,1.038139402881472,46.92901548005101,True
base,40,1,1005,0,0.9839954303875745,1.0474663420346768,0.9839954303875745,1.0474663420346768,42.02464414646539,True
base,40,1,1005,1,0.9895373672981995,1.0466542691211886,0.9895373672981995,1.0466542691211886,37.536595192649806,True
base,40,1,1005,2,0.993741434624774,1.0475683890052803,0.993741434624774,1.0475683890052803,33.85103973652307,True
base,40,1,1005,3,0.9990687419725537,1.0457180768956469,0.9962849821187062,1.0457180768956469,29.536918416473025,True
base,40,1,1005,4,0.995444388604303,1.0419665108424006,0.9945077671024469,1.0419665108424006,30.86385174161428,True
base,40,1,1005,5,0.9896998567180938,1.0379687051364135,0.9896998567180938,1.0379687051364135,34.498675032174866,True
base,40,1,1005,6,0.9853068805542063,1.0349000847068317,0.9853068805542063,1.0349000847068317,37.520086174707416,True
base,40,1,1005,7,0.9853217712799902,1.0457797763681145,0.9844161511968098,1.0457797763681145,46.4093488870668,True
base,40,1,1005,8,0.9845027433218392,1.0486350557338298,0.9784555893169151,1.0486350557338298,55.700144252636676,True
base,40,1,1005,9,0.9952335004089985,1.049259902147651,0.9830908528907125,1.049259902147651,47.60320461444552,True
base,40,1,1005,10,0.9957234005586325,1.0397013075790433,0.9866227291474238,1.0397013075790433,41.819443563837076,True
base,40,1,1005,11,0.9966529821691524,1.0411806669333443,0.987159604614286,1.0411806669333443,41.03290307640216,True
base,40,1,1005,12,0.9915281444388921,1.0379380366695594,0.9878688119893836,1.0379380366695594,40.81432321790256,True
base,40,1,1005,13,0.99245150468553,1.0387493053345511,0.9884021590856826,1.0387493053345511,40.03965321785177,True
base,40,1,1005,14,0.9933729777344587,1.0395572320825757,0.9889342367744933,1.0395572320825757,39.268458529639894,True
base,40,1,1005,15,0.9831208539658277,1.03996883157169,0.9806778557516068,1.03996883157169,52.87736995800423,True
base,40,1,1005,16,0.9775609627146915,1.0468878048225643,0.9711443749661474,1.0468878048225643,70.54473740868639,True
base,40,1,1005,17,0.972385755501831,1.0619918260084282,0.9544110548778952,1.0645769870415362,102.01851113268361,True
base,40,1,1005,18,0.9675539543067806,1.0614068448529472,0.9530579191546917,1.0639872044539054,108.84325200907563,True
base,40,1,1005,19,0.9743214264683805,1.0633088002862625,0.9557490052937819,1.0657434179130505,104.52654524645504,True
base,40,1,1005,20,0.9837735251296441,1.0574073092435055,0.9645539074059339,1.0593627035036808,89.35101355439318,True
base,40,1,1005,21,0.9918882463501635,1.0512490968823414,0.9727094315975261,1.052684896873574,74.72270700585402,True
base,40,1,1005,22,0.9914257892042921,1.0381186058038927,0.9798060098941715,1.0390684855998615,61.291751225920045,True
base,40,1,1005,23,0.9932663014055603,1.035380408267501,0.9859894177977967,1.035380408267501,49.93796250829327,True
base,40,2,1005,0,0.9846926730999352,1.0471466567252954,0.9846926730999352,1.0471466567252954,42.012430075796324,True
base,40,2,1005,1,0.9903071299182108,1.0476094337623534,0.9903071299182108,1.0476094337623534,37.53752760959079,True
base,40,2,1005,2,0.9943524106505324,1.047360633191552,0.9941762946136244,1.047360633191552,33.8514021038945,True
base,40,2,1005,3,0.9995213581740864,1.0462758890139654,0.9963447312929524,1.0462758890139654,29.537163186788728,True
base,40,2,1005,4,0.9957475293822939,1.0418620637702318,0.9945482049144101,1.0418620637702318,30.864013006211955,True
base,40,2,1005,5,0.9900061376999438,1.0378660244214968,0.9900061376999438,1.0378660244214968,34.49884935438342,True
base,40,2,1005,6,0.9856157423743206,1.0352819064556018,0.9856157423743206,1.0352819064556018,37.52028442308106,True
base,40,2,1005,7,0.985634917995828,1.0456829696163898,0.9844621011568061,1.0456829696163898,46.40953057918749,True
base,40,2,1005,8,0.9848196293204138,1.049032258024615,0.978504603802454,1.049032258024615,55.70031158775085,True
base,40,2,1005,9,0.9953887885109337,1.0494525876883878,0.9831138549538095,1.0494525876883878,47.60329185553969,True
base,40,2,1005,10,0.9957929165821479,1.0398904030407645,0.9866447406806644,1.0398904030407645,41.819538919195054,True
base,40,2,1005,11,0.9967222780106247,1.041369381328488,0.9871814772708198,1.041369381328488,41.032995196640016,True
base,40,2,1005,12,0.9916672238682102,1.0378400289402585,0.9879126150721234,1.0378400289402585,40.81450102260996,True
base,40,2,1005,13,0.9925901424208317,1.0386509101728456,0.988445681902171,1.0386509101728456,40.03984023149357,True
base,40,2,1005,14,0.9935111794559396,1.0394584907504103,0.9889774813288389,1.0394584907504103,39.26864660975189,True
base,40,2,1005,15,0.9835964668025229,1.0398293546665465,0.9807500602843258,1.0398293546665465,52.877631881566984,True
base,40,2,1005,16,0.9785597911643009,1.048140154124295,0.9713153858709098,1.048140154124295,70.54043029536699,True
base,40,2,1005,17,0.9686343397170784,1.055855001122719,0.9549451022998019,1.0585836673875488,101.78628753780656,True
base,40,2,1005,18,0.9710792141091797,1.0612593598948232,0.9537693184203438,1.0640605988748033,108.84690858959472,True
base,40,2,1005,19,0.9774970006399549,1.0629935963514006,0.9563436333935631,1.0656661674424728,104.47266491462612,True
base,40,2,1005,20,0.9865332421945774,1.0571239993755892,0.965071081647557,1.059278332866148,89.33445361031184,True
base,40,2,1005,21,0.9878031265182113,1.0449555143996851,0.9731272492103761,1.046541011127953,74.5694314079025,True
base,40,2,1005,22,0.9930168761956306,1.0394464576523987,0.9800585376195659,1.0394464576523987,61.29222773778506,True
base,40,2,1005,23,0.9938381674260365,1.036916770514648,0.9861750505563184,1.036916770514648,49.93923922422391,True
base,40,3,1005,0,0.9846422778455016,1.0468293737982506,0.9846422778455016,1.0468293737982506,42.00878782276368,True
base,40,3,1005,1,0.9902597578972623,1.0476434814537694,0.9902597578972623,1.0476434814537694,37.535260821423805,True
base,40,3,1005,2,0.9943113602842445,1.0471605005212652,0.9941945386767439,1.0471605005212652,33.849992656854155,True
base,40,3,1005,3,0.999487865930425,1.046286633895148,0.9963567663495849,1.046286633895148,29.536447653591836,True
base,40,3,1005,4,0.9957257634909505,1.0417641436508913,0.9945565915134902,1.0417641436508913,30.86338799181609,True
base,40,3,1005,5,0.9899858576687295,1.0377658383711668,0.9899858576687295,1.0377658383711668,34.497978226031464,True
base,40,3,1005,6,0.9855967760405565,1.035295656552979,0.9855967760405565,1.035295656552979,37.51922139690816,True
base,40,3,1005,7,0.9856196914758123,1.045687165431273,0.984474190321541,1.045687165431273,46.40799667733117,True
base,40,3,1005,8,0.984898355527286,1.0490588078276426,0.9785187569724351,1.0490588078276426,55.698278051046294,True
base,40,3,1005,9,0.9953813892190936,1.0494624008154,0.9831199024124213,1.0494624008154,47.602489186659234,True
base,40,3,1005,10,0.9958111033829712,1.0398980622906135,0.9866501257928062,1.0398980622906135,41.81888560061298,True
base,40,3,1005,11,0.9967403027436216,1.0413767663892484,0.9871867682714456,1.0413767663892484,41.03236541627926,True
base,40,3,1005,12,0.991703400036775,1.0377387522733583,0.9879232707784092,1.0377387522733583,40.81327505524564,True
base,40,3,1005,13,0.9926259959035306,1.038550104359078,0.9884561499213477,1.038550104359078,40.03865582125898,True
base,40,3,1005,14,0.993546705269982,1.0393581416007396,0.9889877595983146,1.0393581416007396,39.267509993150135,True
base,40,3,1005,15,0.9835776356659288,1.0396680280880162,0.9807704390304393,1.0396680280880162,52.874812332455186,True
base,40,3,1005,16,0.9788241363223973,1.0482516216195938,0.9713687713573552,1.0482516216195938,70.53212592598294,True
base,40,3,1005,17,0.969392791886949,1.0558830040168852,0.9551251351344591,1.0586537557178624,101.75460130220256,True
base,40,3,1005,18,0.9722071042757844,1.061288218299875,0.9540456820884609,1.0641524301830598,108.7968587430102,True
base,40,3,1005,19,0.978533162914988,1.0630318929403517,0.9565928032482149,1.065761403701506,104.42635574535707,True
base,40,3,1005,20,0.9873245392971011,1.0571754435240224,0.9652491310612318,1.0593730617106296,89.30294839948301,True
base,40,3,1005,21,0.98805950442959,1.044986683157539,0.9731408141682475,1.0466155950343061,74.53868895218747,True
base,40,3,1005,22,0.993236293827803,1.039591675131257,0.9801364198133204,1.039591675131257,61.28098439540133,True
base,40,3,1005,23,0.993996866713199,1.036998859158513,0.9862263808767994,1.036998859158513,49.93305667246834,True
base,40,4,1005,0,0.9839147637631286,1.048103878012601,0.9839147637631286,1.048103878012601,42.030298387449776,True
base,40,4,1005,1,0.9894804843002484,1.0462631939560147,0.9894804843002484,1.0462631939560147,37.54017803480377,True
base,40,4,1005,2,0.9937605073264489,1.0453421245821473,0.9937605073264489,1.0453421245821473,33.84589270441413,True
base,40,4,1005,3,0.9990450329880588,1.0455026717112255,0.9962364546504392,1.0455026717112255,29.53802015842612,True
base,40,4,1005,4,0.9954276381842255,1.042168842453808,0.9944747055887204,1.042168842453808,30.864820012286607,True
base,40,4,1005,5,0.9896799796084703,1.0381734102444027,0.9896799796084703,1.0381734102444027,34.50009857843653,True
base,40,4,1005,6,0.9852843045330381,1.0347942435383584,0.9852843045330381,1.0347942435383584,37.52185161179431,True
base,40,4,1005,7,0.9852914601318592,1.0459906415032956,0.984374927397377,1.0459906415032956,46.4119766651049,True
base,40,4,1005,8,0.9843515376272662,1.0484543454346862,0.9784097179104077,1.0484543454346862,55.703694362968264,True
base,40,4,1005,9,0.9952179408176811,1.0491765505743837,0.9830701798463798,1.0491765505743837,47.60459207917027,True
base,40,4,1005,10,0.9956863706525433,1.0396224620932184,0.9866035312313091,1.0396224620932184,41.82055905046055,True
base,40,4,1005,11,0.9966162652074622,1.0411023508969919,0.987140611509909,1.0411023508969919,41.033974285625476,True
base,40,4,1005,12,0.9914545720400179,1.038142872827858,0.9878307056701161,1.038142872827858,40.81640313742496,True
base,40,4,1005,13,0.9923785511423063,1.038953652802802,0.9883644595790654,1.038953652802802,40.04165072463625,True
base,40,4,1005,14,0.9933006517814683,1.0397610999637952,0.9888969472644503,1.0397610999637952,39.27036776273444,True
base,40,4,1005,15,0.9830670179312645,1.040287316001236,0.9806110468021446,1.040287316001236,52.882272150030104,True
base,40,4,1005,16,0.9770697240827765,1.0463005610292437,0.9709872835131007,1.0463005610292437,70.55697155418063,True
base,40,4,1005,17,0.9709288193864564,1.0623167221554586,0.9539078634942116,1.0646408309875959,102.0819000764016,True
base,40,4,1005,18,0.9653400617873189,1.0618949159983062,0.9522827033929476,1.064093926970016,108.93666742203655,True
base,40,4,1005,19,0.9722904002425629,1.0637552340799696,0.9550419874865183,1.0658327836715673,104.61790169522357,True
base,40,4,1005,20,0.9823685796932822,1.057587153768299,0.9640366024223456,1.0592769165053764,89.40883775464249,True
base,40,4,1005,21,0.9907679510742857,1.0515253848692288,0.9723439584953872,1.0527211992667052,74.75521593217708,True
base,40,4,1005,22,0.9906390012884543,1.0383304844354286,0.9795599549289352,1.039086133944099,61.310293027183086,True
base,40,4,1005,23,0.9929414591909901,1.0347051397817533,0.9858167841563197,1.0347051397817533,49.94844355582898,True
base,40,5,1005,0,0.9842109447900531,1.0414635267739119,0.9842109447900531,1.0414635267739119,42.00840797811174,True
base,40,5,1005,1,0.9898687344571845,1.0469125121440952,0.9898687344571845,1.0469125121440952,37.53652507796809,True
base,40,5,1005,2,0.9940682256573777,1.0458549354919475,0.9940682256573777,1.0458549354919475,33.843580138755,True
base,40,5,1005,3,0.9992716805736509,1.0458788565558825,0.9962917757679323,1.0458788565558825,29.53695644238272,True
base,40,5,1005,4,0.9955795725605481,1.042279219492313,0.9945121266590389,1.042279219492313,30.863811754261725,True
base,40,5,1005,5,0.9898340929108346,1.0382861667832557,0.9898340929108346,1.0382861667832557,34.498624716195856,True
base,40,5,1005,6,0.9854403411591202,1.035004072702269,0.9854403411591202,1.035004072702269,37.520036989490734,True
base,40,5,1005,7,0.9854516263606176,1.0461090501662453,0.9844177434891175,1.0461090501662453,46.409309287199136,True
base,40,5,1005,8,0.9845603793280749,1.0487305392823236,0.9784556442954943,1.0487305392823236,55.70015640697535,True
base,40,5,1005,9,0.9952976716793284,1.0493091666579921,0.9830916540998791,1.0493091666579921,47.60320017451311,True
base,40,5,1005,10,0.9957484036843182,1.0397516260454926,0.9866240217303596,1.0397516260454926,41.81942806808486,True
base,40,5,1005,11,0.9966780808507891,1.0412311509311443,0.987160962422555,1.0412311509311443,41.03288365362515,True
base,40,5,1005,12,0.991578545993306,1.0382580343401016,0.9878714499217104,1.0382580343401016,40.81427705015709,True
base,40,5,1005,13,0.9925021070370195,1.0390683090447617,0.9884049322602233,1.0390683090447617,40.03961524071032,True
base,40,5,1005,14,0.9934237983484221,1.0398752787030097,0.9889371514159601,1.0398752787030097,39.26841999189184,True
base,40,5,1005,15,0.9833124018474345,1.040469216298847,0.980678522254327,1.040469216298847,52.8773679499449,True
base,40,5,1005,16,0.9777374389327612,1.0471814164472073,0.9711462387340535,1.0471814164472073,70.54209173613728,True
base,40,5,1005,17,0.9726371054199957,1.062453658137154,0.9543535551107476,1.064881199126565,102.02911878286181,True
base,40,5,1005,18,0.9679134332937176,1.0621006438324763,0.9529747934621177,1.0644509286756076,108.84364156417296,True
base,40,5,1005,19,0.9746423993172076,1.06394640877697,0.9556613991235101,1.0661647383018857,104.54211605622464,True
base,40,5,1005,20,0.9842345941124307,1.05772008845642,0.9645037176624854,1.0595327717002974,89.36078421567498,True
base,40,5,1005,21,0.9923897459788259,1.0514087442379336,0.9726954651392076,1.0527601930256,74.73583127989151,True
base,40,5,1005,22,0.9917026861014977,1.0389421694914485,0.9797995859330538,1.0392192879999744,61.29195276816981,True
base,40,5,1005,23,0.9934566671047956,1.035769874975445,0.9859924479297644,1.035769874975445,49.93788079839498,True
base,50,1,1256,0,0.9820923196358253,1.047275038076971,0.9820923196358253,1.047275038076971,44.25514082253231,True
base,50,1,1256,1,0.9881856694110773,1.0446721759898518,0.9881856694110773,1.0446721759898518,39.3965762341624,True
base,50,1,1256,2,0.9927021424427561,1.0474576239047786,0.9927021424427561,1.0474576239047786,35.327939681076295,True
base,50,1,1256,3,0.9983165879134809,1.044615412611747,0.9960464282230521,1.044615412611747,30.63374298702259,True
base,50,1,1256,4,0.994938163020551,1.0419123748882317,0.9943459482299517,1.0419123748882317,31.59996007891634,True
base,50,1,1256,5,0.9891807281667809,1.037912757004169,0.9891807281667809,1.037912757004169,35.23963678128415,True
base,50,1,1256,6,0.984774283999934,1.0345315623756401,0.984774283999934,1.0345315623756401,38.26323263907071,True
base,50,1,1256,7,0.9847588688695547,1.0457199882063664,0.9842191454448952,1.0457199882063664,47.156056265920064,True
base,50,1,1256,8,0.9837064275323003,1.0477604315410365,0.9782385709447018,1.0477604315410365,56.449617844756425,True
base,50,1,1256,9,0.9949530276741607,1.0488499553562045,0.9829923735286938,1.0488499553562045,47.975628692430426,True
base,50,1,1256,10,0.9955190528606701,1.03930877897692,0.9865306236472003,1.03930877897692,42.191066649806615,True
base,50,1,1256,11,0.9964499048271874,1.0407900880195566,0.9870683773124039,1.0407900880195566,41.40441210978124,True
base,50,1,1256,12,0.99112018003418,1.0378795519718738,0.9876852572279856,1.0378795519718738,41.55866003168399,True
base,50,1,1256,13,0.9920461202764292,1.0386911038357998,0.9882203729754506,1.0386911038357998,40.78365655625537,True
base,50,1,1256,14,0.9929701618955531,1.0394992455632084,0.9887542190739113,1.0394992455632084,40.01209223054571,True
base,50,1,1256,15,0.9821103645318425,1.0398754066628804,0.9803599224076228,1.0398754066628804,54.002742143615215,True
base,50,1,1256,16,0.9811683825486744,1.0444914151839526,0.9703168493002733,1.0448925390254233,73.00502426975291,True
base,50,1,1256,17,0.9653502096406277,1.0610109485261001,0.9520735286398635,1.0635402090117967,107.66087338335757,True
base,50,1,1256,18,0.9631709993464064,1.0659995824146704,0.9494296514598919,1.0684722923663463,117.29295174159971,True
base,50,1,1256,19,0.9707386701247182,1.0677958885925611,0.9524166720665834,1.0701775411126822,112.46829358301757,True
base,50,1,1256,20,0.9825070063344086,1.0623212657180323,0.9621062010401018,1.0642330194333114,95.89213301654256,True
base,50,1,1256,21,0.9864232837563828,1.0504730074183422,0.9710501550086623,1.0518753888102785,79.7918084414246,True
base,50,1,1256,22,0.991795833224284,1.0436738119011832,0.9785709916908272,1.0446104735578117,65.23679917431492,True
base,50,1,1256,23,0.9914610787072932,1.0390195504335364,0.9852310979505363,1.0390195504335364,53.077357449970094,True
base,50,2,1256,0,0.9823739803967888,1.0472675832890432,0.9823739803967888,1.0472675832890432,44.25560522540486,True
base,50,2,1256,1,0.9884153260505683,1.0452603476172504,0.9884153260505683,1.0452603476172504,39.39691403908544,True
base,50,2,1256,2,0.9928826152036235,1.0474470304048737,0.9928826152036235,1.0474470304048737,35.328121721231476,True
base,50,2,1256,3,0.9984491857647114,1.0449552762991505,0.9960485718576149,1.0449552762991505,30.633826940589962,True
base,50,2,1256,4,0.995026982405289,1.0419058685314246,0.9943475871204148,1.0419058685314246,31.600037085886747,True
base,50,2,1256,5,0.989270242249131,1.0379079086542469,0.989270242249131,1.0379079086542469,35.2398927041462,True
base,50,2,1256,6,0.9848656414902768,1.034527619214086,0.9848656414902768,1.034527619214086,38.26338787480528,True
base,50,2,1256,7,0.9848500249422525,1.0457214110367226,0.9842221943523308,1.0457214110367226,47.156529138846075,True
base,50,2,1256,8,0.9838845960668043,1.0480040936433772,0.9782437193202106,1.0480040936433772,56.449918760573844,True
base,50,2,1256,9,0.9949989962481619,1.0489673694734392,0.9829942724649497,1.0489673694734392,47.97574766810324,True
base,50,2,1256,10,0.9955292744387112,1.0394238443007358,0.9865321153978288,1.0394238443007358,42.19116427023622,True
base,50,2,1256,11,0.9964600343914535,1.0409048852012635,0.9870698126110442,1.0409048852012635,41.40450650975234,True
base,50,2,1256,12,0.9911407843228363,1.0378768620684613,0.987688239610027,1.0378768620684613,41.558829296237164,True
base,50,2,1256,13,0.9920665286525715,1.0386881397196635,0.9882232377002523,1.0386881397196635,40.78382524845607,True
base,50,2,1256,14,0.9929903765749059,1.0394960422615576,0.9887569661622531,1.0394960422615576,40.01225523345696,True
base,50,2,1256,15,0.9823773773907264,1.0398776439862425,0.9803672332085751,1.0398776439862425,54.00312232462792,True
base,50,2,1256,16,0.9817015709569304,1.0452198346447814,0.9703334185287615,1.0452198346447814,73.0099969616498,True
base,50,2,1256,17,0.9667883473238075,1.0612668117628212,0.9521714599808587,1.0637287281828367,107.65950472924372,True
base,50,2,1256,18,0.9654227954930584,1.06636231605716,0.9496237002600104,1.0687607440117053,117.29855765583972,True
base,50,2,1256,19,0.9727563758385552,1.0681386771164079,0.9525555698010115,1.070444972066048,112.48727441349675,True
base,50,2,1256,20,0.9841589703532152,1.0625734585614468,0.9622142314401387,1.0644305113199877,95.89923318690184,True
base,50,2,1256,21,0.9876553088122486,1.0506695694306922,0.9711092815763602,1.0520157395641268,79.79568015427472,True
base,50,2,1256,22,0.9919450809924619,1.0437911686948387,0.9786088590028567,1.044703679288583,65.24660153007223,True
base,50,2,1256,23,0.991361547394264,1.0362688719103526,0.985125571683808,1.0367421793224973,53.0747285136668,True
base,50,3,1256,0,0.982387148794228,1.0480347679359183,0.982387148794228,1.0480347679359183,44.253855445434034,True
base,50,3,1256,1,0.9884445946483071,1.0450828558237388,0.9884445946483071,1.0450828558237388,39.393764708440074,True
base,50,3,1256,2,0.9929587580955888,1.0444359647964039,0.9929587580955888,1.0444359647964039,35.320880895885935,True
base,50,3,1256,3,0.998466164775992,1.0448531895393223,0.9960788558729115,1.0448531895393223,30.633619372093083,True
base,50,3,1256,4,0.995038070824413,1.0421540455690623,0.9943676505767522,1.0421540455690623,31.59978794807264,True
base,50,3,1256,5,0.9892795716710003,1.0381580078944692,0.9892795716710003,1.0381580078944692,35.23954420595868,True
base,50,3,1256,6,0.9848735011532409,1.034779221330112,0.9848735011532409,1.034779221330112,38.262960988677925,True
base,50,3,1256,7,0.9848544714277194,1.0459753645863534,0.9842387549047098,1.0459753645863534,47.1559553017564,True
base,50,3,1256,8,0.9838914114617162,1.0479205221491257,0.9782583420849319,1.0479205221491257,56.44919106991539,True
base,50,3,1256,9,0.9950015600179591,1.0489290553997688,0.9830026440028338,1.0489290553997688,47.975456282785295,True
base,50,3,1256,10,0.9955480395624372,1.0393872435035125,0.9865411110842163,1.0393872435035125,42.19091210574128,True
base,50,3,1256,11,0.9964789358251873,1.0408685704103988,0.9870788951316217,1.0408685704103988,41.40426384200476,True
base,50,3,1256,12,0.9911782168429847,1.0381260784315705,0.9877061680945147,1.0381260784315705,41.558355889410244,True
base,50,3,1256,13,0.9921042344156876,1.038936967953818,0.988241342236257,1.038936967953818,40.783369392204136,True
base,50,3,1256,14,0.993028362836012,1.0397444805961766,0.9887752492136234,1.0397444805961766,40.01181621606108,True
base,50,3,1256,15,0.982385571762848,1.0402596818158514,0.9803897016789778,1.0402596818158514,54.00209534450822,True
base,50,3,1256,16,0.9817556559041082,1.0451025139884744,0.9703746127268985,1.0451025139884744,73.01481810877682,True
base,50,3,1256,17,0.9666055548972456,1.0616095278049036,0.9521792311157007,1.063931812411839,107.65685304591474,True
base,50,3,1256,18,0.9652026554502923,1.0666735806157683,0.9496011031615655,1.0689045263233727,117.3049917685655,True
base,50,3,1256,19,0.972466117187324,1.0685810705194791,0.9525510377366788,1.070704452469175,112.49536209028962,True
base,50,3,1256,20,0.9840117684659212,1.0629406756847715,0.9622488034474678,1.0646430592894829,95.9000760930401,True
base,50,3,1256,21,0.9876197757621655,1.0509670153532955,0.9711682264144861,1.0521855636040809,79.78413091614364,True
base,50,3,1256,22,0.9920848881849127,1.0440070198790379,0.9786687103842047,1.044822677155154,65.24332912993455,True
base,50,3,1256,23,0.9914927655537953,1.0364357291723814,0.9851853986033828,1.0368319881288623,53.07222483257565,True
base,50,4,1256,0,0.9834826655762032,1.0459791389061888,0.9834826655762032,1.0459791389061888,44.26372110913097,True
base,50,4,1256,1,0.9891352025411478,1.0464962349659566,0.9891352025411478,1.0464962349659566,39.39160473525697,True
base,50,4,1256,2,0.9934360656415168,1.046595839216707,0.9934360656415168,1.046595839216707,35.32656959997703,True
base,50,4,1256,3,0.9988538251632456,1.0456553201304764,0.9961892777068697,1.0456553201304764,30.633200304631806,True
base,50,4,1256,4,0.995298578295022,1.0414855003000243,0.9944423975029214,1.0414855003000243,31.599387149202467,True
base,50,4,1256,5,0.9895472880616393,1.0374841840374944,0.9895472880616393,1.0374841840374944,35.238855385083795,True
base,50,4,1256,6,0.985147211183798,1.0348389008261811,0.985147211183798,1.0348389008261811,38.26205350896504,True
base,50,4,1256,7,0.9851429199960744,1.0452904065227708,0.9843290062432591,1.0452904065227708,47.15439994576917,True
base,50,4,1256,8,0.9842208980497342,1.0494819114716658,0.9783558984438042,1.0494819114716658,56.44377780353811,True
base,50,4,1256,9,0.9951448789373668,1.049218048756504,0.983047628806008,1.049218048756504,47.97462502156719,True
base,50,4,1256,10,0.9956523662595181,1.0396670171704796,0.9865833110868739,1.0396670171704796,42.19029550336452,True
base,50,4,1256,11,0.9965826362366689,1.0411472199490335,0.9871207070929606,1.0411472199490335,41.40367471797385,True
base,50,4,1256,12,0.991386909839203,1.0374550521801158,0.9877904411289784,1.0374550521801158,41.557198316455,True
base,50,4,1256,13,0.9923116726184825,1.0382670130751401,0.9883248326975766,1.0382670130751401,40.782274068136715,True
base,50,4,1256,14,0.9932345305760786,1.0390756057992954,0.9888579515030665,1.0390756057992954,40.01078595987719,True
base,50,4,1256,15,0.9828363299106833,1.0392292730207315,0.9805351124131518,1.0392292730207315,53.99898670752697,True
base,50,4,1256,16,0.9770388159920005,1.0464615332448008,0.9707876108656285,1.0464615332448008,72.83338911989225,True
base,50,4,1256,17,0.9704154371780486,1.0606926583662777,0.9532237684019723,1.0635125661924554,107.5482414115187,True
base,50,4,1256,18,0.9710140317105679,1.0653064454886345,0.9512206884154002,1.068249861300453,117.14723204134509,True
base,50,4,1256,19,0.9778420062607893,1.0673457590642517,0.9540378830229503,1.0701325406388538,112.31817554854563,True
base,50,4,1256,20,0.988127779541976,1.0617658306786266,0.9632891691531223,1.0640521119030157,95.80898469168058,True
base,50,4,1256,21,0.9906074347593695,1.0500182797027615,0.9718704509676025,1.0517166189073646,79.73956663795587,True
base,50,4,1256,22,0.9905952099493063,1.037225608057566,0.9792550951147305,1.0383864763307984,65.10329185924797,True
base,50,4,1256,23,0.9925926252505329,1.0385817894873688,0.9856175298997121,1.0385817894873688,52.955893170474944,True
base,50,5,1256,0,0.9825516364796116,1.0472696819741576,0.9825516364796116,1.0472696819741576,44.25272042768482,True
base,50,5,1256,1,0.9885746636122115,1.0447082802194638,0.9885746636122115,1.0447082802194638,39.39305881894735,True
base,50,5,1256,2,0.9930003413059233,1.0474537461963116,0.9930003413059233,1.0474537461963116,35.327102245492306,True
base,50,5,1256,3,0.9985369325369793,1.0446259880269653,0.9960399031501599,1.0446259880269653,30.633307844082168,True
base,50,5,1256,4,0.9950854704711543,1.041910583175856,0.9943417099784198,1.041910583175856,31.59961426550274,True
base,50,5,1256,5,0.9893290336738004,1.0379115672102017,0.9893290336738004,1.0379115672102017,35.239315758128036,True
base,50,5,1256,6,0.9849246393624606,1.0345300631440164,0.9849246393624606,1.0345300631440164,38.26267157063262,True
base,50,5,1256,7,0.9849108117718659,1.0457193981828774,0.984217273046145,1.0457193981828774,47.155242846563134,True
base,50,5,1256,8,0.9837155156789249,1.0477752288866249,0.9782379881238739,1.0477752288866249,56.44855336586949,True
base,50,5,1256,9,0.9950279188391687,1.0488555472058585,0.9829913620097483,1.0488555472058585,47.97521832709049,True
base,50,5,1256,10,0.9955230344362003,1.0393134760905183,0.9865291934706912,1.0393134760905183,42.19073812427381,True
base,50,5,1256,11,0.9964538006906067,1.040794671363901,0.9870668899669932,1.040794671363901,41.4040904919482,True
base,50,5,1256,12,0.9911283514634027,1.0378788703632298,0.9876824604698642,1.0378788703632298,41.55801110747833,True
base,50,5,1256,13,0.9920541083030067,1.0386903903243545,0.9882174542069239,1.0386903903243545,40.78303109998842,True
base,50,5,1256,14,0.9929779699650725,1.0394985015361726,0.9887511792702414,1.0394985015361726,40.01149115352216,True
base,50,5,1256,15,0.9821236694737006,1.039875227227848,0.9803587406162789,1.039875227227848,54.00123777970312,True
base,50,5,1256,16,0.9812117359854071,1.0445537614946563,0.9703234411888584,1.0449546695383465,73.0004765710525,True
base,50,5,1256,17,0.9655374214980221,1.0611839990398613,0.9521323956894474,1.0637038400128798,107.64101064633313,True
base,50,5,1256,18,0.9635685820054704,1.066247417679249,0.9495712245709568,1.0687131006373842,117.2442736247825,True
base,50,5,1256,19,0.9710366145883121,1.0680394047024473,0.9525124822403864,1.0704078909520782,112.43413965080562,True
base,50,5,1256,20,0.9827194291166665,1.0625084329851373,0.9621691587812115,1.0644127754354278,95.86800354202462,True
base,50,5,1256,21,0.986559425300672,1.0506156216539144,0.9710830720349912,1.0520127822230203,79.77654674244779,True
base,50,5,1256,22,0.9918667893769734,1.0437793648778402,0.9785775272977671,1.04471113291388,65.23050179677578,True
base,50,5,1256,23,0.9915061057198794,1.0390769244239466,0.9852283789038687,1.0390769244239466,53.07368749272317,True
base,60,1,1508,0,0.9875645905415121,1.0455183375985784,0.9875645905415121,1.0455183375985784,46.629324208602775,True
base,60,1,1508,1,0.993616165896181,1.043919467873218,0.991559245604641,1.043919467873218,41.347807537696156,True
base,60,1,1508,2,0.9982918811070716,1.0463329307497804,0.9934669031145451,1.0463329307497804,36.89518733658991,True
base,60,1,1508,3,0.9976880466946241,1.0373882882482959,0.9957448562759531,1.0373882882482959,31.691869380888917,True
base,60,1,1508,4,0.9944607816438362,1.0346036610141363,0.9941038202635415,1.0346036610141363,32.29975884752084,True
base,60,1,1508,5,0.9888960492533538,1.037424137780544,0.9888960492533538,1.037424137780544,35.97809085702298,True
base,60,1,1508,6,0.984466220317066,1.0340451351966693,0.984466220317066,1.0340451351966693,39.00914667649515,True
base,60,1,1508,7,0.9844295624646456,1.045227730021969,0.9840819001107763,1.045227730021969,47.90542403104099,True
base,60,1,1508,8,0.983124911060096,1.0494128145278754,0.9780876105158028,1.0494128145278754,57.19803929258311,True
base,60,1,1508,9,0.9947900656113631,1.0486364352063604,0.9829244574361825,1.0486364352063604,48.34900538776577,True
base,60,1,1508,10,0.9953806509338244,1.0391054167636982,0.9864668317530806,1.0391054167636982,42.563792337335435,True
base,60,1,1508,11,0.9963122945149278,1.040587828278297,0.987005154384752,1.040587828278297,41.77704161842468,True
base,60,1,1508,12,0.997101583727079,1.0417305744481753,0.9876177141893855,1.0417305744481753,42.44749613185668,True
base,60,1,1508,13,0.9917707453228579,1.0382054988661027,0.9880939637225148,1.0382054988661027,41.53024277852772,True
base,60,1,1508,14,0.9926963300642886,1.0390170047683274,0.9886287802505205,1.0390170047683274,40.7583916667761,True
base,60,1,1508,15,0.9814390250672858,1.0391276289086,0.9801398408266672,1.0391276289086,55.131939801859204,True
base,60,1,1508,16,0.9798860106501311,1.0498924437233395,0.9698906536307761,1.0498924437233395,75.33026259069267,True
base,60,1,1508,17,0.9674085194845079,1.0656079954450333,0.9504219731104502,1.0684143530331067,113.53404733108178,True
base,60,1,1508,18,0.9566659818842654,1.0637826418859042,0.9468246117023181,1.066668837804714,125.4395230526664,True
base,60,1,1508,19,0.9648583526372347,1.065958215708301,0.950095146908759,1.068693462692115,120.1919420080939,True
base,60,1,1508,20,0.9847032095710881,1.0668061173983523,0.9604980878784822,1.0690723407844278,102.54797870588673,True
base,60,1,1508,21,0.9892765299442516,1.0553046541280195,0.9697609913892963,1.0570079846069322,85.0180973721987,True
base,60,1,1508,22,0.9914630815886997,1.0428220796059304,0.9778432907969261,1.0439887676655895,69.10779321375608,True
base,60,1,1508,23,0.9960222892894239,1.0380207973135416,0.9846291329314859,1.0380207973135416,56.12913948464836,True
base,60,2,1508,0,0.9874856736793776,1.0460719954114925,0.9874856736793776,1.0460719954114925,46.63491913235085,True
base,60,2,1508,1,0.993561892047716,1.0437740838743614,0.9916337212009058,1.0437740838743614,41.35157149540516,True
base,60,2,1508,2,0.9982562143369409,1.046696502084009,0.9935308646432677,1.046696502084009,36.89764947855426,True
base,60,2,1508,3,0.9976730855733205,1.0390890292336963,0.9957985290003277,1.0390890292336963,31.707631631064675,True
base,60,2,1508,4,0.9944535581804921,1.036115793619414,0.9941401963814258,1.036115793619414,32.31328403486404,True
base,60,2,1508,5,0.9888775959082573,1.0376084472677483,0.9888775959082573,1.0376084472677483,35.97930462294921,True
base,60,2,1508,6,0.9844463741656557,1.0342293845118968,0.9844463741656557,1.0342293845118968,39.010741118224324,True
base,60,2,1508,7,0.9844045825202423,1.0454113204568034,0.9841095749921033,1.0454113204568034,47.90764084516722,True
base,60,2,1508,8,0.9831227037679808,1.0495949707116603,0.9781117332320115,1.0495949707116603,57.200904203982056,True
base,60,2,1508,9,0.9947785550050727,1.0486061920333414,0.9829385401276501,1.0486061920333414,48.35013848988306,True
base,60,2,1508,10,0.9953999565960312,1.039077750966005,0.986482060810996,1.039077750966005,42.564725904465995,True
base,60,2,1508,11,0.9963318485064538,1.0405605858135212,0.9870205489646807,1.0405605858135212,41.777945997201634,True
base,60,2,1508,12,0.9971398977899701,1.0416749595010864,0.9876479971795423,1.0416749595010864,42.44928806980764,True
base,60,2,1508,13,0.9918092359291844,1.0383861339503144,0.9881244842658018,1.0383861339503144,41.531999255596716,True
base,60,2,1508,14,0.9927352851259235,1.0391975113563494,0.9886596189683537,1.0391975113563494,40.76009135944838,True
base,60,2,1508,15,0.9814365433010002,1.0394011937697434,0.9801767493704285,1.0394011937697434,55.13599687219074,True
base,60,2,1508,16,0.9798257911008839,1.0504322732496219,0.9699369572197708,1.0504322732496219,75.34311958250312,True
base,60,2,1508,17,0.9669875609107814,1.0655575001934345,0.9503975749483282,1.0682155144077865,113.58720032440569,True
base,60,2,1508,18,0.955881258357098,1.0637102387541388,0.9467094708964632,1.0663812565968567,125.52336412378915,True
base,60,2,1508,19,0.9641735585350789,1.06588929084413,0.9500124848264103,1.068421061273818,120.27078221531168,True
base,60,2,1508,20,0.9842924493343773,1.0667484652589383,0.9605027934921246,1.0688444401614285,102.60383770030101,True
base,60,2,1508,21,0.9890814239846787,1.0552677580672676,0.9698287746993567,1.0568317679028194,85.04740351946484,True
base,60,2,1508,22,0.9913854679868317,1.0427980702545518,0.977930914151717,1.043856484168869,69.12471431519151,True
base,60,2,1508,23,0.9958957692050582,1.038738582902594,0.9847225576305989,1.038738582902594,56.139040589291035,True
base,60,3,1508,0,0.9870991170185426,1.0472689700901374,0.9870991170185426,1.0472689700901374,46.6334082838441,True
base,60,3,1508,1,0.9932528232423897,1.0442690618853918,0.9914573583010281,1.0442690618853918,41.35050362948346,True
base,60,3,1508,2,0.9980161117633423,1.0474629906102908,0.9933934827076668,1.0474629906102908,36.89681674394534,True
base,60,3,1508,3,0.9974994764735473,1.0387692968079658,0.9956987256906898,1.0387692968079658,31.707016004484707,True
base,60,3,1508,4,0.9943368643060301,1.0359023514702232,0.9940733166417799,1.0359023514702232,32.31289798986239,True
base,60,3,1508,5,0.9887575395336666,1.0379932060475137,0.9887575395336666,1.0379932060475137,35.97893815160303,True
base,60,3,1508,6,0.9843237485056358,1.0346178932613885,0.9843237485056358,1.0346178932613885,39.010384128536025,True
base,60,3,1508,7,0.9842744879540786,1.0458096203095772,0.9840362975111902,1.0458096203095772,47.90734476937678,True
base,60,3,1508,8,0.9831338722678283,1.0470769635620385,0.978036352326631,1.0470769635620385,57.20374461596118,True
base,60,3,1508,9,0.9947313666318502,1.048542301230802,0.9829063375450499,1.048542301230802,48.357906049979405,True
base,60,3,1508,10,0.9953391740604881,1.0390098705878197,0.9864466615326045,1.0390098705878197,42.56457316978589,True
base,60,3,1508,11,0.996271317033002,1.0404930979716998,0.9869853044819444,1.0404930979716998,41.777792217089605,True
base,60,3,1508,12,0.9970135754448928,1.0415301240467894,0.9875745566223028,1.0415301240467894,42.45222084562285,True
base,60,3,1508,13,0.9916882757433747,1.0387724089595445,0.9880538979117302,1.0387724089595445,41.53166580069073,True
base,60,3,1508,14,0.9926148479627618,1.0395826699037383,0.9885893541724339,1.0395826699037383,40.75975821458094,True
base,60,3,1508,15,0.9816097010614849,1.0400488950972093,0.9801773075319575,1.0400488950972093,55.14863851431358,True
base,60,3,1508,16,0.9795387130539309,1.0487740162018586,0.9696813970997267,1.0487740162018586,75.34974210349596,True
base,60,3,1508,17,0.9658766378333008,1.0664259899725097,0.9496788925103968,1.0687554762064921,113.6133312731111,True
base,60,3,1508,18,0.9543179102214446,1.0651303998030355,0.9456780008072303,1.0672855321516423,125.59605130404718,True
base,60,3,1508,19,0.9627809379237249,1.0671614430113512,0.9490723070824559,1.0692218831307434,120.356989567451,True
base,60,3,1508,20,0.9831289957917627,1.0676815862460542,0.9597326014701489,1.0694157770645816,102.6437408696115,True
base,60,3,1508,21,0.9885278316809467,1.0561489955059766,0.9693662074331233,1.0573967051914672,85.07764889787153,True
base,60,3,1508,22,0.9907487781634345,1.043439096314162,0.9775209561278373,1.0442517204854413,69.12379876700872,True
base,60,3,1508,23,0.9954172788752393,1.0363497279315883,0.9844214501981277,1.0364173719981307,56.13491982693004,True
base,60,4,1508,0,0.9873145741520496,1.0462007094437136,0.9873145741520496,1.0462007094437136,46.6301497897675,True
base,60,4,1508,1,0.9934186198873475,1.0434028557549775,0.9915124897921866,1.0434028557549775,41.34828051839141,True
base,60,4,1508,2,0.9969931856226527,1.046781082787331,0.9934335835924661,1.046781082787331,36.89546228266979,True
base,60,4,1508,3,0.9975802201738662,1.0372390956927273,0.9957231829051031,1.0372390956927273,31.691998894168965,True
base,60,4,1508,4,0.9943885060568821,1.0348272003693435,0.9940890884946608,1.0348272003693435,32.299893922516524,True
base,60,4,1508,5,0.9888209469726938,1.0376494429371483,0.9888209469726938,1.0376494429371483,35.97829988449314,True
base,60,4,1508,6,0.984388770767406,1.0342713121071259,0.984388770767406,1.0342713121071259,39.00941052120207,True
base,60,4,1508,7,0.9843464508842475,1.0454540579711151,0.9840605087954062,1.0454540579711151,47.90588652073462,True
base,60,4,1508,8,0.9829701654371091,1.0496384805996544,0.9780624826712038,1.0496384805996544,57.198735831503335,True
base,60,4,1508,9,0.9947490511310842,1.0485228784376526,0.9829138882883508,1.0485228784376526,48.34926010414587,True
base,60,4,1508,10,0.9953496351168888,1.0389953969652528,0.9864574506473062,1.0389953969652528,42.563980300264134,True
base,60,4,1508,11,0.9962815390119438,1.040478281394785,0.9869959421433825,1.040478281394785,41.77722003927912,True
base,60,4,1508,12,0.9970349796508466,1.0415022424215503,0.9875963771447385,1.0415022424215503,42.451127817453234,True
base,60,4,1508,13,0.9917089065230958,1.0384284457218989,0.9880754588677161,1.0384284457218989,41.53056802428735,True
base,60,4,1508,14,0.9926349811226322,1.0392397901783716,0.9886106001236984,1.0392397901783716,40.75869928087499,True
base,60,4,1508,15,0.9815556561140322,1.0395077490916151,0.9802181459992285,1.0395077490916151,55.145809320531065,True
base,60,4,1508,16,0.9793679580026794,1.0505670368945166,0.9697897945068844,1.0505670368945166,75.33449733173448,True
base,60,4,1508,17,0.9658931075974887,1.0658724058921942,0.95004955499168,1.0684376989396995,113.55567298308546,True
base,60,4,1508,18,0.9545392955861574,1.0641951572711543,0.946285192636902,1.0667169139935568,125.50549236766551,True
base,60,4,1508,19,0.9629249595053042,1.066343375748674,0.9496166188866612,1.0687352438069664,120.26020284088301,True
base,60,4,1508,20,0.9830728276015114,1.067098778645123,0.9601129494381411,1.0690907070042133,102.57838734524233,True
base,60,4,1508,21,0.9881016480474422,1.0555463824074833,0.9695150547322718,1.0570252196078334,85.02583807458358,True
base,60,4,1508,22,0.9906336531361521,1.0430069807786009,0.9776896388976739,1.0439997083381216,69.11164462079978,True
base,60,4,1508,23,0.9956705929909256,1.0389056270897166,0.9845315927170847,1.0389056270897166,56.129677588331745,True
base,60,5,1508,0,0.9876606461700014,1.0456506669390528,0.9876606461700014,1.0456506669390528,46.62939937732396,True
base,60,5,1508,1,0.9936983254291774,1.0443663464118087,0.9916222356895553,1.0443663464118087,41.34792093853081,True
base,60,5,1508,2,0.9983593175234492,1.0464180116111905,0.9935185795865216,1.0464180116111905,36.89530390175506,True
base,60,5,1508,3,0.997746308225202,1.0390539610274825,0.9957868595379167,1.0390539610274825,31.706372750863526,True
base,60,5,1508,4,0.9945027022790737,1.0360920487146263,0.9941326146227264,1.0360920487146263,32.3123055633093,True
base,60,5,1508,5,0.9889291637553802,1.037467458530326,0.9889291637553802,1.037467458530326,35.97800565359965,True
base,60,5,1508,6,0.9844999401060295,1.034088064571098,0.9844999401060295,1.034088064571098,39.00921672186933,True
base,60,5,1508,7,0.9844624483557016,1.045270596518379,0.984106987499807,1.045270596518379,47.90550689242347,True
base,60,5,1508,8,0.9832733632279373,1.0494553364657597,0.9781119230091049,1.0494553364657597,57.198145435922335,True
base,60,5,1508,9,0.9948066787641486,1.0487266620855957,0.9829370569352186,1.0487266620855957,48.34906638905278,True
base,60,5,1508,10,0.9954058944901317,1.039194626069449,0.986479694809501,1.039194626069449,42.56384166621817,True
base,60,5,1508,11,0.9963375761477187,1.040676978620143,0.9870180559731233,1.040676978620143,41.77709301232827,True
base,60,5,1508,12,0.9971518038671082,1.041908410401191,0.9876432606953293,1.041908410401191,42.44759503832077,True
base,60,5,1508,13,0.9918211475601362,1.0382474096705303,0.988119663139077,1.0382474096705303,41.530319026662504,True
base,60,5,1508,14,0.9927467853117854,1.0390588589466778,0.9886545487478416,1.0390588589466778,40.75847462431225,True
base,60,5,1508,15,0.9816616271094398,1.0391916855647496,0.9801763409686272,1.0391916855647496,55.13202787439113,True
base,60,5,1508,16,0.9800238421292892,1.0499626599442868,0.9698553006142494,1.0499626599442868,75.31455323990696,True
base,60,5,1508,17,0.9684418330075236,1.0657097603987942,0.9505473682527025,1.0683569870768583,113.5378053359701,True
base,60,5,1508,18,0.9581644678150276,1.0639457076874026,0.946991506344737,1.066602200844671,125.44037961404915,True
base,60,5,1508,19,0.9662553609880565,1.0661065313881941,0.9502525499592703,1.0686241906581704,120.1975928995684,True
base,60,5,1508,20,0.9858559896615766,1.0669141795700527,0.9606429994660832,1.0689989062206127,102.55477423435504,True
base,60,5,1508,21,0.9902216471987552,1.0553905072669363,0.9698927175032961,1.0569441465272233,85.01834245730878,True
base,60,5,1508,22,0.9921921323660622,1.0428834272252703,0.9779530659020522,1.0439339481902634,69.10782338141784,True
base,60,5,1508,23,0.9961456818168749,1.0381948447561906,0.9847227429230869,1.0381948447561906,56.129167770377116,True
base,70,1,1759,0,0.9863120666793472,1.047866224030609,0.9863120666793472,1.047866224030609,48.89379204840915,True
base,70,1,1759,1,0.992422607054179,1.0427354674792972,0.9912097872764611,1.0427354674792972,43.211769623050074,True
base,70,1,1759,2,0.9976198701328349,1.0492653623805388,0.9933437155944612,1.0492653623805388,38.391202142184895,True
base,70,1,1759,3,0.9970260942496805,1.038491528858517,0.9955682058261661,1.038491528858517,32.80665141602124,True
base,70,1,1759,4,0.9940207123905486,1.0357162418093988,0.9939859504937087,1.0357162418093988,33.0495187608031,True
base,70,1,1759,5,0.988677524910982,1.0391656485207772,0.988677524910982,1.0391656485207772,36.7325691218362,True
base,70,1,1759,6,0.9839985310691372,1.0337408572467348,0.9839985310691372,1.0337408572467348,39.752580321989946,True
base,70,1,1759,7,0.9839353521409346,1.0449226824140123,0.9839315538815757,1.0449226824140123,48.65258863029905,True
base,70,1,1759,8,0.9826758491958896,1.0490984409384314,0.9779198449424817,1.0490984409384314,57.94842510981218,True
base,70,1,1759,9,0.9945353434179014,1.048366565783567,0.9828403602963022,1.048366565783567,48.73831049838385,True
base,70,1,1759,10,0.9962629520998529,1.0388452398430026,0.9863857873438331,1.0388452398430026,42.9431199273383,True
base,70,1,1759,11,0.9974496733495918,1.0403295965461747,0.9869250974684927,1.0403295965461747,42.1561080364089,True
base,70,1,1759,12,0.9981543925015534,1.0412291379115293,0.9874654118574528,1.0412291379115293,43.20213033422336,True
base,70,1,1759,13,0.9929724657573176,1.0379109377161249,0.987945412700289,1.0379109377161249,42.28196376948682,True
base,70,1,1759,14,0.9941549589636844,1.0387231019367247,0.9884819665944362,1.0387231019367247,41.509588367772054,True
base,70,1,1759,15,0.9809642329096189,1.0456915206597088,0.9799918498157476,1.0456915206597088,56.279762382404485,True
base,70,1,1759,16,0.9782943185789282,1.0489247831515853,0.9692498220628875,1.0489247831515853,77.64529082090118,True
base,70,1,1759,17,0.9628061128057811,1.0644591603386255,0.9483591268248149,1.0672218916545486,119.26524188005114,True
base,70,1,1759,18,0.9495017972394614,1.062025504457074,0.9435300908093041,1.0648251618521056,133.8397119359609,True
base,70,1,1759,19,0.9583711971536902,1.0643456818977117,0.9471265572022018,1.0670016744441804,128.10829684429896,True
base,70,1,1759,20,0.9798876554670661,1.065568717144043,0.9583676937107679,1.067790762153416,108.99815482451312,True
base,70,1,1759,21,0.9858733313032036,1.0545649542210627,0.9683545925501676,1.0562173079335688,90.13951098328528,True
base,70,1,1759,22,0.9888265432919615,1.042373906845544,0.9768453329549566,1.0434890812340065,72.95787051208491,True
base,70,1,1759,23,0.9939285303314023,1.0367756008555056,0.9839495703738325,1.0367756008555056,59.16156589240469,True
base,70,2,1759,0,0.9864613349551139,1.0481086021509134,0.9864613349551139,1.0481086021509134,48.89655831148297,True
base,70,2,1759,1,0.9925488709051369,1.0429395968359363,0.9912752263691669,1.0429395968359363,43.2136605200118,True
base,70,2,1759,2,0.9977223676881791,1.0494309405464681,0.9933971899007189,1.0494309405464681,38.39248354056685,True
base,70,2,1759,3,0.9971038490994983,1.03833366445166,0.9956091711237044,1.03833366445166,32.80739627961339,True
base,70,2,1759,4,0.9940727769779889,1.0356108451379564,0.9940133392274629,1.0356108451379564,33.05004787325865,True
base,70,2,1759,5,0.9887293335837883,1.0392493788817632,0.9887293335837883,1.0392493788817632,36.733224570582216,True
base,70,2,1759,6,0.9840500126003348,1.0337565297509512,0.9840500126003348,1.0337565297509512,39.75331570661917,True
base,70,2,1759,7,0.9839862531935312,1.0449364053976713,0.9839576125622805,1.0449364053976713,48.65356648691536,True
base,70,2,1759,8,0.9826791266409434,1.049110418490185,0.9779452141399478,1.049110418490185,57.94963954589253,True
base,70,2,1759,9,0.9945883822498846,1.048438559187097,0.9828674659386248,1.048438559187097,48.729876770950234,True
base,70,2,1759,10,0.9952189156116615,1.0389128689777443,0.9864111461570755,1.0389128689777443,42.935883036329024,True
base,70,2,1759,11,0.9961516849869073,1.0403967673561907,0.9869502577304817,1.0403967673561907,42.14901464957286,True
base,70,2,1759,12,0.9967730801581842,1.041336521307612,0.9875033219273263,1.041336521307612,43.195763144388074,True
base,70,2,1759,13,0.9914474926618471,1.0379189769945538,0.9879830914061292,1.0379189769945538,42.275811784200954,True
base,70,2,1759,14,0.9923753226051004,1.0387313268950067,0.9885194788614273,1.0387313268950067,41.503571931760575,True
base,70,2,1759,15,0.9809985539692343,1.0457014488006924,0.980044654472902,1.0457014488006924,56.27227844408967,True
base,70,2,1759,16,0.9782922932573532,1.0489528660469218,0.9693192699397435,1.0489528660469218,77.65088846205305,True
base,70,2,1759,17,0.9627523521026603,1.0642231747630728,0.9484924627932133,1.066977169363552,119.28305184644103,True
base,70,2,1759,18,0.9493676077126686,1.0616712872959888,0.9436963432357044,1.06446175266431,133.87506685870315,True
base,70,2,1759,19,0.9582699422878448,1.064018963617773,0.9472939841810465,1.0666640963315799,128.13480879162543,True
base,70,2,1759,20,0.9798359901488687,1.0653152051745043,0.9585239382450348,1.0675234532526965,109.01227838615682,True
base,70,2,1759,21,0.9858529852788273,1.0543608118583088,0.9684953421117718,1.0560031649399082,90.1519734617845,True
base,70,2,1759,22,0.9888243921984196,1.0422243842532724,0.9769618425977935,1.0433308431581416,72.96559219471307,True
base,70,2,1759,23,0.994123373578061,1.0368267836444376,0.9840479768036712,1.0368267836444376,59.16624103024425,True
base,70,3,1759,0,0.9858427609198388,1.0469340904553486,0.9858427609198388,1.0469340904553486,48.89548136720875,True
base,70,3,1759,1,0.9922956537206294,1.0488041712116716,0.9913057697619985,1.0488041712116716,43.225998251128864,True
base,70,3,1759,2,0.9973338079469356,1.048691111655669,0.9933194806239496,1.048691111655669,38.39154893541669,True
base,70,3,1759,3,0.9970751666686188,1.0431682940901499,0.9956937760922229,1.0431682940901499,32.82330696067327,True
base,70,3,1759,4,0.9941320609605159,1.0395204495960986,0.9941128083853277,1.0395204495960986,33.064560376891365,True
base,70,3,1759,5,0.9885341031632529,1.0388765432347415,0.9885341031632529,1.0388765432347415,36.73311572546381,True
base,70,3,1759,6,0.9838521286006091,1.0339735016656721,0.9838521286006091,1.0339735016656721,39.752984886027335,True
base,70,3,1759,7,0.9837804691538024,1.0451504057225836,0.9837804691538024,1.0451504057225836,48.65356521960459,True
base,70,3,1759,8,0.9823601389460729,1.0493264546688004,0.9778968117623156,1.0493264546688004,57.94927179398477,True
base,70,3,1759,9,0.9944599511155933,1.0482163444440071,0.9828316482072595,1.0482163444440071,48.738601878807884,True
base,70,3,1759,10,0.9961901518270402,1.0387005663730187,0.9863786330213073,1.0387005663730187,42.943357484266706,True
base,70,3,1759,11,0.9973772895956016,1.0401855570139513,0.9869181632637767,1.0401855570139513,42.15633764198211,True
base,70,3,1759,12,0.9980093874068869,1.0409410667602919,0.9874512845049204,1.0409410667602919,43.2025388756868,True
base,70,3,1759,13,0.992826090689641,1.0381389500764566,0.9879311083107619,1.0381389500764566,42.28243449227209,True
base,70,3,1759,14,0.9940094053818923,1.0389510244027576,0.9884681005382566,1.0389510244027576,41.510040978069945,True
base,70,3,1759,15,0.9806208851898063,1.0390474441505513,0.9799598908921582,1.0390474441505513,56.28299542368177,True
base,70,3,1759,16,0.9772635093396387,1.0495970548278037,0.9691432311064894,1.0495970548278037,77.65111816861392,True
base,70,3,1759,17,0.9599639442490169,1.0643993938275491,0.9479202394019032,1.0669826443958697,119.29354440812524,True
base,70,3,1759,18,0.9450636688245883,1.0619386648865798,0.942755479596565,1.0644740376321455,133.89033821537933,True
base,70,3,1759,19,0.9542287493045283,1.0642639919015155,0.9464229146595365,1.0666677367102777,128.16048512662184,True
base,70,3,1759,20,0.9765221586860173,1.0654974073296228,0.9578585811125189,1.0675115757225542,108.97021719860172,True
base,70,3,1759,21,0.9834982012584439,1.0545383554359138,0.9680548802830887,1.0560142850797272,90.16287505857215,True
base,70,3,1759,22,0.9875163035106471,1.0423739801478786,0.9768027198183366,1.0433475011673596,72.97259670053037,True
base,70,3,1759,23,0.9932693903990175,1.0376794076182891,0.9838519633379539,1.0376794076182891,59.16481274924534,True
base,70,4,1759,0,0.9861918195230777,1.0478143064190641,0.9861918195230777,1.0478143064190641,48.897298495320804,True
base,70,4,1759,1,0.9925768105961505,1.0495179310543323,0.9912860499858135,1.0495179310543323,43.22720373327219,True
base,70,4,1759,2,0.9975507133483374,1.0492463711509146,0.9932999704500104,1.0492463711509146,38.392636876605664,True
base,70,4,1759,3,0.9969781296411843,1.0382809581755474,0.9955376940383805,1.0382809581755474,32.807387769754904,True
base,70,4,1759,4,0.9939884729411775,1.0355758568710909,0.993965536560768,1.0355758568710909,33.05009164746924,True
base,70,4,1759,5,0.9886435199329644,1.039157002120762,0.9886435199329644,1.039157002120762,36.73334266320201,True
base,70,4,1759,6,0.9839628348191928,1.0338891461769137,0.9839628348191928,1.0338891461769137,39.75350483019113,True
base,70,4,1759,7,0.9838953585028029,1.0450743306669168,0.9838953585028029,1.0450743306669168,48.65393364283803,True
base,70,4,1759,8,0.9825829719102914,1.049255099385903,0.9778921424070951,1.049255099385903,57.95007310839783,True
base,70,4,1759,9,0.9945142267282657,1.0483566045435375,0.9828280114244018,1.0483566045435375,48.73853987810711,True
base,70,4,1759,10,0.9962445053537728,1.038839270972166,0.986374376783963,1.038839270972166,42.943667287103644,True
base,70,4,1759,11,0.9974314247468758,1.0403238648207451,0.9869137937259151,1.0403238648207451,42.15663576023991,True
base,70,4,1759,12,0.9981174471429548,1.0412170694000076,0.9874425253512848,1.0412170694000076,43.2031393403563,True
base,70,4,1759,13,0.9929358167352744,1.038057960711647,0.9879225986979415,1.038057960711647,42.28299387200938,True
base,70,4,1759,14,0.994118701292225,1.0388697064149357,0.9884593661711849,1.0388697064149357,41.51058192798726,True
base,70,4,1759,15,0.9809613738072136,1.0389351679530858,0.9799535660678059,1.0389351679530858,56.28433323048729,True
base,70,4,1759,16,0.977992066230098,1.049408107830906,0.9691522632198102,1.049408107830906,77.65307515045487,True
base,70,4,1759,17,0.9619083466865044,1.064849348960485,0.9480420570637769,1.0674190266811023,119.30221099845468,True
base,70,4,1759,18,0.9480833728251848,1.0626279224851973,0.9430118639389394,1.0651398329855768,133.90183848023227,True
base,70,4,1759,19,0.9570829430010657,1.0648951988191397,0.9466608610491456,1.0672837935126513,128.16464082810924,True
base,70,4,1759,20,0.9786581203962096,1.065981046661833,0.9579640969190256,1.067986462439909,108.98684744185442,True
base,70,4,1759,21,0.9851308176744773,1.0549011020977626,0.9680978658954398,1.0563729591368995,90.1714002093362,True
base,70,4,1759,22,0.9883368941962157,1.042614335228316,0.9766870149873639,1.0435947339047973,72.96923226240713,True
base,70,4,1759,23,0.9937482160803568,1.0373899296922102,0.9838387597450459,1.0373899296922102,59.16796114832231,True
base,70,5,1759,0,0.9856299940678922,1.0467253746737137,0.9856299940678922,1.0467253746737137,48.899935028800236,True
base,70,5,1759,1,0.9921272299914817,1.048641795804557,0.9911566779451987,1.048641795804557,43.22872048009473,True
base,70,5,1759,2,0.997204750946596,1.0485683000594221,0.9932037452726472,1.0485683000594221,38.393106757922105,True
base,70,5,1759,3,0.9969840209965395,1.0430834465487029,0.9956099837999699,1.0430834465487029,32.8239613102842,True
base,70,5,1759,4,0.99407086620235,1.0394631399007284,0.9940568122053808,1.0394631399007284,33.06515638282419,True
base,70,5,1759,5,0.9884703054897319,1.03881566222254,0.9884703054897319,1.03881566222254,36.73404641195239,True
base,70,5,1759,6,0.9837866397354903,1.0342322230888554,0.9837866397354903,1.0342322230888554,39.75416993827795,True
base,70,5,1759,7,0.9837089566315335,1.0454171105348908,0.9837089566315335,1.0454171105348908,48.655400361344135,True
base,70,5,1759,8,0.982315981593776,1.0495998635718615,0.9778321935006717,1.0495998635718615,57.95179594571493,True
base,70,5,1759,9,0.9944240641433404,1.0481806801062141,0.9828010739062175,1.0481806801062141,48.739540779211545,True
base,70,5,1759,10,0.9961560747831205,1.0386672998142221,0.986349009498095,1.0386672998142221,42.94410267600077,True
base,70,5,1759,11,0.997343442402365,1.0401525956035529,0.986888674771414,1.0401525956035529,42.15704951987706,True
base,70,5,1759,12,0.9979410482346588,1.0408742552772956,0.9873919351780375,1.0408742552772956,43.20386663381756,True
base,70,5,1759,13,0.992758508462153,1.0383964604737173,0.987871910067958,1.0383964604737173,42.2837934961905,True
base,70,5,1759,14,0.9939422947869962,1.0392077135217042,0.9884091762243269,1.0392077135217042,41.51134056970237,True
base,70,5,1759,15,0.9805570329742626,1.0394549807724616,0.9798635466176306,1.0394549807724616,56.28658305522887,True
base,70,5,1759,16,0.9770892469114718,1.050459381676817,0.968928599639288,1.050459381676817,77.66190788939636,True
base,70,5,1759,17,0.9593012844370838,1.0652346994953774,0.9472982175395487,1.067512550386357,119.35670444799669,True
base,70,5,1759,18,0.9441698633996459,1.063236651083201,0.9418400324570448,1.0653001674676923,134.03203478756453,True
base,70,5,1759,19,0.9534550527306462,1.0654612311859921,0.9455938667802173,1.0674262204328142,128.29593770323982,True
base,70,5,1759,20,0.9822360527665871,1.0723767353528335,0.957219246516162,1.0740896551125725,109.40211798134895,True
base,70,5,1759,21,0.983178539819513,1.0550614431973857,0.9675549150011931,1.0562957663644923,90.19767756029533,True
base,70,5,1759,22,0.9873628495898489,1.04269633742097,0.9764492853469846,1.0434976765521864,72.99432316554126,True
base,70,5,1759,23,0.99295870964586,1.038758883894474,0.983590808692468,1.038758883894474,59.173451588746346,True
base,80,1,2010,0,0.9848233955792205,1.0455318908373237,0.9848233955792205,1.0455318908373237,51.159911392222,True
base,80,1,2010,1,0.9914869865014356,1.0476928608514318,0.9909604980051665,1.0476928608514318,45.09753545221396,True
base,80,1,2010,2,0.9967239443120581,1.0478310771974813,0.9930644676596942,1.0478310771974813,39.88971369118058,True
base,80,1,2010,3,0.9966318292756152,1.042558867073984,0.995514512394158,1.042558867073984,33.926313163464805,True
base,80,1,2010,4,0.9938363226721593,1.039113379420631,0.9938363226721593,1.039113379420631,33.8033538771123,True
base,80,1,2010,5,0.9882284036420839,1.0384548964062539,0.9882284036420839,1.0384548964062539,37.47675018297991,True
base,80,1,2010,6,0.9837718181824511,1.0392576169671541,0.9837718181824511,1.0392576169671541,40.51212812592291,True
base,80,1,2010,7,0.983669570603222,1.049451340030099,0.983669570603222,1.049451340030099,49.41614646453226,True
base,80,1,2010,8,0.9819596275524878,1.0488664817146491,0.9777402508861611,1.0488664817146491,58.70203293825055,True
base,80,1,2010,9,0.9942936109490697,1.0479876957194638,0.9827602907804687,1.0479876957194638,49.11201126139493,True
base,80,1,2010,10,0.9959882072911096,1.0420152948674484,0.9863131245621708,1.0420152948674484,43.323945192634746,True
base,80,1,2010,11,0.9971759013005103,1.0428289104892088,0.986853210571933,1.0428289104892088,42.53728830935902,True
base,80,1,2010,12,0.9976476672513469,1.0432994728308653,0.9873183490095909,1.0432994728308653,43.95873067679675,True
base,80,1,2010,13,0.9988424319946629,1.044114295119504,0.9878614285745319,1.044114295119504,43.17929584357153,True
base,80,1,2010,14,0.9937090289819162,1.038327378155984,0.9883402812389785,1.038327378155984,42.2637952364599,True
base,80,1,2010,15,0.9864984197128196,1.044783518750005,0.9797833781794896,1.044783518750005,57.58744647070756,True
base,80,1,2010,16,0.975860537746129,1.0481982001185697,0.9685587235993305,1.0481982001185697,79.9718129360613,True
base,80,1,2010,17,0.9556751207619166,1.0631606599365178,0.9460112258799094,1.0659372260029576,125.10408329173788,True
base,80,1,2010,18,0.9383009553117176,1.059910708410219,0.9383009553117176,1.0627134033803958,142.49003449803746,True
base,80,1,2010,19,0.9480011631095999,1.062435640969855,0.9435629399571033,1.0650852765480021,136.25561913834258,True
base,80,1,2010,20,0.9783702811733356,1.0701567229554367,0.9558720291010542,1.0724195622702342,115.85926145836366,True
base,80,1,2010,21,0.9867315918849857,1.0594075008228072,0.9666779712535324,1.061118679426779,95.5093030942162,True
base,80,1,2010,22,0.9915087101609689,1.0476448241406147,0.9758133882212143,1.0488231855073622,76.9992790036178,True
base,80,1,2010,23,0.9920343003175086,1.0384776226998809,0.9833121580473876,1.0384776226998809,62.23771180726226,True
base,80,2,2010,0,0.9845285995052508,1.0450205327545876,0.9845285995052508,1.0450205327545876,51.15478838243403,True
base,80,2,2010,1,0.9912444850984979,1.0472748915996561,0.9909089674732245,1.0472748915996561,45.09412368372346,True
base,80,2,2010,2,0.9965316295792682,1.0475017360832029,0.9930237984058321,1.0475017360832029,39.887592710820996,True
base,80,2,2010,3,0.9964887086799763,1.0423151607096546,0.9954845907562032,1.0423151607096546,33.92519544480152,True
base,80,2,2010,4,0.993740748957125,1.0389506592507054,0.993740748957125,1.0389506592507054,33.80250047537628,True
base,80,2,2010,5,0.9881321766251245,1.0382900413006855,0.9881321766251245,1.0382900413006855,37.47561450391771,True
base,80,2,2010,6,0.9836749811393364,1.0390905538203727,0.9836749811393364,1.0390905538203727,40.51076785914651,True
base,80,2,2010,7,0.9835718467163298,1.0492808878982336,0.9835718467163298,1.0492808878982336,49.41426295019417,True
base,80,2,2010,8,0.9817831287784049,1.0489270053954727,0.9777182226102588,1.0489270053954727,58.699667529927275,True
base,80,2,2010,9,0.9942451082789552,1.0479043233576175,0.9827496580301224,1.0479043233576175,49.11107612200931,True
base,80,2,2010,10,0.9959400629103075,1.042046430656388,0.9863026844534705,1.042046430656388,43.32317912785278,True
base,80,2,2010,11,0.9971278120186287,1.042860095806108,0.9868427958520851,1.042860095806108,42.53654684321279,True
base,80,2,2010,12,0.9975521524431178,1.043360791179666,0.9872977946070567,1.043360791179666,43.9572488587404,True
base,80,2,2010,13,0.9987462222102884,1.0441765637006717,0.9878406525533906,1.0441765637006717,43.17785034015667,True
base,80,2,2010,14,0.9936126540289888,1.0383899187814178,0.9883195773082484,1.0383899187814178,42.262382869259596,True
base,80,2,2010,15,0.9862041246268554,1.044882061578303,0.979735700251539,1.044882061578303,57.59340345778476,True
base,80,2,2010,16,0.9753183315307917,1.0483677213970528,0.9684883258873058,1.0483677213970528,79.96178508427732,True
base,80,2,2010,17,0.9541852386946984,1.063231127012047,0.9457767807663464,1.065946030447583,125.06326766497008,True
base,80,2,2010,18,0.9362882998440982,1.0599758013841836,0.9362882998440982,1.0627125685703465,142.3922878256402,True
base,80,2,2010,19,0.9460928783088961,1.0625063722519883,0.9432953818571154,1.065089763426136,136.17055419746018,True
base,80,2,2010,20,0.9768493874629156,1.0702105934078292,0.9556580267024374,1.0724294374038397,115.82959737229221,True
base,80,2,2010,21,0.9855446465295583,1.0594635009926274,0.9665205918557861,1.0611358852213806,95.48486969992463,True
base,80,2,2010,22,0.990615572477524,1.047696019032104,0.9756995798450272,1.0488423135544003,76.98417503637064,True
base,80,2,2010,23,0.9914894816901411,1.0378010658214496,0.9832254702617796,1.0378010658214496,62.22857922871504,True
base,80,3,2010,0,0.9849852394497778,1.0459030375992957,0.9849852394497778,1.0459030375992957,51.15487714872282,True
base,80,3,2010,1,0.9916177610895714,1.0479951079935004,0.990994907080133,1.0479951079935004,45.09421808291062,True
base,80,3,2010,2,0.9968255671969203,1.0480673371901539,0.9930905008640315,1.0480673371901539,39.88763988843286,True
base,80,3,2010,3,0.9967061987284191,1.04273328921255,0.9955329421641766,1.04273328921255,33.92522293971315,True
base,80,3,2010,4,0.9938858092047597,1.0392296875399347,0.9938858092047597,1.0392296875399347,33.80253396759615,True
base,80,3,2010,5,0.9882788455354975,1.0385731366661795,0.9882788455354975,1.0385731366661795,37.47567137269178,True
base,80,3,2010,6,0.9835902939062638,1.0335903081659568,0.9835902939062638,1.0335903081659568,40.497954230839646,True
base,80,3,2010,7,0.9835005473842057,1.0447653413986868,0.9835005473842057,1.0447653413986868,49.40209116828542,True
base,80,3,2010,8,0.9820253900074138,1.0489368819939757,0.9777525909024198,1.0489368819939757,58.70118123875917,True
base,80,3,2010,9,0.9943196665724447,1.0480479716183353,0.9827673302811373,1.0480479716183353,49.11112324322131,True
base,80,3,2010,10,0.9960136722842007,1.0420446677233601,0.9863198058418208,1.0420446677233601,43.32321206422346,True
base,80,3,2010,11,0.997201255624762,1.042858210014514,0.9868598363464584,1.042858210014514,42.53658054333715,True
base,80,3,2010,12,0.997698368699588,1.043358354283858,0.9873316418767462,1.043358354283858,43.95735923097215,True
base,80,3,2010,13,0.9925731222954619,1.0375760883673717,0.9878140101919677,1.0375760883673717,43.037188581542175,True
base,80,3,2010,14,0.9937561078767857,1.0383869409069186,0.9883517922345618,1.0383869409069186,42.26454777483978,True
base,80,3,2010,15,0.9866112338439098,1.0448761921025773,0.9798062539954907,1.0448761921025773,57.58415008702263,True
base,80,3,2010,16,0.976107355966275,1.0483946881124786,0.9686135928551711,1.0483946881124786,79.96170284627732,True
base,80,3,2010,17,0.9563843536246127,1.0633819506023565,0.9461939888764327,1.0661424579085952,125.059088810245,True
base,80,3,2010,18,0.9392476691197362,1.0602184117234783,0.9392476691197362,1.0630153059807543,142.37203953021668,True
base,80,3,2010,19,0.9488568434919413,1.0627213781755727,0.9437884632154669,1.0653659942211335,136.1435950029642,True
base,80,3,2010,20,0.9791377579075063,1.070397823913289,0.9560653654549669,1.0726444608371142,115.81541665644004,True
base,80,3,2010,21,0.9873575388011068,1.0595725462604626,0.9668202302151969,1.0612877257431366,95.49234485361053,True
base,80,3,2010,22,0.9919168808209199,1.0477725914988034,0.9759031989644336,1.0489423723656826,76.98393765082031,True
base,80,3,2010,23,0.9922598541051574,1.0389830681107375,0.983376274041877,1.0389830681107375,62.22863969050816,True
base,80,4,2010,0,0.9847677705897678,1.0451496010955443,0.9847677705897678,1.0451496010955443,51.15627630983023,True
base,80,4,2010,1,0.9914408236926596,1.0473788452543211,0.9909633934972244,1.0473788452543211,45.09605851898885,True
base,80,4,2010,2,0.9966880781171774,1.0475841524013132,0.9930673149140384,1.0475841524013132,39.88822973441148,True
base,80,4,2010,3,0.9966051772071448,1.0423752224274732,0.995516738113069,1.0423752224274732,33.92553021294922,True
base,80,4,2010,4,0.9938185102731039,1.038990749516733,0.9938185102731039,1.038990749516733,33.802779417575934,True
base,80,4,2010,5,0.9882104384663654,1.038330688772613,0.9882104384663654,1.038330688772613,37.47598657421472,True
base,80,4,2010,6,0.9837536857540607,1.0391320074198631,0.9837536857540607,1.0391320074198631,40.51121479074793,True
base,80,4,2010,7,0.9836513118049702,1.0493240173077427,0.9836513118049702,1.0493240173077427,49.414883966224494,True
base,80,4,2010,8,0.9818531922723486,1.048844485219982,0.9777411874095102,1.048844485219982,58.70043220109632,True
base,80,4,2010,9,0.9942846673254826,1.0479255554615783,0.9827608353592285,1.0479255554615783,49.1113955509363,True
base,80,4,2010,10,0.99597942664111,1.0420059707755471,0.9863137556815529,1.0420059707755471,43.32343551602333,True
base,80,4,2010,11,0.9971670975500285,1.0428197160575068,0.98685383566861,1.0428197160575068,42.536798574646525,True
base,80,4,2010,12,0.9976305484677364,1.0432803988989212,0.9873198005431375,1.0432803988989212,43.95775608557713,True
base,80,4,2010,13,0.9988247774727232,1.044095795298891,0.9878627230792985,1.044095795298891,43.17832692162394,True
base,80,4,2010,14,0.9936912792171807,1.0383091042964674,0.9883415900368149,1.0383091042964674,42.262847560693984,True
base,80,4,2010,15,0.9863394276584481,1.0447506099228385,0.9797849465620383,1.0447506099228385,57.585132518109354,True
base,80,4,2010,16,0.9755342626716674,1.048116731891554,0.9685607056356961,1.048116731891554,79.96480023022144,True
base,80,4,2010,17,0.9548140532506328,1.0629425909137311,0.9460079257813356,1.0657467401613083,125.04859566884963,True
base,80,4,2010,18,0.937158773172914,1.05954002980159,0.937158773172914,1.0624171935349798,142.42949879451666,True
base,80,4,2010,19,0.9468760466618908,1.0621008324826027,0.9435606950721614,1.0648144197328473,136.2064740041957,True
base,80,4,2010,20,0.9774550432855637,1.0699065701662915,0.9558662572093622,1.0722151459303448,115.83014961467346,True
base,80,4,2010,21,0.9860211036655169,1.0592131800098503,0.9666824396636938,1.0609614552222748,95.48896247972614,True
base,80,4,2010,22,0.9909722569191953,1.0475054090351075,0.9758186408718171,1.0487112655336586,76.98845322454295,True
base,80,4,2010,23,0.991768731320375,1.0379716951167728,0.983317153712401,1.0379716951167728,62.23119882363981,True
base,80,5,2010,0,0.9851504344436227,1.0466511991419598,0.9851504344436227,1.0466511991419598,51.15010116175692,True
base,80,5,2010,1,0.991746112885558,1.0485981383989784,0.9909814253362669,1.0485981383989784,45.0920602622499,True
base,80,5,2010,2,0.9969233128777584,1.048537763971985,0.9930770792515716,1.048537763971985,39.8857493263952,True
base,80,5,2010,3,0.9967757292458276,1.0430781767128476,0.9955204692312632,1.0430781767128476,33.92426303001263,True
base,80,5,2010,4,0.9939320914316013,1.03946004088962,0.9939320914316013,1.03946004088962,33.801747533707314,True
base,80,5,2010,5,0.98832708718686,1.0388085261254876,0.98832708718686,1.0388085261254876,37.474567418901096,True
base,80,5,2010,6,0.983640057708069,1.0334235100700997,0.983640057708069,1.0334235100700997,40.49663379683715,True
base,80,5,2010,7,0.9835535844802601,1.0446002318842786,0.9835535844802601,1.0446002318842786,49.40018726976197,True
base,80,5,2010,8,0.9822039575149736,1.0487742297164604,0.977751081173704,1.0487742297164604,58.69866925957224,True
base,80,5,2010,9,0.9943451902713265,1.0481683890533564,0.9827650835108528,1.0481683890533564,49.110163057573246,True
base,80,5,2010,10,0.9960381611545365,1.0419628022611767,0.9863168166048952,1.0419628022611767,43.322423668193785,True
base,80,5,2010,11,0.9972255576121032,1.0427763387328686,0.9868567385082498,1.0427763387328686,42.53582113045182,True
base,80,5,2010,12,0.9977471815413356,1.04319621687872,0.9873255869650548,1.04319621687872,43.955956963585486,True
base,80,5,2010,13,0.9926227450388077,1.0374120237626576,0.9878081107480181,1.0374120237626576,43.03571610588139,True
base,80,5,2010,14,0.9938053540605789,1.0382228603543469,0.9883456745273358,1.0382228603543469,42.26313429789658,True
base,80,5,2010,15,0.9868429932152197,1.04513272313939,0.9798034146774057,1.04513272313939,57.58069453451797,True
base,80,5,2010,16,0.9766968400636937,1.0479188137320232,0.9686321075896692,1.0479188137320232,79.9518493815144,True
base,80,5,2010,17,0.9580199119492506,1.0634337452368978,0.9463330081119476,1.066211338821911,125.01771101209906,True
base,80,5,2010,18,0.9418039683958759,1.0603312172825192,0.9401378989992498,1.0631489313266604,142.3029409094978,True
base,80,5,2010,19,0.9512476703515864,1.0628147679584932,0.9440357588758329,1.0654821082079098,136.07746162085382,True
base,80,5,2010,20,0.9809068240317761,1.0704493866206422,0.9561926094731005,1.0727162276923006,115.77300647742126,True
base,80,5,2010,21,0.9883564331272576,1.0595753989221812,0.9667739549272836,1.0613191703978355,95.44820912725346,True
base,80,5,2010,22,0.9924195504078571,1.0477724408642548,0.9759210158236636,1.0489585555763117,76.9686798937673,True
base,80,5,2010,23,0.9922654154483193,1.0354881230706567,0.9832486568303902,1.0354881230706567,62.20743606280359,True
base,90,1,2262,0,0.9832865157408649,1.0445089279109703,0.9832865157408649,1.0445089279109703,53.446620778758955,True
base,90,1,2262,1,0.9901998784783166,1.0477760472348765,0.9901998784783166,1.0477760472348765,46.99542152975393,True
base,90,1,2262,2,0.9957845074516807,1.0466234337906233,0.9927362231671248,1.0466234337906233,41.37961889820721,True
base,90,1,2262,3,0.9959561093413574,1.041693077364962,0.9952869803684683,1.041693077364962,35.033302830495884,True
base,90,1,2262,4,0.9933863587869181,1.0385363824270375,0.9933863587869181,1.0385363824270375,34.54419907680895,True
base,90,1,2262,5,0.9877473623254234,1.037838400315046,0.9877473623254234,1.037838400315046,38.2277168503609,True
base,90,1,2262,6,0.9832988725335206,1.0386446606038917,0.9832988725335206,1.0386446606038917,41.259637774922545,True
base,90,1,2262,7,0.9831703413027507,1.0487985802129483,0.9831703413027507,1.0487985802129483,50.167428755076884,True
base,90,1,2262,8,0.9812858630191913,1.0486087430514008,0.9775412312712354,1.0486087430514008,59.45618444898402,True
base,90,1,2262,9,0.9940475396921763,1.0476699628569301,0.9826711158065206,1.0476699628569301,49.48595250496959,True
base,90,1,2262,10,0.9957508528843088,1.0418925621864936,0.9862294186767849,1.0418925621864936,43.697157034019085,True
base,90,1,2262,11,0.9969397734824051,1.0427065168282257,0.986770255003968,1.0427065168282257,42.91038667238767,True
base,90,1,2262,12,0.9971719929142098,1.0430525673807882,0.9871497893034178,1.0430525673807882,44.70631385659181,True
base,90,1,2262,13,0.9983670846666596,1.0438689006024058,0.9876933965234036,1.0438689006024058,43.92754027590816,True
base,90,1,2262,14,0.9932325580091328,1.0380821415299035,0.9881721213295716,1.0380821415299035,43.01391431785674,True
base,90,1,2262,15,0.9854633595555431,1.044408130231678,0.9794719393453207,1.044408130231678,58.73147772330905,True
base,90,1,2262,16,0.973867061566663,1.0489837669440307,0.9679134709988693,1.0489837669440307,82.3226779400935,True
base,90,1,2262,17,0.9489037589085694,1.0619744435727088,0.9434885975423115,1.0647310032392252,130.9508594999164,True
base,90,1,2262,18,0.9276455007518443,1.0579358740190012,0.9276455007518443,1.060757318307125,151.04475092718795,True
base,90,1,2262,19,0.9380675385953035,1.0606404171535895,0.9380675385953035,1.0632980625750688,144.32941682901995,True
base,90,1,2262,20,0.9711819448330256,1.0688579319004574,0.9532184768067862,1.0711186496220155,122.45392845265327,True
base,90,1,2262,21,0.981667012021456,1.058458566564612,0.9649015117292008,1.0601863132990932,100.73093390651091,True
base,90,1,2262,22,0.9877493780647029,1.0469879066580547,0.9745875377059193,1.048184971031418,80.90233737421465,True
base,90,1,2262,23,0.9914959988421065,1.0403410301571507,0.9824352432309326,1.0410482687034768,65.41640066157139,True
base,90,2,2262,0,0.9831867681594114,1.0443778925562546,0.9831867681594114,1.0443778925562546,53.44655852690307,True
base,90,2,2262,1,0.9901214811784339,1.047765444151032,0.9901214811784339,1.047765444151032,46.99538669322269,True
base,90,2,2262,2,0.9957230679104014,1.046789345286864,0.9927392247201178,1.046789345286864,41.3796271846272,True
base,90,2,2262,3,0.9959108333310311,1.0418168491565842,0.9952897685478628,1.0418168491565842,35.03333422629843,True
base,90,2,2262,4,0.9933562362786116,1.0386191425777773,0.9933562362786116,1.0386191425777773,34.54422081165819,True
base,90,2,2262,5,0.987716876003425,1.0379222834566033,0.987716876003425,1.0379222834566033,38.227730479452376,True
base,90,2,2262,6,0.983268005420722,1.038729310497956,0.983268005420722,1.038729310497956,41.25965001200363,True
base,90,2,2262,7,0.9831389467118424,1.048884216125191,0.9831389467118424,1.048884216125191,50.167441819040704,True
base,90,2,2262,8,0.981358101799727,1.0486047831729697,0.9775422433262406,1.0486047831729697,59.4561866634554,True
base,90,2,2262,9,0.994032067695439,1.047711722498202,0.9826718419563433,1.047711722498202,49.485959663426506,True
base,90,2,2262,10,0.9957356014797463,1.0418897682816437,0.9862302634714645,1.0418897682816437,43.697163095521674,True
base,90,2,2262,11,0.9969245648611365,1.0427036939521794,0.9867711146596307,1.0427036939521794,42.91039264882739,True
base,90,2,2262,12,0.9971410692346958,1.04304757471231,0.9871512429833799,1.04304757471231,44.70634377399092,True
base,90,2,2262,13,0.9983365265918955,1.0438636108061394,0.9876949808632421,1.0438636108061394,43.92754711323193,True
base,90,2,2262,14,0.9932018983742156,1.0380767697948179,0.98817374718865,1.0380767697948179,43.013918994630494,True
base,90,2,2262,15,0.9855710544694478,1.0444024842862707,0.9794733385406709,1.0444024842862707,58.73147298968807,True
base,90,2,2262,16,0.9740842962407196,1.049244801794152,0.967912739455657,1.049244801794152,82.32276230209858,True
base,90,2,2262,17,0.9494248372934729,1.0621021866395473,0.9434710743895409,1.0647774063355353,130.95183125306627,True
base,90,2,2262,18,0.9284140109478904,1.0581445515904049,0.9284140109478904,1.0608449589408442,151.04330407557956,True
base,90,2,2262,19,0.9387677977039375,1.0608311492442126,0.9387677977039375,1.0633744655129365,144.3325671559437,True
base,90,2,2262,20,0.9717570190718277,1.0689892552969975,0.9531988786440908,1.071160409242771,122.45990555555795,True
base,90,2,2262,21,0.9821325459038869,1.0585613773806788,0.9648920677445819,1.0602152770671358,100.73112683102532,True
base,90,2,2262,22,0.9881064996482839,1.0470591919351775,0.9745850763057726,1.0482000136079148,80.90188853879256,True
base,90,2,2262,23,0.9914493210619002,1.0403926291744305,0.982436123661413,1.0410554528094034,65.41616987044192,True
base,90,3,2262,0,0.9832187195217952,1.043501510843017,0.9832187195217952,1.043501510843017,53.43627035092648,True
base,90,3,2262,1,0.9901620660654225,1.0478098695711036,0.9901620660654225,1.0478098695711036,46.99553452366488,True
base,90,3,2262,2,0.9957549546381952,1.0466142042096622,0.9927462974948644,1.0466142042096622,41.37956345000851,True
base,90,3,2262,3,0.9959355714410972,1.0416876379733293,0.9952955778757452,1.0416876379733293,35.03331183004508,True
base,90,3,2262,4,0.9933728684055199,1.0385330296583666,0.9933728684055199,1.0385330296583666,34.54418424390836,True
base,90,3,2262,5,0.98773330689992,1.0378346851940812,0.98773330689992,1.0378346851940812,38.22766826689397,True
base,90,3,2262,6,0.9832841636194977,1.0386403286937964,0.9832841636194977,1.0386403286937964,41.259564331114944,True
base,90,3,2262,7,0.9831544938586552,1.0487932415646535,0.9831544938586552,1.0487932415646535,50.167315480138335,True
base,90,3,2262,8,0.9812846549745807,1.048622050844615,0.9775448102386417,1.048622050844615,59.45601819577626,True
base,90,3,2262,9,0.9940399508231346,1.047667486405079,0.9826734181730913,1.047667486405079,49.4858865704921,True
base,90,3,2262,10,0.9957437226921461,1.041899093324394,0.9862320057745267,1.041899093324394,43.69710422409971,True
base,90,3,2262,11,0.9969327030237618,1.0427130509254443,0.9867728761125478,1.0427130509254443,42.91033686350941,True
base,90,3,2262,12,0.9971574071947054,1.0430658605048924,0.9871547650120402,1.0430658605048924,44.7062403003951,True
base,90,3,2262,13,0.9983526054820069,1.0438822058118158,0.9876984444338472,1.0438822058118158,43.92745262713225,True
base,90,3,2262,14,0.9932180340762689,1.0380957290913433,0.9881772288111965,1.0380957290913433,43.01382724754019,True
base,90,3,2262,15,0.9854610090408976,1.044428326322507,0.9794772395480252,1.044428326322507,58.73124977583026,True
base,90,3,2262,16,0.9738483795433984,1.048947598916092,0.9679156274543437,1.048947598916092,82.32269920114986,True
base,90,3,2262,17,0.9487860245015945,1.0619280428686955,0.9434515765507195,1.0646299114442654,130.9514707245498,True
base,90,3,2262,18,0.9274430918566446,1.057874041701468,0.9274430918566446,1.0606166530132648,151.03940803450257,True
base,90,3,2262,19,0.9378653635396176,1.0605817322742341,0.9378653635396176,1.06316360890276,144.33078349732625,True
base,90,3,2262,20,0.9710571726957266,1.0688037542683022,0.9531833644766957,1.0710021047910279,122.45598489285175,True
base,90,3,2262,21,0.9816044001761958,1.058413837719305,0.9648928837066995,1.0600909971679824,100.72967688664541,True
base,90,3,2262,22,0.9877193673808031,1.046953201873988,0.9745917427333758,1.0481111378183252,80.90125504233927,True
base,90,3,2262,23,0.9914199374308011,1.040312389482275,0.9824451415419858,1.0409883222857717,65.41577965995798,True
base,90,4,2262,0,0.9833427674596651,1.0441884722203274,0.9833427674596651,1.0441884722203274,53.4451088979938,True
base,90,4,2262,1,0.9902493250469642,1.047955393354504,0.9902493250469642,1.047955393354504,46.99439000126109,True
base,90,4,2262,2,0.9958239383890231,1.0468136245343873,0.9927311540521623,1.0468136245343873,41.37896889822588,True
base,90,4,2262,3,0.995985914760398,1.041834741274543,0.9952833329132247,1.041834741274543,35.0329640998551,True
base,90,4,2262,4,0.9934062424738529,1.0386308918998592,0.9934062424738529,1.0386308918998592,34.543934372970256,True
base,90,4,2262,5,0.9877672727667571,1.037933944273388,0.9877672727667571,1.037933944273388,38.22737221527939,True
base,90,4,2262,6,0.9833187806941717,1.0387410947809805,0.9833187806941717,1.0387410947809805,41.25923434120344,True
base,90,4,2262,7,0.9831899245659326,1.0488958760305196,0.9831899245659326,1.0488958760305196,50.16688341770894,True
base,90,4,2262,8,0.9813571624737056,1.0486836548884548,0.9775386802386989,1.0486836548884548,59.45548696175171,True
base,90,4,2262,9,0.9940571274836613,1.0477174822128796,0.9826698822663837,1.0477174822128796,49.48567231270465,True
base,90,4,2262,10,0.9957605122295241,1.041927014639379,0.9862282011114368,1.041927014639379,43.696922625937134,True
base,90,4,2262,11,0.996949439492583,1.0427408269171554,0.9867690431130305,1.0427408269171554,42.91015795433262,True
base,90,4,2262,12,0.9971909135988433,1.043121958301898,0.9871471709903672,1.043121958301898,44.70588540730503,True
base,90,4,2262,13,0.9983864290716112,1.0439379014699022,0.9876909178673312,1.0439379014699022,43.92709646517358,True
base,90,4,2262,14,0.9932520849512135,1.0381512484067388,0.988169661473842,1.0381512484067388,43.01347827061018,True
base,90,4,2262,15,0.9855700527591879,1.0445194664765776,0.9794680422394978,1.0445194664765776,58.730486842419886,True
base,90,4,2262,16,0.9740864437760004,1.0492858610177653,0.9679053154729143,1.0492858610177653,82.31968541368215,True
base,90,4,2262,17,0.9494514300562114,1.062237347913496,0.9434694783165004,1.0649054203483308,130.93916782110563,True
base,90,4,2262,18,0.9284634333317153,1.0583591204174099,0.9284634333317153,1.0610450276466732,151.03100850232886,True
base,90,4,2262,19,0.9388328360866479,1.0610257944475492,0.9388328360866479,1.0635581234591494,144.31674883507313,True
base,90,4,2262,20,0.9717913925862413,1.0691381807943223,0.9531952476319354,1.0713025712667628,122.448934359024,True
base,90,4,2262,21,0.9821442645264216,1.058667673927195,0.9648808847796498,1.0603182351424656,100.72563165716792,True
base,90,4,2262,22,0.9881125239567572,1.0471343010670733,0.9745726592959199,1.0482734513973329,80.89789112673893,True
base,90,4,2262,23,0.9914812694331345,1.040447376704986,0.9824237615932735,1.0411098012299391,65.41373562695169,True
base,90,5,2262,0,0.9832285189924014,1.044348810445201,0.9832285189924014,1.044348810445201,53.44756477759548,True
base,90,5,2262,1,0.9901579579767298,1.0480736753577462,0.9901579579767298,1.0480736753577462,46.99600740376826,True
base,90,5,2262,2,0.9957552261637947,1.0465792318431497,0.9927294087672128,1.0465792318431497,41.37998448708045,True
base,90,5,2262,3,0.9959374539209027,1.0416634275170757,0.9952837952366395,1.0416634275170757,35.033498038273784,True
base,90,5,2262,4,0.9933741627690625,1.0385168188012326,0.9933741627690625,1.0385168188012326,34.54434756313977,True
base,90,5,2262,5,0.9877337708132303,1.037817157640056,0.9877337708132303,1.037817157640056,38.22792362408871,True
base,90,5,2262,6,0.9832841228008118,1.0386221521973764,0.9832841228008118,1.0386221521973764,41.25988655512748,True
base,90,5,2262,7,0.9831526998144654,1.048772786692777,0.9831526998144654,1.048772786692777,50.167809703450736,True
base,90,5,2262,8,0.9812749152728641,1.0487287767651268,0.9775346633752292,1.0487287767651268,59.45669083939847,True
base,90,5,2262,9,0.9940391718637486,1.0476576378861087,0.9826688608517175,1.0476576378861087,49.4861373501023,True
base,90,5,2262,10,0.9957434464589885,1.0419503509370969,0.9862277063958678,1.0419503509370969,43.697300877714724,True
base,90,5,2262,11,0.9969325116274178,1.042764196058527,0.9867686192099497,1.042764196058527,42.9105245737345,True
base,90,5,2262,12,0.9971567066609759,1.0431681801128054,0.9871460822040755,1.0431681801128054,44.7065894109486,True
base,90,5,2262,13,0.9983520826544041,1.0439845796161817,0.9876898222130565,1.0439845796161817,43.927808120358335,True
base,90,5,2262,14,0.9932176917270912,1.0381984464927017,0.9881686509330466,1.0381984464927017,43.014169388712794,True
base,90,5,2262,15,0.9854471876478746,1.044587300034454,0.9794621283602881,1.044587300034454,58.73219234822405,True
base,90,5,2262,16,0.9738047934427029,1.048863848293283,0.9678781617804743,1.048863848293283,82.32581548154852,True
base,90,5,2262,17,0.9485945013693705,1.0621377215152021,0.9433222987547537,1.0647642974781395,130.96587801727154,True
base,90,5,2262,18,0.9271349276026579,1.0581959119245288,0.9271349276026579,1.0608261852604817,151.0651563031206,True
base,90,5,2262,19,0.9375837117536638,1.0608795276399656,0.9375837117536638,1.063356197840125,144.35598775729622,True
base,90,5,2262,20,0.9708676861643295,1.0690299433361483,0.9530463200191813,1.0711457163934437,122.474489258187,True
base,90,5,2262,21,0.9814818205972429,1.0585888879980763,0.9647973560823202,1.0601995127888275,100.7390314659741,True
base,90,5,2262,22,0.9876519536590279,1.047079603590735,0.9745299736617098,1.0481876858239063,80.90575917333608,True
base,90,5,2262,23,0.991433262953927,1.0404076071946193,0.9824021086877853,1.041044610648324,65.41819817207818,True
base,100,1,2513,0,0.9818191687586557,1.0482006707363676,0.9818191687586557,1.0482006707363676,55.73043476728906,True
base,100,1,2513,1,0.9888471827520404,1.047263721843541,0.9888471827520404,1.047263721843541,48.87014276096595,True
base,100,1,2513,2,0.9947450349997935,1.0453903929918398,0.9924193608717913,1.0453903929918398,42.86796751051889,True
base,100,1,2513,3,0.9952094211781908,1.0408124055089565,0.9950706371085402,1.0408124055089565,36.13822737145042,True
base,100,1,2513,4,0.9928908007206649,1.037951461617489,0.9928908007206649,1.037951461617489,35.28326757837216,True
base,100,1,2513,5,0.9872515096882817,1.037231926516688,0.9872515096882817,1.037231926516688,38.981193396756545,True
base,100,1,2513,6,0.9827766889024825,1.0380195165313633,0.9827766889024825,1.0380195165313633,42.00546727273549,True
base,100,1,2513,7,0.982621887615508,1.0481349839551588,0.982621887615508,1.0481349839551588,50.917757726338714,True
base,100,1,2513,8,0.9806422254975973,1.0483974165307777,0.9773473777921072,1.0483974165307777,60.209854570164566,True
base,100,1,2513,9,0.9937601887696493,1.0473320511310642,0.9825795244583208,1.0473320511310642,49.863001779782074,True
base,100,1,2513,10,0.995491938797441,1.041792254009656,0.9861502759042098,1.041792254009656,44.069331683658476,True
base,100,1,2513,11,0.9966812200687484,1.0426071271346475,0.9866915516785566,1.0426071271346475,43.282647311930646,True
base,100,1,2513,12,0.9966494355035516,1.0428515616924496,0.9869885513577722,1.0428515616924496,45.452450053281346,True
base,100,1,2513,13,0.9978449630461043,1.0436694158995123,0.9875327198290649,1.0436694158995123,44.674418501552445,True
base,100,1,2513,14,0.9927112792363955,1.0378830263528311,0.9880126748148893,1.0378830263528311,43.76052711534666,True
base,100,1,2513,15,0.9845005235620474,1.04409385572177,0.9791816832650706,1.04409385572177,59.86589785679254,True
base,100,1,2513,16,0.9779244903126375,1.0473282732206461,0.9671179748784119,1.0490379415797626,84.83163268124187,True
base,100,1,2513,17,0.9420910975759947,1.0607463859629154,0.9408135348178949,1.0634419203191905,136.8830985656355,True
base,100,1,2513,18,0.916501262281341,1.0558843331654566,0.916501262281341,1.0586429636604124,159.7364238416832,True
base,100,1,2513,19,0.9278011544854355,1.0587794114761084,0.9278011544854355,1.0613689176187178,152.50908807370982,True
base,100,1,2513,20,0.9637941299709828,1.0677474801729612,0.9504200044250233,1.0698728389626104,129.15299407108873,True
base,100,1,2513,21,0.9830675613533566,1.0636399235694614,0.9631207051982797,1.0653219420415725,106.20004341564993,True
base,100,1,2513,22,0.9906704922074583,1.052416898970439,0.9734158654177123,1.053594502962955,84.95679844314576,True
base,100,1,2513,23,0.9929869133813736,1.0398715817641508,0.9815660943192077,1.0405607691537164,68.49816620041405,True
base,100,2,2513,0,0.9818191687586557,1.0482006707363676,0.9818191687586557,1.0482006707363676,55.73043476728906,True
base,100,2,2513,1,0.9888471827520404,1.047263721843541,0.9888471827520404,1.047263721843541,48.87014276096595,True
base,100,2,2513,2,0.9947450349997935,1.0453903929918398,0.9924193608717913,1.0453903929918398,42.86796751051889,True
base,100,2,2513,3,0.9952094211781908,1.0408124055089565,0.9950706371085402,1.0408124055089565,36.13822737145042,True
base,100,2,2513,4,0.9928908007206649,1.037951461617489,0.9928908007206649,1.037951461617489,35.28326757837216,True
base,100,2,2513,5,0.9872515096882817,1.037231926516688,0.9872515096882817,1.037231926516688,38.981193396756545,True
base,100,2,2513,6,0.9827766889024825,1.0380195165313633,0.9827766889024825,1.0380195165313633,42.00546727273549,True
base,100,2,2513,7,0.982621887615508,1.0481349839551588,0.982621887615508,1.0481349839551588,50.917757726338714,True
base,100,2,2513,8,0.9806422254975973,1.0483974165307777,0.9773473777921072,1.0483974165307777,60.209854570164566,True
base,100,2,2513,9,0.9937601887696493,1.0473320511310642,0.9825795244583208,1.0473320511310642,49.863001779782074,True
base,100,2,2513,10,0.995491938797441,1.041792254009656,0.9861502759042098,1.041792254009656,44.069331683658476,True
base,100,2,2513,11,0.9966812200687484,1.0426071271346475,0.9866915516785566,1.0426071271346475,43.282647311930646,True
base,100,2,2513,12,0.9966494355035516,1.0428515616924496,0.9869885513577722,1.0428515616924496,45.452450053281346,True
base,100,2,2513,13,0.9978449630461043,1.0436694158995123,0.9875327198290649,1.0436694158995123,44.674418501552445,True
base,100,2,2513,14,0.9927112792363955,1.0378830263528311,0.9880126748148893,1.0378830263528311,43.76052711534666,True
base,100,2,2513,15,0.9845005235620474,1.04409385572177,0.9791816832650706,1.04409385572177,59.86589785679254,True
base,100,2,2513,16,0.9779244903126375,1.0473282732206461,0.9671179748784119,1.0490379415797626,84.83163268124187,True
base,100,2,2513,17,0.9420910975759947,1.0607463859629154,0.9408135348178949,1.0634419203191905,136.8830985656355,True
base,100,2,2513,18,0.916501262281341,1.0558843331654566,0.916501262281341,1.0586429636604124,159.7364238416832,True
base,100,2,2513,19,0.9278011544854355,1.0587794114761084,0.9278011544854355,1.0613689176187178,152.50908807370982,True
base,100,2,2513,20,0.9637941299709828,1.0677474801729612,0.9504200044250233,1.0698728389626104,129.15299407108873,True
base,100,2,2513,21,0.9830675613533566,1.0636399235694614,0.9631207051982797,1.0653219420415725,106.20004341564993,True
base,100,2,2513,22,0.9906704922074583,1.052416898970439,0.9734158654177123,1.053594502962955,84.95679844314576,True
base,100,2,2513,23,0.9929869133813736,1.0398715817641508,0.9815660943192077,1.0405607691537164,68.49816620041405,True
base,100,3,2513,0,0.9818191687586557,1.0482006707363676,0.9818191687586557,1.0482006707363676,55.73043476728906,True
base,100,3,2513,1,0.9888471827520404,1.047263721843541,0.9888471827520404,1.047263721843541,48.87014276096595,True
base,100,3,2513,2,0.9947450349997935,1.0453903929918398,0.9924193608717913,1.0453903929918398,42.86796751051889,True
base,100,3,2513,3,0.9952094211781908,1.0408124055089565,0.9950706371085402,1.0408124055089565,36.13822737145042,True
base,100,3,2513,4,0.9928908007206649,1.037951461617489,0.9928908007206649,1.037951461617489,35.28326757837216,True
base,100,3,2513,5,0.9872515096882817,1.037231926516688,0.9872515096882817,1.037231926516688,38.981193396756545,True
base,100,3,2513,6,0.9827766889024825,1.0380195165313633,0.9827766889024825,1.0380195165313633,42.00546727273549,True
base,100,3,2513,7,0.982621887615508,1.0481349839551588,0.982621887615508,1.0481349839551588,50.917757726338714,True
base,100,3,2513,8,0.9806422254975973,1.0483974165307777,0.9773473777921072,1.0483974165307777,60.209854570164566,True
base,100,3,2513,9,0.9937601887696493,1.0473320511310642,0.9825795244583208,1.0473320511310642,49.863001779782074,True
base,100,3,2513,10,0.995491938797441,1.041792254009656,0.9861502759042098,1.041792254009656,44.069331683658476,True
base,100,3,2513,11,0.9966812200687484,1.0426071271346475,0.9866915516785566,1.0426071271346475,43.282647311930646,True
base,100,3,2513,12,0.9966494355035516,1.0428515616924496,0.9869885513577722,1.0428515616924496,45.452450053281346,True
base,100,3,2513,13,0.9978449630461043,1.0436694158995123,0.9875327198290649,1.0436694158995123,44.674418501552445,True
base,100,3,2513,14,0.9927112792363955,1.0378830263528311,0.9880126748148893,1.0378830263528311,43.76052711534666,True
base,100,3,2513,15,0.9845005235620474,1.04409385572177,0.9791816832650706,1.04409385572177,59.86589785679254,True
base,100,3,2513,16,0.9779244903126375,1.0473282732206461,0.9671179748784119,1.0490379415797626,84.83163268124187,True
base,100,3,2513,17,0.9420910975759947,1.0607463859629154,0.9408135348178949,1.0634419203191905,136.8830985656355,True
base,100,3,2513,18,0.916501262281341,1.0558843331654566,0.916501262281341,1.0586429636604124,159.7364238416832,True
base,100,3,2513,19,0.9278011544854355,1.0587794114761084,0.9278011544854355,1.0613689176187178,152.50908807370982,True
base,100,3,2513,20,0.9637941299709828,1.0677474801729612,0.9504200044250233,1.0698728389626104,129.15299407108873,True
base,100,3,2513,21,0.9830675613533566,1.0636399235694614,0.9631207051982797,1.0653219420415725,106.20004341564993,True
base,100,3,2513,22,0.9906704922074583,1.052416898970439,0.9734158654177123,1.053594502962955,84.95679844314576,True
base,100,3,2513,23,0.9929869133813736,1.0398715817641508,0.9815660943192077,1.0405607691537164,68.49816620041405,True
base,100,4,2513,0,0.9818191687586557,1.0482006707363676,0.9818191687586557,1.0482006707363676,55.73043476728906,True
base,100,4,2513,1,0.9888471827520404,1.047263721843541,0.9888471827520404,1.047263721843541,48.87014276096595,True
base,100,4,2513,2,0.9947450349997935,1.0453903929918398,0.9924193608717913,1.0453903929918398,42.86796751051889,True
base,100,4,2513,3,0.9952094211781908,1.0408124055089565,0.9950706371085402,1.0408124055089565,36.13822737145042,True
base,100,4,2513,4,0.9928908007206649,1.037951461617489,0.9928908007206649,1.037951461617489,35.28326757837216,True
base,100,4,2513,5,0.9872515096882817,1.037231926516688,0.9872515096882817,1.037231926516688,38.981193396756545,True
base,100,4,2513,6,0.9827766889024825,1.0380195165313633,0.9827766889024825,1.0380195165313633,42.00546727273549,True
base,100,4,2513,7,0.982621887615508,1.0481349839551588,0.982621887615508,1.0481349839551588,50.917757726338714,True
base,100,4,2513,8,0.9806422254975973,1.0483974165307777,0.9773473777921072,1.0483974165307777,60.209854570164566,True
base,100,4,2513,9,0.9937601887696493,1.0473320511310642,0.9825795244583208,1.0473320511310642,49.863001779782074,True
base,100,4,2513,10,0.995491938797441,1.041792254009656,0.9861502759042098,1.041792254009656,44.069331683658476,True
base,100,4,2513,11,0.9966812200687484,1.0426071271346475,0.9866915516785566,1.0426071271346475,43.282647311930646,True
base,100,4,2513,12,0.9966494355035516,1.0428515616924496,0.9869885513577722,1.0428515616924496,45.452450053281346,True
base,100,4,2513,13,0.9978449630461043,1.0436694158995123,0.9875327198290649,1.0436694158995123,44.674418501552445,True
base,100,4,2513,14,0.9927112792363955,1.0378830263528311,0.9880126748148893,1.0378830263528311,43.76052711534666,True
base,100,4,2513,15,0.9845005235620474,1.04409385572177,0.9791816832650706,1.04409385572177,59.86589785679254,True
base,100,4,2513,16,0.9779244903126375,1.0473282732206461,0.9671179748784119,1.0490379415797626,84.83163268124187,True
base,100,4,2513,17,0.9420910975759947,1.0607463859629154,0.9408135348178949,1.0634419203191905,136.8830985656355,True
base,100,4,2513,18,0.916501262281341,1.0558843331654566,0.916501262281341,1.0586429636604124,159.7364238416832,True
base,100,4,2513,19,0.9278011544854355,1.0587794114761084,0.9278011544854355,1.0613689176187178,152.50908807370982,True
base,100,4,2513,20,0.9637941299709828,1.0677474801729612,0.9504200044250233,1.0698728389626104,129.15299407108873,True
base,100,4,2513,21,0.9830675613533566,1.0636399235694614,0.9631207051982797,1.0653219420415725,106.20004341564993,True
base,100,4,2513,22,0.9906704922074583,1.052416898970439,0.9734158654177123,1.053594502962955,84.95679844314576,True
base,100,4,2513,23,0.9929869133813736,1.0398715817641508,0.9815660943192077,1.0405607691537164,68.49816620041405,True
base,100,5,2513,0,0.9818191687586557,1.0482006707363676,0.9818191687586557,1.0482006707363676,55.73043476728906,True
base,100,5,2513,1,0.9888471827520404,1.047263721843541,0.9888471827520404,1.047263721843541,48.87014276096595,True
base,100,5,2513,2,0.9947450349997935,1.0453903929918398,0.9924193608717913,1.0453903929918398,42.86796751051889,True
base,100,5,2513,3,0.9952094211781908,1.0408124055089565,0.9950706371085402,1.0408124055089565,36.13822737145042,True
base,100,5,2513,4,0.9928908007206649,1.037951461617489,0.9928908007206649,1.037951461617489,35.28326757837216,True
base,100,5,2513,5,0.9872515096882817,1.037231926516688,0.9872515096882817,1.037231926516688,38.981193396756545,True
base,100,5,2513,6,0.9827766889024825,1.0380195165313633,0.9827766889024825,1.0380195165313633,42.00546727273549,True
base,100,5,2513,7,0.982621887615508,1.0481349839551588,0.982621887615508,1.0481349839551588,50.917757726338714,True
base,100,5,2513,8,0.9806422254975973,1.0483974165307777,0.9773473777921072,1.0483974165307777,60.209854570164566,True
base,100,5,2513,9,0.9937601887696493,1.0473320511310642,0.9825795244583208,1.0473320511310642,49.863001779782074,True
base,100,5,2513,10,0.995491938797441,1.041792254009656,0.9861502759042098,1.041792254009656,44.069331683658476,True
base,100,5,2513,11,0.9966812200687484,1.0426071271346475,0.9866915516785566,1.0426071271346475,43.282647311930646,True
base,100,5,2513,12,0.9966494355035516,1.0428515616924496,0.9869885513577722,1.0428515616924496,45.452450053281346,True
base,100,5,2513,13,0.9978449630461043,1.0436694158995123,0.9875327198290649,1.0436694158995123,44.674418501552445,True
base,100,5,2513,14,0.9927112792363955,1.0378830263528311,0.9880126748148893,1.0378830263528311,43.76052711534666,True
base,100,5,2513,15,0.9845005235620474,1.04409385572177,0.9791816832650706,1.04409385572177,59.86589785679254,True
base,100,5,2513,16,0.9779244903126375,1.0473282732206461,0.9671179748784119,1.0490379415797626,84.83163268124187,True
base,100,5,2513,17,0.9420910975759947,1.0607463859629154,0.9408135348178949,1.0634419203191905,136.8830985656355,True
base,100,5,2513,18,0.916501262281341,1.0558843331654566,0.916501262281341,1.0586429636604124,159.7364238416832,True
base,100,5,2513,19,0.9278011544854355,1.0587794114761084,0.9278011544854355,1.0613689176187178,152.50908807370982,True
base,100,5,2513,20,0.9637941299709828,1.0677474801729612,0.9504200044250233,1.0698728389626104,129.15299407108873,True
base,100,5,2513,21,0.9830675613533566,1.0636399235694614,0.9631207051982797,1.0653219420415725,106.20004341564993,True
base,100,5,2513,22,0.9906704922074583,1.052416898970439,0.9734158654177123,1.053594502962955,84.95679844314576,True
base,100,5,2513,23,0.9929869133813736,1.0398715817641508,0.9815660943192077,1.0405607691537164,68.49816620041405,True
kva7500,0,1,0,0,0.9862403475065465,1.0385708188070806,0.9862403475065465,1.0385708188070806,21.93869321873029,True
kva7500,0,1,0,1,0.99007327601128,1.0415662868929987,0.99007327601128,1.0415662868929987,19.98438600672918,True
kva7500,0,1,0,2,0.9929252871159826,1.045265081715373,0.9929252871159826,1.045265081715373,18.560538508815142,True
kva7500,0,1,0,3,0.9965192415310805,1.0459487709897426,0.9965192415310805,1.0459487709897426,16.714154721933614,True
kva7500,0,1,0,4,0.9927340612658564,1.0432679279780661,0.9927340612658564,1.0432679279780661,18.546598711180895,True
kva7500,0,1,0,5,0.9881788471772323,1.0399125553283513,0.9881788471772323,1.0399125553283513,20.950315445490677,True
kva7500,0,1,0,6,0.9843365538647946,1.037213983946084,0.9843365538647946,1.037213983946084,22.930199249436644,True
kva7500,0,1,0,7,0.9866161038342571,1.0470872999041179,0.9866161038342571,1.0470872999041179,28.80695205589581,True
kva7500,0,1,0,8,0.9821149009967546,1.0461296267244484,0.9821149009967546,1.0461296267244484,34.814227274127845,True
kva7500,0,1,0,9,0.9898051563105259,1.0474537827728592,0.9891723151295142,1.0474537827728592,30.487398128433117,True
kva7500,0,1,0,10,0.9965915804467703,1.0458304733253314,0.9915514331531794,1.0458304733253314,26.78102313940433,True
kva7500,0,1,0,11,0.9975672514506234,1.047094054239856,0.9918974688929321,1.047094054239856,26.261917279727815,True
kva7500,0,1,0,12,0.9930089009923766,1.0410210398428197,0.9924618049386337,1.0410210398428197,25.119886913666328,True
kva7500,0,1,0,13,0.9939734720856925,1.0416999296374807,0.9928024932506956,1.0416999296374807,24.609359164898112,True
kva7500,0,1,0,14,0.9949415721891138,1.0423765633613642,0.9931439925441277,1.0423765633613642,24.09970721605843,True
kva7500,0,1,0,15,0.9868092028825769,1.0455816961768623,0.9868092028825769,1.0455816961768623,32.08604614217341,True
kva7500,0,1,0,16,0.9828679009980795,1.0483390836122775,0.9828165777620324,1.0483390836122775,40.571411971269264,True
kva7500,0,1,0,17,0.9774033143520535,1.0471253517132624,0.9751805181944386,1.0471253517132624,52.411512363050164,True
kva7500,0,1,0,18,0.9809781073393358,1.0491790718115193,0.9762990622969024,1.0491790718115193,50.67323017430285,True
kva7500,0,1,0,19,0.9848862399487495,1.0479687102962072,0.977488014890256,1.048462464450269,48.932668157894625,True
kva7500,0,1,0,20,0.9918037201873583,1.043480468055719,0.9815873790866106,1.0451303734401478,42.496056281317244,True
kva7500,0,1,0,21,0.9920650522526663,1.0377802119032569,0.9855693402093473,1.0377802119032569,36.104426187294976,True
kva7500,0,1,0,22,0.9959321845840275,1.0373347379496147,0.9890562830485718,1.0373347379496147,30.56339743569004,True
kva7500,0,1,0,23,0.9955453875846304,1.0364568996264572,0.9924252919338078,1.0364568996264572,25.1943244510683,True
kva7500,0,2,0,0,0.9862403475065465,1.0385708188070806,0.9862403475065465,1.0385708188070806,21.93869321873029,True
kva7500,0,2,0,1,0.99007327601128,1.0415662868929987,0.99007327601128,1.0415662868929987,19.98438600672918,True
kva7500,0,2,0,2,0.9929252871159826,1.045265081715373,0.9929252871159826,1.045265081715373,18.560538508815142,True
kva7500,0,2,0,3,0.9965192415310805,1.0459487709897426,0.9965192415310805,1.0459487709897426,16.714154721933614,True
kva7500,0,2,0,4,0.9927340612658564,1.0432679279780661,0.9927340612658564,1.0432679279780661,18.546598711180895,True
kva7500,0,2,0,5,0.9881788471772323,1.0399125553283513,0.9881788471772323,1.0399125553283513,20.950315445490677,True
kva7500,0,2,0,6,0.9843365538647946,1.037213983946084,0.9843365538647946,1.037213983946084,22.930199249436644,True
kva7500,0,2,0,7,0.9866161038342571,1.0470872999041179,0.9866161038342571,1.0470872999041179,28.80695205589581,True
kva7500,0,2,0,8,0.9821149009967546,1.0461296267244484,0.9821149009967546,1.0461296267244484,34.814227274127845,True
kva7500,0,2,0,9,0.9898051563105259,1.0474537827728592,0.9891723151295142,1.0474537827728592,30.487398128433117,True
kva7500,0,2,0,10,0.9965915804467703,1.0458304733253314,0.9915514331531794,1.0458304733253314,26.78102313940433,True
kva7500,0,2,0,11,0.9975672514506234,1.047094054239856,0.9918974688929321,1.047094054239856,26.261917279727815,True
kva7500,0,2,0,12,0.9930089009923766,1.0410210398428197,0.9924618049386337,1.0410210398428197,25.119886913666328,True
kva7500,0,2,0,13,0.9939734720856925,1.0416999296374807,0.9928024932506956,1.0416999296374807,24.609359164898112,True
kva7500,0,2,0,14,0.9949415721891138,1.0423765633613642,0.9931439925441277,1.0423765633613642,24.09970721605843,True
kva7500,0,2,0,15,0.9868092028825769,1.0455816961768623,0.9868092028825769,1.0455816961768623,32.08604614217341,True
kva7500,0,2,0,16,0.9828679009980795,1.0483390836122775,0.9828165777620324,1.0483390836122775,40.571411971269264,True
kva7500,0,2,0,17,0.9774033143520535,1.0471253517132624,0.9751805181944386,1.0471253517132624,52.411512363050164,True
kva7500,0,2,0,18,0.9809781073393358,1.0491790718115193,0.9762990622969024,1.0491790718115193,50.67323017430285,True
kva7500,0,2,0,19,0.9848862399487495,1.0479687102962072,0.977488014890256,1.048462464450269,48.932668157894625,True
kva7500,0,2,0,20,0.9918037201873583,1.043480468055719,0.9815873790866106,1.0451303734401478,42.496056281317244,True
kva7500,0,2,0,21,0.9920650522526663,1.0377802119032569,0.9855693402093473,1.0377802119032569,36.104426187294976,True
kva7500,0,2,0,22,0.9959321845840275,1.0373347379496147,0.9890562830485718,1.0373347379496147,30.56339743569004,True
kva7500,0,2,0,23,0.9955453875846304,1.0364568996264572,0.9924252919338078,1.0364568996264572,25.1943244510683,True
kva7500,0,3,0,0,0.9862403475065465,1.0385708188070806,0.9862403475065465,1.0385708188070806,21.93869321873029,True
kva7500,0,3,0,1,0.99007327601128,1.0415662868929987,0.99007327601128,1.0415662868929987,19.98438600672918,True
kva7500,0,3,0,2,0.9929252871159826,1.045265081715373,0.9929252871159826,1.045265081715373,18.560538508815142,True
kva7500,0,3,0,3,0.9965192415310805,1.0459487709897426,0.9965192415310805,1.0459487709897426,16.714154721933614,True
kva7500,0,3,0,4,0.9927340612658564,1.0432679279780661,0.9927340612658564,1.0432679279780661,18.546598711180895,True
kva7500,0,3,0,5,0.9881788471772323,1.0399125553283513,0.9881788471772323,1.0399125553283513,20.950315445490677,True
kva7500,0,3,0,6,0.9843365538647946,1.037213983946084,0.9843365538647946,1.037213983946084,22.930199249436644,True
kva7500,0,3,0,7,0.9866161038342571,1.0470872999041179,0.9866161038342571,1.0470872999041179,28.80695205589581,True
kva7500,0,3,0,8,0.9821149009967546,1.0461296267244484,0.9821149009967546,1.0461296267244484,34.814227274127845,True
kva7500,0,3,0,9,0.9898051563105259,1.0474537827728592,0.9891723151295142,1.0474537827728592,30.487398128433117,True
kva7500,0,3,0,10,0.9965915804467703,1.0458304733253314,0.9915514331531794,1.0458304733253314,26.78102313940433,True
kva7500,0,3,0,11,0.9975672514506234,1.047094054239856,0.9918974688929321,1.047094054239856,26.261917279727815,True
kva7500,0,3,0,12,0.9930089009923766,1.0410210398428197,0.9924618049386337,1.0410210398428197,25.119886913666328,True
kva7500,0,3,0,13,0.9939734720856925,1.0416999296374807,0.9928024932506956,1.0416999296374807,24.609359164898112,True
kva7500,0,3,0,14,0.9949415721891138,1.0423765633613642,0.9931439925441277,1.0423765633613642,24.09970721605843,True
kva7500,0,3,0,15,0.9868092028825769,1.0455816961768623,0.9868092028825769,1.0455816961768623,32.08604614217341,True
kva7500,0,3,0,16,0.9828679009980795,1.0483390836122775,0.9828165777620324,1.0483390836122775,40.571411971269264,True
kva7500,0,3,0,17,0.9774033143520535,1.0471253517132624,0.9751805181944386,1.0471253517132624,52.411512363050164,True
kva7500,0,3,0,18,0.9809781073393358,1.0491790718115193,0.9762990622969024,1.0491790718115193,50.67323017430285,True
kva7500,0,3,0,19,0.9848862399487495,1.0479687102962072,0.977488014890256,1.048462464450269,48.932668157894625,True
kva7500,0,3,0,20,0.9918037201873583,1.043480468055719,0.9815873790866106,1.0451303734401478,42.496056281317244,True
kva7500,0,3,0,21,0.9920650522526663,1.0377802119032569,0.9855693402093473,1.0377802119032569,36.104426187294976,True
kva7500,0,3,0,22,0.9959321845840275,1.0373347379496147,0.9890562830485718,1.0373347379496147,30.56339743569004,True
kva7500,0,3,0,23,0.9955453875846304,1.0364568996264572,0.9924252919338078,1.0364568996264572,25.1943244510683,True
kva7500,0,4,0,0,0.9862403475065465,1.0385708188070806,0.9862403475065465,1.0385708188070806,21.93869321873029,True
kva7500,0,4,0,1,0.99007327601128,1.0415662868929987,0.99007327601128,1.0415662868929987,19.98438600672918,True
kva7500,0,4,0,2,0.9929252871159826,1.045265081715373,0.9929252871159826,1.045265081715373,18.560538508815142,True
kva7500,0,4,0,3,0.9965192415310805,1.0459487709897426,0.9965192415310805,1.0459487709897426,16.714154721933614,True
kva7500,0,4,0,4,0.9927340612658564,1.0432679279780661,0.9927340612658564,1.0432679279780661,18.546598711180895,True
kva7500,0,4,0,5,0.9881788471772323,1.0399125553283513,0.9881788471772323,1.0399125553283513,20.950315445490677,True
kva7500,0,4,0,6,0.9843365538647946,1.037213983946084,0.9843365538647946,1.037213983946084,22.930199249436644,True
kva7500,0,4,0,7,0.9866161038342571,1.0470872999041179,0.9866161038342571,1.0470872999041179,28.80695205589581,True
kva7500,0,4,0,8,0.9821149009967546,1.0461296267244484,0.9821149009967546,1.0461296267244484,34.814227274127845,True
kva7500,0,4,0,9,0.9898051563105259,1.0474537827728592,0.9891723151295142,1.0474537827728592,30.487398128433117,True
kva7500,0,4,0,10,0.9965915804467703,1.0458304733253314,0.9915514331531794,1.0458304733253314,26.78102313940433,True
kva7500,0,4,0,11,0.9975672514506234,1.047094054239856,0.9918974688929321,1.047094054239856,26.261917279727815,True
kva7500,0,4,0,12,0.9930089009923766,1.0410210398428197,0.9924618049386337,1.0410210398428197,25.119886913666328,True
kva7500,0,4,0,13,0.9939734720856925,1.0416999296374807,0.9928024932506956,1.0416999296374807,24.609359164898112,True
kva7500,0,4,0,14,0.9949415721891138,1.0423765633613642,0.9931439925441277,1.0423765633613642,24.09970721605843,True
kva7500,0,4,0,15,0.9868092028825769,1.0455816961768623,0.9868092028825769,1.0455816961768623,32.08604614217341,True
kva7500,0,4,0,16,0.9828679009980795,1.0483390836122775,0.9828165777620324,1.0483390836122775,40.571411971269264,True
kva7500,0,4,0,17,0.9774033143520535,1.0471253517132624,0.9751805181944386,1.0471253517132624,52.411512363050164,True
kva7500,0,4,0,18,0.9809781073393358,1.0491790718115193,0.9762990622969024,1.0491790718115193,50.67323017430285,True
kva7500,0,4,0,19,0.9848862399487495,1.0479687102962072,0.977488014890256,1.048462464450269,48.932668157894625,True
kva7500,0,4,0,20,0.9918037201873583,1.043480468055719,0.9815873790866106,1.0451303734401478,42.496056281317244,True
kva7500,0,4,0,21,0.9920650522526663,1.0377802119032569,0.9855693402093473,1.0377802119032569,36.104426187294976,True
kva7500,0,4,0,22,0.9959321845840275,1.0373347379496147,0.9890562830485718,1.0373347379496147,30.56339743569004,True
kva7500,0,4,0,23,0.9955453875846304,1.0364568996264572,0.9924252919338078,1.0364568996264572,25.1943244510683,True
kva7500,0,5,0,0,0.9862403475065465,1.0385708188070806,0.9862403475065465,1.0385708188070806,21.93869321873029,True
kva7500,0,5,0,1,0.99007327601128,1.0415662868929987,0.99007327601128,1.0415662868929987,19.98438600672918,True
kva7500,0,5,0,2,0.9929252871159826,1.045265081715373,0.9929252871159826,1.045265081715373,18.560538508815142,True
kva7500,0,5,0,3,0.9965192415310805,1.0459487709897426,0.9965192415310805,1.0459487709897426,16.714154721933614,True
kva7500,0,5,0,4,0.9927340612658564,1.0432679279780661,0.9927340612658564,1.0432679279780661,18.546598711180895,True
kva7500,0,5,0,5,0.9881788471772323,1.0399125553283513,0.9881788471772323,1.0399125553283513,20.950315445490677,True
kva7500,0,5,0,6,0.9843365538647946,1.037213983946084,0.9843365538647946,1.037213983946084,22.930199249436644,True
kva7500,0,5,0,7,0.9866161038342571,1.0470872999041179,0.9866161038342571,1.0470872999041179,28.80695205589581,True
kva7500,0,5,0,8,0.9821149009967546,1.0461296267244484,0.9821149009967546,1.0461296267244484,34.814227274127845,True
kva7500,0,5,0,9,0.9898051563105259,1.0474537827728592,0.9891723151295142,1.0474537827728592,30.487398128433117,True
kva7500,0,5,0,10,0.9965915804467703,1.0458304733253314,0.9915514331531794,1.0458304733253314,26.78102313940433,True
kva7500,0,5,0,11,0.9975672514506234,1.047094054239856,0.9918974688929321,1.047094054239856,26.261917279727815,True
kva7500,0,5,0,12,0.9930089009923766,1.0410210398428197,0.9924618049386337,1.0410210398428197,25.119886913666328,True
kva7500,0,5,0,13,0.9939734720856925,1.0416999296374807,0.9928024932506956,1.0416999296374807,24.609359164898112,True
kva7500,0,5,0,14,0.9949415721891138,1.0423765633613642,0.9931439925441277,1.0423765633613642,24.09970721605843,True
kva7500,0,5,0,15,0.9868092028825769,1.0455816961768623,0.9868092028825769,1.0455816961768623,32.08604614217341,True
kva7500,0,5,0,16,0.9828679009980795,1.0483390836122775,0.9828165777620324,1.0483390836122775,40.571411971269264,True
kva7500,0,5,0,17,0.9774033143520535,1.0471253517132624,0.9751805181944386,1.0471253517132624,52.411512363050164,True
kva7500,0,5,0,18,0.9809781073393358,1.0491790718115193,0.9762990622969024,1.0491790718115193,50.67323017430285,True
kva7500,0,5,0,19,0.9848862399487495,1.0479687102962072,0.977488014890256,1.048462464450269,48.932668157894625,True
kva7500,0,5,0,20,0.9918037201873583,1.043480468055719,0.9815873790866106,1.0451303734401478,42.496056281317244,True
kva7500,0,5,0,21,0.9920650522526663,1.0377802119032569,0.9855693402093473,1.0377802119032569,36.104426187294976,True
kva7500,0,5,0,22,0.9959321845840275,1.0373347379496147,0.9890562830485718,1.0373347379496147,30.56339743569004,True
kva7500,0,5,0,23,0.9955453875846304,1.0364568996264572,0.9924252919338078,1.0364568996264572,25.1943244510683,True
kva7500,10,1,251,0,0.9849845517567424,1.045077314167565,0.9849845517567424,1.045077314167565,23.422322554776514,True
kva7500,10,1,251,1,0.9890499929637011,1.047851104880815,0.9890499929637011,1.047851104880815,21.215377868493924,True
kva7500,10,1,251,2,0.9921641305752924,1.0440187464279274,0.9921641305752924,1.0440187464279274,19.537972961044147,True
kva7500,10,1,251,3,0.9959598961611433,1.0457572321719175,0.9959598961611433,1.0457572321719175,17.440663784733317,True
kva7500,10,1,251,4,0.9923545650112838,1.0431393010928378,0.9923545650112838,1.0431393010928378,19.03529709669647,True
kva7500,10,1,251,5,0.9877899722872053,1.0397829662913214,0.9877899722872053,1.0397829662913214,21.441756600340604,True
kva7500,10,1,251,6,0.98394098491199,1.0370830438815422,0.98394098491199,1.0370830438815422,23.42276962917573,True
kva7500,10,1,251,7,0.9862018895498796,1.0464123046933225,0.9862018895498796,1.0464123046933225,29.30027172784104,True
kva7500,10,1,251,8,0.981533050584481,1.045423446587446,0.981533050584481,1.045423446587446,35.30774545464346,True
kva7500,10,1,251,9,0.9895967337331975,1.0473869702747378,0.9891172355733533,1.0473869702747378,30.733911846091356,True
kva7500,10,1,251,10,0.9963710508280805,1.0454833403824646,0.9914920442540991,1.0454833403824646,27.032465304508648,True
kva7500,10,1,251,11,0.9973666613189495,1.0467693327979382,0.991846324885174,1.0467693327979382,26.50825244771794,True
kva7500,10,1,251,12,0.9985330230278918,1.0489782494789217,0.9924857296221454,1.0489782494789217,25.71610117241916,True
kva7500,10,1,251,13,0.9935802796975046,1.041567374006872,0.9927040492793885,1.041567374006872,25.10053952548804,True
kva7500,10,1,251,14,0.9945453598073479,1.0422460151416486,0.9930449095937989,1.0422460151416486,24.592252007519722,True
kva7500,10,1,251,15,0.9861721864643815,1.0451981619123172,0.9861721864643815,1.0451981619123172,32.833706224233794,True
kva7500,10,1,251,16,0.9809523994245368,1.0479395163504042,0.9809523994245368,1.0479395163504042,42.06389116745551,True
kva7500,10,1,251,17,0.9728389334110747,1.04668438291289,0.9728389334110747,1.04668438291289,55.94972815846263,True
kva7500,10,1,251,18,0.9746686750998077,1.0486888968896046,0.9746686750998077,1.0486888968896046,55.70189585558469,True
kva7500,10,1,251,19,0.9786767568061507,1.0500314338390597,0.9761339706377543,1.0500314338390597,53.70847525737138,True
kva7500,10,1,251,20,0.9868163369868997,1.044648682599281,0.9805622113730954,1.044648682599281,46.48683863511966,True
kva7500,10,1,251,21,0.9945186312406183,1.0401818003867103,0.9847877730757831,1.0413463589253256,39.44873292457224,True
kva7500,10,1,251,22,0.9938201516021165,1.0339384686474675,0.988493228286766,1.0339384686474675,33.02769757010442,True
kva7500,10,1,251,23,0.9958337699492413,1.0406347506391127,0.9920985138377619,1.0406347506391127,27.177048923834704,True
kva7500,10,2,251,0,0.9848487235934906,1.0451268131062326,0.9848487235934906,1.0451268131062326,23.422697695482576,True
kva7500,10,2,251,1,0.9889954797281151,1.0409807767977772,0.9889954797281151,1.0409807767977772,21.21182053621502,True
kva7500,10,2,251,2,0.9920757438084394,1.0439090712166403,0.9920757438084394,1.0439090712166403,19.538318161589665,True
kva7500,10,2,251,3,0.9961049069742866,1.049188841673002,0.9961049069742866,1.049188841673002,17.4529565929889,True
kva7500,10,2,251,4,0.9925151700578954,1.0446038062312644,0.9925151700578954,1.0446038062312644,19.04596375866345,True
kva7500,10,2,251,5,0.987747276546679,1.0397966329277644,0.987747276546679,1.0397966329277644,21.441460988644526,True
kva7500,10,2,251,6,0.9838957554232254,1.0370990828000544,0.9838957554232254,1.0370990828000544,23.42289445019257,True
kva7500,10,2,251,7,0.9861552135006159,1.0463528170168717,0.9861552135006159,1.0463528170168717,29.300452879777435,True
kva7500,10,2,251,8,0.9814449829525327,1.0453608479978784,0.9814449829525327,1.0453608479978784,35.30799270648749,True
kva7500,10,2,251,9,0.9895732917168207,1.0473950508560206,0.9891131243890098,1.0473950508560206,30.73400972885423,True
kva7500,10,2,251,10,0.9963482505326946,1.0454549664229316,0.991488163189991,1.0454549664229316,27.03254232103194,True
kva7500,10,2,251,11,0.9973439381339094,1.0467410676112838,0.99184247217282,1.0467410676112838,26.508327672024954,True
kva7500,10,2,251,12,0.9985406789708493,1.048922315322195,0.9924781175632689,1.048922315322195,25.716241919588736,True
kva7500,10,2,251,13,0.9935350489560661,1.0415830155431653,0.9926964752627032,1.0415830155431653,25.10067923481956,True
kva7500,10,2,251,14,0.994500280362277,1.042261644984059,0.9930373920992106,1.042261644984059,24.592386747217063,True
kva7500,10,2,251,15,0.9861006866616405,1.045222772199954,0.9861006866616405,1.045222772199954,32.834044527216896,True
kva7500,10,2,251,16,0.9806807470207909,1.047989723273496,0.9806807470207909,1.047989723273496,42.0648870747784,True
kva7500,10,2,251,17,0.9721820839298251,1.0461942006155742,0.9721820839298251,1.046356550995547,55.95145172977489,True
kva7500,10,2,251,18,0.9737019933221361,1.0480870372083078,0.9737019933221361,1.0480870372083078,55.70736890892574,True
kva7500,10,2,251,19,0.9777694992220742,1.0501940853543534,0.9760284430122715,1.0501940853543534,53.7133402070023,True
kva7500,10,2,251,20,0.986208702883999,1.0434750750731743,0.9804820742460469,1.0445515480847196,46.49210897805478,True
kva7500,10,2,251,21,0.9939419159892021,1.040221585433653,0.9847277234857196,1.041350665866433,39.450701783736626,True
kva7500,10,2,251,22,0.9935829712170026,1.0336447289417245,0.9884506883990816,1.0336447289417245,33.02886144783626,True
kva7500,10,2,251,23,0.9958232571991048,1.0404099571952328,0.9920672768362164,1.0404099571952328,27.177694509077014,True
kva7500,10,3,251,0,0.9846963928075697,1.0449523387694861,0.9846963928075697,1.0449523387694861,23.421827397061016,True
kva7500,10,3,251,1,0.9888103607258231,1.0477477422175951,0.9888103607258231,1.0477477422175951,21.2150455263423,True
kva7500,10,3,251,2,0.9919727424596758,1.0440487470203288,0.9919727424596758,1.0440487470203288,19.5377570377365,True
kva7500,10,3,251,3,0.9958166645609516,1.0456961538493184,0.9958166645609516,1.0456961538493184,17.440552240444738,True
kva7500,10,3,251,4,0.9922588889853643,1.0430983226594686,0.9922588889853643,1.0430983226594686,19.03519537468867,True
kva7500,10,3,251,5,0.9876940557182181,1.0397417218518152,0.9876940557182181,1.0397417218518152,21.441615975602783,True
kva7500,10,3,251,6,0.9838448707595633,1.0370415224676466,0.9838448707595633,1.0370415224676466,23.42260219632462,True
kva7500,10,3,251,7,0.9861063182352737,1.0464280654599571,0.9861063182352737,1.0464280654599571,29.300034033841122,True
kva7500,10,3,251,8,0.9815069113471417,1.0454397724221554,0.9815069113471417,1.0454397724221554,35.30743342277381,True
kva7500,10,3,251,9,0.9895491470028599,1.0473661988080116,0.9891142351995963,1.0473661988080116,30.733787650908756,True
kva7500,10,3,251,10,0.996323622542768,1.0454911617197784,0.9914890187304373,1.0454911617197784,27.03236349418668,True
kva7500,10,3,251,11,0.9973192519537105,1.0467771058637263,0.9918432947274627,1.0467771058637263,26.508154286953804,True
kva7500,10,3,251,12,0.9985421347502329,1.0489936489263618,0.9924796681377661,1.0489936489263618,25.715912298168778,True
kva7500,10,3,251,13,0.993485068813993,1.0415263176137601,0.9926979845450441,1.0415263176137601,25.100354874236036,True
kva7500,10,3,251,14,0.9944501809972189,1.0422050219520675,0.9930388364556766,1.0422050219520675,24.59207272564212,True
kva7500,10,3,251,15,0.9860291972231909,1.0451354166274929,0.9860291972231909,1.0451354166274929,32.83329076729146,True
kva7500,10,3,251,16,0.9808759332885412,1.047812784417194,0.9808759332885412,1.047812784417194,42.06274231987625,True
kva7500,10,3,251,17,0.9726698335913198,1.0468141835507805,0.9726698335913198,1.0468141835507805,55.94590077158706,True
kva7500,10,3,251,18,0.9744272569548468,1.0488743636976012,0.9744272569548468,1.0488743636976012,55.69638073824253,True
kva7500,10,3,251,19,0.9784463097394601,1.0496282996014947,0.9760810735282818,1.0496282996014947,53.703481113412344,True
kva7500,10,3,251,20,0.9866164157453732,1.0443146729566057,0.9805164874925189,1.0446518885923206,46.48339970741214,True
kva7500,10,3,251,21,0.994353223202744,1.040193665904597,0.9847498941416785,1.0413551790729116,39.446473021041356,True
kva7500,10,3,251,22,0.9933463237360518,1.0340225111490413,0.9884636026610933,1.0340225111490413,33.02630831174592,True
kva7500,10,3,251,23,0.9958258822060024,1.04069883893294,0.9920744744186116,1.04069883893294,27.17622382937223,True
kva7500,10,4,251,0,0.9849532868590584,1.0384511044545057,0.9849532868590584,1.0384511044545057,23.420341050122335,True
kva7500,10,4,251,1,0.9890351571792269,1.041158674626502,0.9890351571792269,1.041158674626502,21.2116643211943,True
kva7500,10,4,251,2,0.9921075107238587,1.0440447606316605,0.9921075107238587,1.0440447606316605,19.538289764102885,True
kva7500,10,4,251,3,0.9959187368521745,1.0458862206688964,0.9959187368521745,1.0458862206688964,17.44071148629335,True
kva7500,10,4,251,4,0.9923270837848673,1.0432258300605062,0.9923270837848673,1.0432258300605062,19.03543366735412,True
kva7500,10,4,251,5,0.9877613521703125,1.0398706081346811,0.9877613521703125,1.0398706081346811,21.44184252644494,True
kva7500,10,4,251,6,0.9839118546895038,1.0371714869096096,0.9839118546895038,1.0371714869096096,23.422886215595337,True
kva7500,10,4,251,7,0.9861715298503437,1.0464230383274398,0.9861715298503437,1.0464230383274398,29.300457442355885,True
kva7500,10,4,251,8,0.9814900845756942,1.045432528415585,0.9814900845756942,1.045432528415585,35.30801004229635,True
kva7500,10,4,251,9,0.9895814062941362,1.047431963545431,0.9891130807479943,1.047431963545431,30.73401118755441,True
kva7500,10,4,251,10,0.9963562285969777,1.0454890877068372,0.9914880695201908,1.0454890877068372,27.032541105852985,True
kva7500,10,4,251,11,0.9973519102715623,1.0467751451276435,0.9918423751472651,1.0467751451276435,26.508324861770177,True
kva7500,10,4,251,12,0.9984775198356795,1.0489901216239368,0.9924779029579631,1.0489901216239368,25.716238156484593,True
kva7500,10,4,251,13,0.9935509837222949,1.0416550070400759,0.9926962475193585,1.0416550070400759,25.10067229695957,True
kva7500,10,4,251,14,0.9945161919251513,1.0423334618877202,0.9930371535413601,1.0423334618877202,24.592379095532323,True
kva7500,10,4,251,15,0.986125359536914,1.045334394476145,0.986125359536914,1.045334394476145,32.834048543463624,True
kva7500,10,4,251,16,0.9808651716263667,1.0480301606140066,0.9808651716263667,1.0480301606140066,42.070889718982556,True
kva7500,10,4,251,17,0.97250352372901,1.0467320520981611,0.97250352372901,1.0467320520981611,55.95295166721834,True
kva7500,10,4,251,18,0.9742397360362464,1.0487398759087756,0.9742397360362464,1.0487398759087756,55.71976571184654,True
kva7500,10,4,251,19,0.978231083683624,1.0509297375688194,0.9760372143676278,1.0509297375688194,53.71068037371902,True
kva7500,10,4,251,20,0.986581222076673,1.0440590101799112,0.9804852625087452,1.0446805829614785,46.49221696882022,True
kva7500,10,4,251,21,0.9942367644999635,1.0403748796357586,0.984728851840744,1.0414511416456291,39.45070479963083,True
kva7500,10,4,251,22,0.993681023322469,1.0346430867732184,0.9884534225948646,1.0346430867732184,33.033904200266974,True
kva7500,10,4,251,23,0.995828565257096,1.040678842588118,0.9920684551205773,1.040678842588118,27.183509335737533,True
kva7500,10,5,251,0,0.9850510304797969,1.0448099800903343,0.9850510304797969,1.0448099800903343,23.420791586210388,True
kva7500,10,5,251,1,0.9891025939997895,1.0476298423887402,0.9891025939997895,1.0476298423887402,21.21440456669811,True
kva7500,10,5,251,2,0.9922046072765003,1.0441693810233184,0.9922046072765003,1.0441693810233184,19.53736894087553,True
kva7500,10,5,251,3,0.9959885704733482,1.0456267227659937,0.9959885704733482,1.0456267227659937,17.44038927310394,True
kva7500,10,5,251,4,0.9923744837079693,1.0430518678828915,0.9923744837079693,1.0430518678828915,19.03500685214529,True
kva7500,10,5,251,5,0.9878111211772136,1.039694768327562,0.9878111211772136,1.039694768327562,21.441330324971013,True
kva7500,10,5,251,6,0.9839631150429353,1.036994327876343,0.9839631150429353,1.036994327876343,23.422237815945948,True
kva7500,10,5,251,7,0.986226586967049,1.0464946019413846,0.986226586967049,1.0464946019413846,29.299473589063663,True
kva7500,10,5,251,8,0.9815942500195198,1.0455100733579357,0.9815942500195198,1.0455100733579357,35.30667095188378,True
kva7500,10,5,251,9,0.9896093074971652,1.047342581434387,0.9891228441964509,1.047342581434387,30.733487726370306,True
kva7500,10,5,251,10,0.9963827445232185,1.0455230371382118,0.9914972241679378,1.0455230371382118,27.032127191208236,True
kva7500,10,5,251,11,0.9973782199523529,1.0468088217750648,0.9918514421764705,1.0468088217750648,26.507926506005496,True
kva7500,10,5,251,12,0.9985113277591284,1.0490566705319635,0.9924958093766079,1.0490566705319635,25.71548718061501,True
kva7500,10,5,251,13,0.9936029083168,1.0414799750692918,0.9927140221295415,1.0414799750692918,25.09994354751689,True
kva7500,10,5,251,14,0.9945677432631698,1.0421587321246828,0.9930547663745745,1.0421587321246828,24.59167533451399,True
kva7500,10,5,251,15,0.9862115087765191,1.0450641610861737,0.9862115087765191,1.0450641610861737,32.832282570408445,True
kva7500,10,5,251,16,0.9811469342382859,1.0476677097942442,0.9811469342382859,1.0476677097942442,42.059832321166205,True
kva7500,10,5,251,17,0.9733925373132797,1.0474377750323811,0.9733925373132797,1.0474377750323811,55.92555034213201,True
kva7500,10,5,251,18,0.9754017348853964,1.0497007605568507,0.9750782698826276,1.0497007605568507,55.682231307485274,True
kva7500,10,5,251,19,0.9793599114935282,1.0491624647328215,0.9762918284024349,1.0491624647328215,53.69056767257198,True
kva7500,10,5,251,20,0.9873845610811838,1.0446119604460364,0.9806935050832383,1.0446334247547673,46.466541904609784,True
kva7500,10,5,251,21,0.9949268345048181,1.0405497237402659,0.9848734716201853,1.0413423244106037,39.440941904139564,True
kva7500,10,5,251,22,0.9939518646328633,1.0343550678316837,0.9885522226090135,1.0343550678316837,33.022999384140014,True
kva7500,10,5,251,23,0.9960904547602684,1.0409526352708307,0.9921404756087985,1.0409526352708307,27.17436728177251,True
kva7500,20,1,503,0,0.9839452413983525,1.0437286450157925,0.9839452413983525,1.0437286450157925,24.90702679114359,True
kva7500,20,1,503,1,0.9881895999261461,1.046736731149425,0.9881895999261461,1.046736731149425,22.4497660011749,True
kva7500,20,1,503,2,0.9914936766562246,1.0434900508663616,0.9914936766562246,1.0434900508663616,20.520202658348243,True
kva7500,20,1,503,3,0.995675776683671,1.0488825584253791,0.995675776683671,1.0488825584253791,18.182808719185946,True
kva7500,20,1,503,4,0.9922256048531045,1.044395676939913,0.9922256048531045,1.044395676939913,19.536478509941,True
kva7500,20,1,503,5,0.9874521540736498,1.039336153447441,0.9874521540736498,1.039336153447441,21.934595398211783,True
kva7500,20,1,503,6,0.9835960886907674,1.036636214662846,0.9835960886907674,1.036636214662846,23.916962399644706,True
kva7500,20,1,503,7,0.9858451167717337,1.0461172977132622,0.9858451167717337,1.0461172977132622,29.795090364316938,True
kva7500,20,1,503,8,0.9812070454188262,1.0451090841087036,0.9812070454188262,1.0451090841087036,35.802650225413466,True
kva7500,20,1,503,9,0.9894178935818689,1.0471632082909283,0.9890788056467692,1.0471632082909283,30.981062567887644,True
kva7500,20,1,503,10,0.996196974646477,1.0453424830870406,0.9914560470832893,1.0453424830870406,27.279549211438773,True
kva7500,20,1,503,11,0.997193232270498,1.0466292331970901,0.9918106620720691,1.0466292331970901,26.755339493125412,True
kva7500,20,1,503,12,0.9982132283733666,1.048699952282221,0.9924151294072311,1.048699952282221,26.21048456683106,True
kva7500,20,1,503,13,0.993234875860428,1.0411247372504564,0.9926340868267627,1.0411247372504564,25.59486374087451,True
kva7500,20,1,503,14,0.994201170660125,1.0418039520565014,0.9929755851334943,1.0418039520565014,25.086556082505844,True
kva7500,20,1,503,15,0.9856260822516757,1.0445234800357355,0.9856260822516757,1.0445234800357355,33.576491368912095,True
kva7500,20,1,503,16,0.979971276514337,1.04639390357092,0.979971276514337,1.04639390357092,43.5626541681846,True
kva7500,20,1,503,17,0.9763385552892105,1.0494757765656963,0.9733120556041083,1.0518539228296166,59.623574300377975,True
kva7500,20,1,503,18,0.9769730934992494,1.0498113395851716,0.9737008306321712,1.05216092621521,60.93892858070675,True
kva7500,20,1,503,19,0.9814172075428039,1.0505731498055986,0.975038602298479,1.0530078650236323,58.66197157410482,True
kva7500,20,1,503,20,0.9902721316148817,1.0481208990661253,0.979717105432638,1.0500508921299345,50.633509051931455,True
kva7500,20,1,503,21,0.9922897021444773,1.0394068910643417,0.9841985299695423,1.040816472082529,42.689851089473734,True
kva7500,20,1,503,22,0.9921222138353223,1.0389538197512973,0.9881650362356886,1.0389538197512973,35.52921568374938,True
kva7500,20,1,503,23,0.9949975116761451,1.0393221276149571,0.9918039691443715,1.0393221276149571,29.16838744485454,True
kva7500,20,2,503,0,0.9841516999558263,1.0438503165088504,0.9841516999558263,1.0438503165088504,24.907721278289188,True
kva7500,20,2,503,1,0.9883615392802784,1.0468380737839864,0.9883615392802784,1.0468380737839864,22.45026482442322,True
kva7500,20,2,503,2,0.9916312867165258,1.043425754430383,0.9916312867165258,1.043425754430383,20.520550103681764,True
kva7500,20,2,503,3,0.9957788987602469,1.0488351950436525,0.9957788987602469,1.0488351950436525,18.183023693548517,True
kva7500,20,2,503,4,0.9922944328584833,1.04436378165165,0.9922944328584833,1.04436378165165,19.536645204265678,True
kva7500,20,2,503,5,0.9875210353647177,1.03937665260946,0.9875210353647177,1.03937665260946,21.934798225777165,True
kva7500,20,2,503,6,0.9836650340070637,1.036676741704723,0.9836650340070637,1.036676741704723,23.917193041477905,True
kva7500,20,2,503,7,0.9859136003466131,1.0460839485168887,0.9859136003466131,1.0460839485168887,29.79538948109839,True
kva7500,20,2,503,8,0.9812094719913902,1.0450747397413966,0.9812094719913902,1.0450747397413966,35.80302468084503,True
kva7500,20,2,503,9,0.9894519687084419,1.0471830264883124,0.9890822471675863,1.0471830264883124,30.981219099475826,True
kva7500,20,2,503,10,0.9962310150761459,1.0453262236419036,0.9914595478283008,1.0453262236419036,27.279681814943572,True
kva7500,20,2,503,11,0.9972272577266261,1.0466130193216663,0.9918141685228774,1.0466130193216663,26.755469105690032,True
kva7500,20,2,503,12,0.9981605344450147,1.048667524686877,0.9924221557301337,1.048667524686877,26.210734744312436,True
kva7500,20,2,503,13,0.9933031813792869,1.041164960085038,0.9926411107364502,1.041164960085038,25.59511132150674,True
kva7500,20,2,503,14,0.9942694633874531,1.0418441834545038,0.9929826241270034,1.0418441834545038,25.086797598532637,True
kva7500,20,2,503,15,0.9857283255585679,1.0445829758503213,0.9857283255585679,1.0445829758503213,33.57700690613069,True
kva7500,20,2,503,16,0.9799758754023886,1.0465101505950327,0.9799758754023886,1.0465101505950327,43.56400572077394,True
kva7500,20,2,503,17,0.9763273558408212,1.0497352796382446,0.9733514343158065,1.0518365932028026,59.631852193168235,True
kva7500,20,2,503,18,0.976968093445341,1.0501853084058148,0.9737602114173691,1.052138071145431,60.94509562523492,True
kva7500,20,2,503,19,0.9814160213267025,1.0505781832570575,0.9750958185121751,1.0529864280617411,58.66750718435133,True
kva7500,20,2,503,20,0.9902789696196274,1.0481260748630146,0.9797673210391984,1.0500333975130633,50.63748272516079,True
kva7500,20,2,503,21,0.9923431651922958,1.0393929155008454,0.9842444465225031,1.0408013462675532,42.6986904597416,True
kva7500,20,2,503,22,0.9924612151990178,1.038782653955476,0.988198550520167,1.038782653955476,35.53093722968053,True
kva7500,20,2,503,23,0.9950758931367741,1.0391896977245305,0.9918315721564611,1.0391896977245305,29.16945954268731,True
kva7500,20,3,503,0,0.9840087951990902,1.0438486086226777,0.9840087951990902,1.0438486086226777,24.914741002152812,True
kva7500,20,3,503,1,0.9882818285541702,1.0468370389859312,0.9882818285541702,1.0468370389859312,22.458718607906704,True
kva7500,20,3,503,2,0.991408881809795,1.0432837679054578,0.991408881809795,1.0432837679054578,20.51974907720787,True
kva7500,20,3,503,3,0.9956117770203806,1.0487275236063454,0.9956117770203806,1.0487275236063454,18.18269224883244,True
kva7500,20,3,503,4,0.9921828927284506,1.0442921042786375,0.9921828927284506,1.0442921042786375,19.536326186490065,True
kva7500,20,3,503,5,0.9874093347111076,1.039371674093072,0.9874093347111076,1.039371674093072,21.934349739931566,True
kva7500,20,3,503,6,0.9835531685004006,1.0366711542577216,0.9835531685004006,1.0366711542577216,23.91664305197422,True
kva7500,20,3,503,7,0.9858025917839585,1.046012315336329,0.9858025917839585,1.046012315336329,29.794596352155537,True
kva7500,20,3,503,8,0.9810915123822138,1.0450033220827737,0.9810915123822138,1.0450033220827737,35.80198696813883,True
kva7500,20,3,503,9,0.9893966572747125,1.0471793792441615,0.9890780741330102,1.0471793792441615,30.980803405476767,True
kva7500,20,3,503,10,0.9961758607232395,1.045291080635844,0.9914553754862433,1.045291080635844,27.27934304194236,True
kva7500,20,3,503,11,0.9971721209129193,1.0465778575553815,0.9918099951245304,1.0465778575553815,26.755141674250694,True
kva7500,20,3,503,12,0.9982244904840128,1.0485975291888447,0.9924138384418417,1.0485975291888447,26.210110866859665,True
kva7500,20,3,503,13,0.9931924300591843,1.0411588508322536,0.9926327734891979,1.0411588508322536,25.594501987139168,True
kva7500,20,3,503,14,0.9941587334260528,1.04183823950863,0.9929742821634215,1.04183823950863,25.086209083372662,True
kva7500,20,3,503,15,0.9855621038797295,1.0445708727597816,0.9855621038797295,1.0445708727597816,33.57561367485064,True
kva7500,20,3,503,16,0.979623612540375,1.0464771915196596,0.979623612540375,1.0464771915196596,43.560138184901156,True
kva7500,20,3,503,17,0.9755188676903457,1.0496270947395794,0.9732947525530103,1.0518661061370747,59.619154922313406,True
kva7500,20,3,503,18,0.9758081556299172,1.0500201494815686,0.9736786806063608,1.0521768083535459,60.92912414102839,True
kva7500,20,3,503,19,0.980541657346115,1.0506595918339572,0.9750762301378986,1.0530323969891398,58.66708894826716,True
kva7500,20,3,503,20,0.9896233409998915,1.048198326107935,0.9797717676800518,1.0500750393466933,50.63708283065998,True
kva7500,20,3,503,21,0.991546227771036,1.0394657665026759,0.9841882409785259,1.0408372852018284,42.6847062940632,True
kva7500,20,3,503,22,0.9919104811673713,1.0384362646949312,0.9881577049616547,1.0384362646949312,35.52615804251603,True
kva7500,20,3,503,23,0.9948773060733752,1.0389117894501823,0.9917986267871937,1.0389117894501823,29.16666860775038,True
kva7500,20,4,503,0,0.9839939269646301,1.0439874250178385,0.9839939269646301,1.0439874250178385,24.915523821812037,True
kva7500,20,4,503,1,0.988271517448276,1.0469512552545859,0.988271517448276,1.0469512552545859,22.459198459997953,True
kva7500,20,4,503,2,0.9914021435677196,1.0432023904489711,0.9914021435677196,1.0432023904489711,20.520025832599032,True
kva7500,20,4,503,3,0.995607950875439,1.0486681270334204,0.995607950875439,1.0486681270334204,18.182792348540673,True
kva7500,20,4,503,4,0.992179832704704,1.044251800962891,0.992179832704704,1.044251800962891,19.536455967663088,True
kva7500,20,4,503,5,0.9874054673376187,1.0394168382662428,0.9874054673376187,1.0394168382662428,21.93456006100802,True
kva7500,20,4,503,6,0.9835486213197151,1.0367167718372297,0.9835486213197151,1.0367167718372297,23.91691729760573,True
kva7500,20,4,503,7,0.9857960718770425,1.0459674941814088,0.9857960718770425,1.0459674941814088,29.79502787345611,True
kva7500,20,4,503,8,0.9810575356455944,1.0449557735273893,0.9810575356455944,1.0449557735273893,35.802577514950286,True
kva7500,20,4,503,9,0.9893932763024882,1.047202489784581,0.9890738344460563,1.047202489784581,30.981032787545654,True
kva7500,20,4,503,10,0.9961730790178248,1.0452696004909472,0.9914513997582547,1.0452696004909472,27.27952320990296,True
kva7500,20,4,503,11,0.9971694261031079,1.0465564953266049,0.9918060566490455,1.0465564953266049,26.755315359888517,True
kva7500,20,4,503,12,0.9982254797171758,1.048554883249602,0.9924060196492449,1.048554883249602,26.210434690959946,True
kva7500,20,4,503,13,0.9931873851524939,1.0412037715271085,0.9926250368299111,1.0412037715271085,25.59481371434129,True
kva7500,20,4,503,14,0.9941538549222506,1.0418830490651374,0.992966617584002,1.0418830490651374,25.08650931821533,True
kva7500,20,4,503,15,0.985550678373393,1.0446411142260832,0.985550678373393,1.0446411142260832,33.57638709029203,True
kva7500,20,4,503,16,0.9795146577527486,1.0466234650314472,0.9795146577527486,1.0466234650314472,43.56237806858921,True
kva7500,20,4,503,17,0.9754421375727286,1.0500607268992652,0.9732645636295835,1.0518655259397596,59.63972039436837,True
kva7500,20,4,503,18,0.9753965015416117,1.050534003444455,0.9735539847661603,1.052170838315846,60.93681932341522,True
kva7500,20,4,503,19,0.9801432971654688,1.0507507546547663,0.9749570461733237,1.0530243578755674,58.67763812529658,True
kva7500,20,4,503,20,0.9893140310893034,1.0482696150327742,0.9796815306675037,1.0500642716077608,50.64382826439625,True
kva7500,20,4,503,21,0.9913131053104672,1.0395195049998949,0.9841222442757379,1.0408253864984032,42.68902711226927,True
kva7500,20,4,503,22,0.9918688651962514,1.03820447721183,0.9881118238255384,1.03820447721183,35.528702856417915,True
kva7500,20,4,503,23,0.9948172669629317,1.0387376350740394,0.9917655908648714,1.0387376350740394,29.168076340884223,True
kva7500,20,5,503,0,0.9839022202985274,1.0435333255278247,0.9839022202985274,1.0435333255278247,24.90521770470206,True
kva7500,20,5,503,1,0.9881526803549687,1.046576740293844,0.9881526803549687,1.046576740293844,22.448653207159946,True
kva7500,20,5,503,2,0.9914634831293633,1.043493263706966,0.9914634831293633,1.043493263706966,20.519554624388423,True
kva7500,20,5,503,3,0.9956525138400013,1.0488834020412503,0.9956525138400013,1.0488834020412503,18.18257056995624,True
kva7500,20,5,503,4,0.9922103654063721,1.0443969892467668,0.9922103654063721,1.0443969892467668,19.53619428348893,True
kva7500,20,5,503,5,0.9874373245651233,1.0392725189521088,0.9874373245651233,1.0392725189521088,21.934135085895512,True
kva7500,20,5,503,6,0.9835816105574036,1.0365716338680389,0.9835816105574036,1.0365716338680389,23.91636768966721,True
kva7500,20,5,503,7,0.9858317313501976,1.0461228891949106,0.9858317313501976,1.0461228891949106,29.79417841374208,True
kva7500,20,5,503,8,0.9812179794725674,1.0451171845853335,0.9812179794725674,1.0451171845853335,35.80140953772414,True
kva7500,20,5,503,9,0.9894113252091624,1.0471299305185162,0.9890801956154656,1.0471299305185162,30.980581450803275,True
kva7500,20,5,503,10,0.9961900895337805,1.045344738838735,0.9914572479713937,1.045344738838735,27.27917083606975,True
kva7500,20,5,503,11,0.9971862860805256,1.0466313488360148,0.9918118333788333,1.0466313488360148,26.754975526820616,True
kva7500,20,5,503,12,0.9981841122713275,1.0487037679021083,0.9924174281901532,1.0487037679021083,26.209793416940464,True
kva7500,20,5,503,13,0.9932207780973215,1.0410608160471018,0.9926363506367614,1.0410608160471018,25.59418925490934,True
kva7500,20,5,503,14,0.9941869717713108,1.0417402441424886,0.9929777971264607,1.0417402441424886,25.085907173887183,True
kva7500,20,5,503,15,0.9856070629293902,1.0444220116722622,0.9856070629293902,1.0444220116722622,33.57484265266191,True
kva7500,20,5,503,16,0.9800126903726308,1.0461808594169872,0.9800126903726308,1.0461808594169872,43.55790813843398,True
kva7500,20,5,503,17,0.9764766573414393,1.049215452066373,0.9733516517861782,1.0517997203913092,59.60735190327979,True
kva7500,20,5,503,18,0.9771749166579288,1.0495157834337883,0.973759286658189,1.0520831508288344,60.915135530515535,True
kva7500,20,5,503,19,0.9815224904368932,1.0504917418001647,0.9750841905454237,1.0529362737018257,58.63113417891532,True
kva7500,20,5,503,20,0.9903980219698697,1.0480413241679827,0.9797545152732633,1.0499931385399315,50.61872097692428,True
kva7500,20,5,503,21,0.9923722263050813,1.0393469595497273,0.9842237818599929,1.0407725465542472,42.68016138118075,True
kva7500,20,5,503,22,0.9920602519258459,1.038990138987385,0.9881811055166926,1.038990138987385,35.523474021198965,True
kva7500,20,5,503,23,0.995072804055297,1.0393414755468837,0.991814298438209,1.0393414755468837,29.165180272607437,True
kva7500,30,1,754,0,0.9890341605280449,1.045504980207062,0.9890341605280449,1.045504980207062,26.487022328558925,True
kva7500,30,1,754,1,0.9933675966129878,1.0466039476243993,0.9933675966129878,1.0466039476243993,23.756180342463484,True
kva7500,30,1,754,2,0.9969457639914342,1.0493076897125388,0.9963736419437199,1.0493076897125388,21.572459929861775,True
kva7500,30,1,754,3,0.9948057196078391,1.0414208770311717,0.9948057196078391,1.0414208770311717,18.87909787943274,True
kva7500,30,1,754,4,0.9915964451733897,1.0372476485998618,0.9915964451733897,1.0372476485998618,19.998573921503397,True
kva7500,30,1,754,5,0.9870073805758124,1.037778254674145,0.9870073805758124,1.037778254674145,22.424563672090528,True
kva7500,30,1,754,6,0.9832764591983328,1.0392678542461695,0.9832764591983328,1.0392678542461695,24.41883998797859,True
kva7500,30,1,754,7,0.9853158958666465,1.0454698613760256,0.9853158958666465,1.0454698613760256,30.289977010141627,True
kva7500,30,1,754,8,0.9867053263348279,1.0480731366255343,0.9860746495713304,1.0480731366255343,36.4069184633204,True
kva7500,30,1,754,9,0.9953440248691163,1.0469878310901588,0.9889763810104083,1.0469878310901588,31.31905060947891,True
kva7500,30,1,754,10,0.9958164721314263,1.03848390625405,0.9913216530732516,1.03848390625405,27.50849650302312,True
kva7500,30,1,754,11,0.9967916329904353,1.0397383588879592,0.9916674691040281,1.0397383588879592,26.990383323167904,True
kva7500,30,1,754,12,0.9978387249838888,1.041494050475437,0.9922190077252979,1.041494050475437,26.69585877347221,True
kva7500,30,1,754,13,0.9985444390823276,1.0427458927829456,0.9925638736177874,1.0427458927829456,26.183838702100015,True
kva7500,30,1,754,14,0.9937541195309078,1.037276814356523,0.9928689953381036,1.037276814356523,25.577714410015435,True
kva7500,30,1,754,15,0.9848116577948102,1.0445894703211391,0.9848116577948102,1.0445894703211391,34.320340221543674,True
kva7500,30,1,754,16,0.977913494814266,1.0465341409667486,0.977913494814266,1.0465341409667486,45.06655583165579,True
kva7500,30,1,754,17,0.9712250064094262,1.0496952032391127,0.9712250064094262,1.0513921954356162,63.24135432970076,True
kva7500,30,1,754,18,0.9694549825122036,1.0501712620549537,0.9694549825122036,1.0514864371832056,66.1310845196154,True
kva7500,30,1,754,19,0.9746037573179265,1.0502421438148462,0.9733624992340422,1.0523876643953143,63.60706925787092,True
kva7500,30,1,754,20,0.9851013885913997,1.0486538272972055,0.9785157908468167,1.049564095081045,54.73687371610723,True
kva7500,30,1,754,21,0.98820293495509,1.0399360818757641,0.9832991698228577,1.0404488240905523,45.98460028220587,True
kva7500,30,1,754,22,0.9957270582795693,1.0425778017261438,0.9875294679390351,1.0425778017261438,38.14054061580423,True
kva7500,30,1,754,23,0.9936203959947633,1.0385291410293325,0.9913245473591777,1.0385291410293325,31.157675723392828,True
kva7500,30,2,754,0,0.9887438228441336,1.0448651607019512,0.9887438228441336,1.0448651607019512,26.478078241077814,True
kva7500,30,2,754,1,0.9931337141634908,1.0463599717563934,0.9931337141634908,1.0463599717563934,23.75494293551798,True
kva7500,30,2,754,2,0.9967576982086567,1.048877726240958,0.9963623530146277,1.048877726240958,21.57159305427073,True
kva7500,30,2,754,3,0.9946635539804696,1.0410975048286746,0.9946635539804696,1.0410975048286746,18.878620845118093,True
kva7500,30,2,754,4,0.9915017905857949,1.0370320070883585,0.9915017905857949,1.0370320070883585,19.998180095122965,True
kva7500,30,2,754,5,0.9869130079340407,1.037562057134326,0.9869130079340407,1.037562057134326,22.424045344082433,True
kva7500,30,2,754,6,0.983181773638936,1.0390498912288313,0.983181773638936,1.0390498912288313,24.418319193544484,True
kva7500,30,2,754,7,0.9852239325545706,1.0452566567181167,0.9852239325545706,1.0452566567181167,30.289071910165312,True
kva7500,30,2,754,8,0.986609404834603,1.047963447354678,0.9860702581188043,1.047963447354678,36.40608589715142,True
kva7500,30,2,754,9,0.995472969368581,1.049469483597551,0.9890544277528628,1.049469483597551,31.326916176501825,True
kva7500,30,2,754,10,0.9957702458096571,1.038377745562553,0.9913189224628148,1.038377745562553,27.50814423710793,True
kva7500,30,2,754,11,0.9967454020946611,1.0396322275226133,0.9916647334759167,1.0396322275226133,26.990032000307828,True
kva7500,30,2,754,12,0.9979340452094474,1.04128193035008,0.9922135709783381,1.04128193035008,26.69517964129591,True
kva7500,30,2,754,13,0.9986394914850323,1.042533641205204,0.9925583904397196,1.042533641205204,26.183180319588175,True
kva7500,30,2,754,14,0.9936610374296266,1.0370633984067192,0.9928635011958193,1.0370633984067192,25.577071864283283,True
kva7500,30,2,754,15,0.9846738342593809,1.0444304422552055,0.9846738342593809,1.0444304422552055,34.31883622108437,True
kva7500,30,2,754,16,0.9776176901180016,1.0461910996789103,0.9776176901180016,1.0461910996789103,45.062188422120656,True
kva7500,30,2,754,17,0.9705570143361276,1.0488908628117508,0.9705570143361276,1.0512972650942003,63.227717608115874,True
kva7500,30,2,754,18,0.968495230962906,1.0490331091051042,0.968495230962906,1.0513436554350302,66.10937459011211,True
kva7500,30,2,754,19,0.9735105299378067,1.0515631818722209,0.9733291969789533,1.0523516905321182,63.57302651507291,True
kva7500,30,2,754,20,0.984245571947259,1.0477494977253203,0.9784686710310444,1.0494723809742699,54.72280106423188,True
kva7500,30,2,754,21,0.9875689812683422,1.0391154608451039,0.9832729689544141,1.040385467364439,45.9748325401407,True
kva7500,30,2,754,22,0.9952726572870468,1.0415200782033454,0.987506087956169,1.0415200782033454,38.134913590504304,True
kva7500,30,2,754,23,0.9932196273784634,1.0383049148317425,0.9913021437157992,1.0383049148317425,31.148259214762486,True
kva7500,30,3,754,0,0.9890718158595874,1.0454188990368076,0.9890718158595874,1.0454188990368076,26.477720956914336,True
kva7500,30,3,754,1,0.9934029501955,1.0460187427281011,0.9934029501955,1.0460187427281011,23.754767711805034,True
kva7500,30,3,754,2,0.9969703294467583,1.0492360536507175,0.9963769259073797,1.0492360536507175,21.571529795564345,True
kva7500,30,3,754,3,0.9948216230907447,1.041363256710062,0.9948216230907447,1.041363256710062,18.878633503293273,True
kva7500,30,3,754,4,0.9916078417452227,1.0372104432659854,0.9916078417452227,1.0372104432659854,19.99815074933052,True
kva7500,30,3,754,5,0.9870204884646755,1.0377434829401457,0.9870204884646755,1.0377434829401457,22.423972488183466,True
kva7500,30,3,754,6,0.9832909106806542,1.0392347776538267,0.9832909106806542,1.0392347776538267,24.41810602410158,True
kva7500,30,3,754,7,0.9853344840952117,1.0454443598088936,0.9853344840952117,1.0454443598088936,30.288859571098595,True
kva7500,30,3,754,8,0.9805593605873848,1.0443916167681715,0.9805593605873848,1.0443916167681715,36.299609986674305,True
kva7500,30,3,754,9,0.9893359231568225,1.0492402314936455,0.9891006912270969,1.0492402314936455,31.235871946232457,True
kva7500,30,3,754,10,0.9959498072523328,1.04505165224332,0.9914016487028497,1.04505165224332,27.52571083779545,True
kva7500,30,3,754,11,0.996946198964992,1.046307298743612,0.9917563016658749,1.046307298743612,27.001894492230107,True
kva7500,30,3,754,12,0.9978325451545408,1.0480558809753793,0.9923067761619289,1.0480558809753793,26.703633785065275,True
kva7500,30,3,754,13,0.9985367340231702,1.049318571928479,0.9926522519382164,1.049318571928479,26.192190618213026,True
kva7500,30,3,754,14,0.9937133346727792,1.0416110009623152,0.9928705205176689,1.0416110009623152,25.578044940102846,True
kva7500,30,3,754,15,0.9848423910973401,1.04422633692476,0.9848423910973401,1.04422633692476,34.31839513421928,True
kva7500,30,3,754,16,0.9779638776171716,1.0457853932873136,0.9779638776171716,1.0457853932873136,45.060807255915094,True
kva7500,30,3,754,17,0.971449591030386,1.0488176025361857,0.971449591030386,1.0513166858076923,63.220682756748964,True
kva7500,30,3,754,18,0.9698096657749835,1.0489289552240395,0.9698096657749835,1.0513730216590838,66.09957101858194,True
kva7500,30,3,754,19,0.9747383415112109,1.0503003893795506,0.9734976943479132,1.0523783631583394,63.56400679180705,True
kva7500,30,3,754,20,0.9852460962560612,1.0486009924369202,0.9786027205068472,1.0494928146387816,54.70968668007229,True
kva7500,30,3,754,21,0.9883187120544791,1.039855493588031,0.9833575807900904,1.0404000883468287,45.97190913932047,True
kva7500,30,3,754,22,0.9958393841158472,1.0424733828455766,0.9875615069942456,1.0424733828455766,38.133367299259575,True
kva7500,30,3,754,23,0.9935964336020481,1.0377673977308761,0.991340272239482,1.0377673977308761,31.14745066637226,True
kva7500,30,4,754,0,0.9831011863182163,1.0431225571076914,0.9831011863182163,1.0431225571076914,26.39857399410513,True
kva7500,30,4,754,1,0.9875492336003246,1.0462379748722184,0.9875492336003246,1.0462379748722184,23.689992103976333,True
kva7500,30,4,754,2,0.9910410084523629,1.0489053396602248,0.9910410084523629,1.0489053396602248,21.510562138565067,True
kva7500,30,4,754,3,0.9951973024210516,1.0478926468284788,0.9951973024210516,1.0478926468284788,18.91115672772935,True
kva7500,30,4,754,4,0.9919012441028916,1.0437277881314417,0.9919012441028916,1.0437277881314417,20.025562888570818,True
kva7500,30,4,754,5,0.9871197988823609,1.039134050170051,0.9871197988823609,1.039134050170051,22.426457497392665,True
kva7500,30,4,754,6,0.9834451949526052,1.0391891103828306,0.9834451949526052,1.0391891103828306,24.418136448082198,True
kva7500,30,4,754,7,0.9854888563347536,1.0453985445805085,0.9854888563347536,1.0453985445805085,30.288891657892837,True
kva7500,30,4,754,8,0.9805091675390069,1.0443447936207384,0.9805091675390069,1.0443447936207384,36.29965178965182,True
kva7500,30,4,754,9,0.9894128927229358,1.0492175385496054,0.9891115404162133,1.0492175385496054,31.235891736995306,True
kva7500,30,4,754,10,0.9960263654768038,1.0450450363721133,0.9914124997138071,1.0450450363721133,27.525723486303264,True
kva7500,30,4,754,11,0.9970226836508281,1.0462852679758743,0.9917671474824796,1.0462852679758743,27.00190831644096,True
kva7500,30,4,754,12,0.9978915868483995,1.0480117327084555,0.9923284571170288,1.0480117327084555,26.703660980446568,True
kva7500,30,4,754,13,0.9930823719185029,1.0425066411169093,0.9926337690261752,1.0425066411169093,26.096071347881228,True
kva7500,30,4,754,14,0.9940519256538458,1.0437627293095977,0.9929767812318173,1.0437627293095977,25.587843215527737,True
kva7500,30,4,754,15,0.9852439162318143,1.044236690844822,0.9852439162318143,1.044236690844822,34.32671274004759,True
kva7500,30,4,754,16,0.9781004358675823,1.04741190743073,0.9781004358675823,1.04741190743073,45.068027358851054,True
kva7500,30,4,754,17,0.9710754167485278,1.0485590989321263,0.9710754167485278,1.0511325511154654,63.22197050685973,True
kva7500,30,4,754,18,0.9692684695979978,1.0485533362327595,0.9692684695979978,1.0511056102239058,66.1012792382209,True
kva7500,30,4,754,19,0.9742291253519229,1.0500582544184756,0.9737038384612391,1.0521273963891382,63.56539085040613,True
kva7500,30,4,754,20,0.984836680265,1.0482147229541754,0.9787774149969184,1.0492906616141628,54.70982843133793,True
kva7500,30,4,754,21,0.9879917188497406,1.039549530579098,0.9834992587251686,1.0402435420107057,45.97202743475723,True
kva7500,30,4,754,22,0.9960209505331898,1.0422455956205958,0.9876702197887564,1.0422455956205958,38.13347026144771,True
kva7500,30,4,754,23,0.9936519154343758,1.03770829828081,0.9914271001865225,1.03770829828081,31.1475129132317,True
kva7500,30,5,754,0,0.9827960655391124,1.0428095707494645,0.9827960655391124,1.0428095707494645,26.395465743523804,True
kva7500,30,5,754,1,0.9872917694687972,1.0459789290669153,0.9872917694687972,1.0459789290669153,23.687969059404555,True
kva7500,30,5,754,2,0.9908329783454707,1.0489652037061137,0.9908329783454707,1.0489652037061137,21.50929225254975,True
kva7500,30,5,754,3,0.9950313144400407,1.0479269005151117,0.9950313144400407,1.0479269005151117,18.911684698105343,True
kva7500,30,5,754,4,0.9917971094212712,1.043757074772212,0.9917971094212712,1.043757074772212,20.02480457858021,True
kva7500,30,5,754,5,0.9870158427370993,1.0390314981294448,0.9870158427370993,1.0390314981294448,22.425685615902545,True
kva7500,30,5,754,6,0.9831536540266148,1.0363285105338562,0.9831536540266148,1.0363285105338562,24.408880140679724,True
kva7500,30,5,754,7,0.9853907955540095,1.0454391226970028,0.9853907955540095,1.0454391226970028,30.28748792797193,True
kva7500,30,5,754,8,0.9805442260055196,1.044388082751066,0.9805442260055196,1.044388082751066,36.297726823196506,True
kva7500,30,5,754,9,0.9893632906052203,1.0492364311926752,0.9891049972455794,1.0492364311926752,31.2351271054997,True
kva7500,30,5,754,10,0.9959759029530455,1.045015621987984,0.9914053987290908,1.045015621987984,27.52511368299603,True
kva7500,30,5,754,11,0.9969721168616812,1.0463017565976787,0.9917599750912415,1.0463017565976787,27.001317244277775,True
kva7500,30,5,754,12,0.9979276415070978,1.0480444406710476,0.9923140842864457,1.0480444406710476,26.70251845902423,True
kva7500,30,5,754,13,0.9929807046216241,1.042539416808197,0.9926193018705615,1.042539416808197,26.094955239322076,True
kva7500,30,5,754,14,0.9939500592756703,1.0437950499354487,0.992962173944266,1.0437950499354487,25.58676507588276,True
kva7500,30,5,754,15,0.9850973481535906,1.0440812519154576,0.9850973481535906,1.0440812519154576,34.324111710894876,True
kva7500,30,5,754,16,0.978226600807144,1.0475660772548285,0.978226600807144,1.0475660772548285,45.060614503739764,True
kva7500,30,5,754,17,0.9714263886179165,1.048551722753958,0.9714263886179165,1.0512376334278446,63.1844291701492,True
kva7500,30,5,754,18,0.9698210008238598,1.0485335962778597,0.9698210008238598,1.0512549110836082,66.05151272779837,True
kva7500,30,5,754,19,0.9747911923273386,1.0497098620267629,0.973674746836611,1.0522687268756274,63.52917619098207,True
kva7500,30,5,754,20,0.9852325161420585,1.048686054167396,0.9787283683619834,1.049410558747896,54.685939698606866,True
kva7500,30,5,754,21,0.9882659688081818,1.0398773447527168,0.9834428096080472,1.0403411168974233,45.956533382085894,True
kva7500,30,5,754,22,0.9961330162101292,1.042459315821803,0.987615166032227,1.042459315821803,38.12432417092807,True
kva7500,30,5,754,23,0.9937458403877307,1.037305400362403,0.9913753763850333,1.037305400362403,31.14209102051349,True
kva7500,40,1,1005,0,0.9876124419733626,1.043576297396279,0.9876124419733626,1.043576297396279,27.971460027429963,True
kva7500,40,1,1005,1,0.992211410176564,1.0451564199410412,0.992211410176564,1.0451564199410412,24.986725940349174,True
kva7500,40,1,1005,2,0.9960335163031553,1.048068787589249,0.9960335163031553,1.048068787589249,22.552422579273596,True
kva7500,40,1,1005,3,0.9941295999340527,1.0405058550881776,0.9941295999340527,1.0405058550881776,19.60839393555267,True
kva7500,40,1,1005,4,0.991143029173457,1.036634229097402,0.991143029173457,1.036634229097402,20.487777883704908,True
kva7500,40,1,1005,5,0.9865373980803248,1.037145485885483,0.9865373980803248,1.037145485885483,22.917586846397818,True
kva7500,40,1,1005,6,0.9891587016909344,1.0454727969782687,0.9891587016909344,1.0454727969782687,24.9990508837981,True
kva7500,40,1,1005,7,0.9848408348389318,1.0448212820007474,0.9848408348389318,1.0448212820007474,30.782924309179467,True
kva7500,40,1,1005,8,0.9860883620903097,1.0474719534490586,0.9859748791099429,1.0474719534490586,36.899847118036575,True
kva7500,40,1,1005,9,0.9952824692214702,1.0492544605682788,0.9890106517932333,1.0492544605682788,31.573277893203084,True
kva7500,40,1,1005,10,0.9955839412527999,1.038170549208643,0.9912776144679523,1.038170549208643,27.754400602686626,True
kva7500,40,1,1005,11,0.9965597201921146,1.03942575964189,0.9916237510744902,1.03942575964189,27.23631623241451,True
kva7500,40,1,1005,12,0.9976324525707778,1.0408695487165098,0.9921317186309597,1.0408695487165098,27.188334954458007,True
kva7500,40,1,1005,13,0.9983386996300442,1.0421225758389527,0.9924771563598297,1.0421225758389527,26.676331084058706,True
kva7500,40,1,1005,14,0.9932910175450933,1.036652132592091,0.9927828162767284,1.036652132592091,26.07011531853089,True
kva7500,40,1,1005,15,0.984085378855238,1.0436900625076224,0.984085378855238,1.0436900625076224,35.06118503830349,True
kva7500,40,1,1005,16,0.9762562316653942,1.0454782160339002,0.9762562316653942,1.0454782160339002,46.57096897822542,True
kva7500,40,1,1005,17,0.9727384482942185,1.0540995743855763,0.9710819265352161,1.0567230983407812,66.98366827729534,True
kva7500,40,1,1005,18,0.9687578484578626,1.0537806019426437,0.9687578484578626,1.0564170107295814,71.45570333671195,True
kva7500,40,1,1005,19,0.9743382586389195,1.0549051050967446,0.972016543811164,1.0574145535653623,68.65459532941358,True
kva7500,40,1,1005,20,0.9861472156010707,1.052898447828998,0.977503077837365,1.0548926664501939,58.94386882961788,True
kva7500,40,1,1005,21,0.990466454873405,1.044573230486132,0.9825852426791353,1.0460429697683808,49.366659859515345,True
kva7500,40,1,1005,22,0.9930568180309802,1.0392475408385813,0.9870036568327285,1.0392475408385813,40.63211290440681,True
kva7500,40,1,1005,23,0.9922292328883778,1.0361786193627418,0.990944750875221,1.0361786193627418,33.1443956228418,True
kva7500,40,2,1005,0,0.988505388036993,1.0446801622290176,0.988505388036993,1.0446801622290176,27.970372070651685,True
kva7500,40,2,1005,1,0.9929489576220124,1.0452896563542122,0.9929489576220124,1.0452896563542122,24.995011821218565,True
kva7500,40,2,1005,2,0.9965536945812359,1.0486038653456329,0.9962615118994628,1.0486038653456329,22.55773203568052,True
kva7500,40,2,1005,3,0.9945616313368228,1.0410394704186172,0.9945616313368228,1.0410394704186172,19.608510028532475,True
kva7500,40,2,1005,4,0.9914318457996872,1.0369907462802246,0.9914318457996872,1.0369907462802246,20.487894408565364,True
kva7500,40,2,1005,5,0.986838601930256,1.0375141106690269,0.986838601930256,1.0375141106690269,22.916201757448647,True
kva7500,40,2,1005,6,0.9894500382996768,1.045835356164188,0.9894500382996768,1.045835356164188,24.999192768682782,True
kva7500,40,2,1005,7,0.9851561066373792,1.045212300689422,0.9851561066373792,1.045212300689422,30.777640224918898,True
kva7500,40,2,1005,8,0.9863831154948998,1.047384929732017,0.9860055821804639,1.047384929732017,36.90000005113275,True
kva7500,40,2,1005,9,0.9954285368285494,1.049435977256204,0.9890251844888528,1.049435977256204,31.573355343630926,True
kva7500,40,2,1005,10,0.9957291335581224,1.0383494501273558,0.9912916017970015,1.0383494501273558,27.754470485316002,True
kva7500,40,2,1005,11,0.9967047159610615,1.0396044509247102,0.9916376686281944,1.0396044509247102,27.23638699063569,True
kva7500,40,2,1005,12,0.9975450760376087,1.0412265952640423,0.9921594844344576,1.0412265952640423,27.18848525688156,True
kva7500,40,2,1005,13,0.9982518746892943,1.0424793319050896,0.992504808243824,1.0424793319050896,26.676476409614914,True
kva7500,40,2,1005,14,0.9935815731840574,1.037010265236319,0.9928103475058851,1.037010265236319,26.07026400872308,True
kva7500,40,2,1005,15,0.9845314216135949,1.0435568386333596,0.9845314216135949,1.0435568386333596,35.061423820437035,True
kva7500,40,2,1005,16,0.976889401208482,1.044430954260381,0.976889401208482,1.044430954260381,46.56112660658606,True
kva7500,40,2,1005,17,0.9749556491584451,1.0538906842671414,0.971365564442484,1.0566812149725466,66.97912607084727,True
kva7500,40,2,1005,18,0.9719632882817367,1.0534922806746256,0.9707972350599713,1.056366060030073,71.45200504403284,True
kva7500,40,2,1005,19,0.9771845030156187,1.0546025790651947,0.9723673717583398,1.0573557942244665,68.62432648544345,True
kva7500,40,2,1005,20,0.9883524102998493,1.052630963319282,0.9777377325871246,1.0548316071746136,58.92963563705081,True
kva7500,40,2,1005,21,0.9921280615887828,1.0443429188131694,0.9827335060466695,1.0459842594660866,49.35819120003428,True
kva7500,40,2,1005,22,0.9942240821717672,1.0355208000835627,0.9870838469509281,1.0366418151696999,40.62428781204115,True
kva7500,40,2,1005,23,0.9927305093849025,1.0358260339986818,0.9910628578934018,1.0358260339986818,33.1451781529143,True
kva7500,40,3,1005,0,0.9883839671391957,1.0480144646702059,0.9883839671391957,1.0480144646702059,27.970682055050823,True
kva7500,40,3,1005,1,0.9928825018528887,1.0446499588055949,0.9928825018528887,1.0446499588055949,24.985562984571242,True
kva7500,40,3,1005,2,0.9965058356049429,1.048617922881343,0.9962732112613503,1.048617922881343,22.55670975411746,True
kva7500,40,3,1005,3,0.9945230885589272,1.0410450776061544,0.9945230885589272,1.0410450776061544,19.60803632097579,True
kva7500,40,3,1005,4,0.9914065732704138,1.0369954705069626,0.9914065732704138,1.0369954705069626,20.487481892230722,True
kva7500,40,3,1005,5,0.9868145322699967,1.037521527613703,0.9868145322699967,1.037521527613703,22.91564010580731,True
kva7500,40,3,1005,6,0.9894269509429517,1.0458443182863206,0.9894269509429517,1.0458443182863206,24.998528614793187,True
kva7500,40,3,1005,7,0.9851357685170354,1.045226753296611,0.9851357685170354,1.045226753296611,30.77666661791429,True
kva7500,40,3,1005,8,0.9864553603793274,1.0472718974681594,0.9860144102434106,1.0472718974681594,36.898738044718584,True
kva7500,40,3,1005,9,0.9954185616621464,1.0494430787919442,0.9890289799033148,1.0494430787919442,31.572852409659948,True
kva7500,40,3,1005,10,0.9957182761414413,1.03835483584927,0.9912949979039424,1.03835483584927,27.754059598999902,True
kva7500,40,3,1005,11,0.9966937497812279,1.0396096198879603,0.991641009172568,1.0396096198879603,27.235987010207598,True
kva7500,40,3,1005,12,0.997540322238949,1.041236808510582,0.9921661599081947,1.041236808510582,27.18771947797364,True
kva7500,40,3,1005,13,0.9982471127715645,1.042489102723228,0.9925113726489735,1.042489102723228,26.675733525641423,True
kva7500,40,3,1005,14,0.9935590618693619,1.0370197065488624,0.9928168361116301,1.0370197065488624,26.069542444056008,True
kva7500,40,3,1005,15,0.9845039263052354,1.0433873157035842,0.9845039263052354,1.0433873157035842,35.0596649636535,True
kva7500,40,3,1005,16,0.9771303934645126,1.0440730821248267,0.9771303934645126,1.0440730821248267,46.55596120685753,True
kva7500,40,3,1005,17,0.975618895336389,1.0538973216894825,0.9714748604685365,1.0567295899113867,66.96020634235045,True
kva7500,40,3,1005,18,0.9729509162610064,1.0534901975857591,0.9709662317873942,1.0564278106550484,71.42314077136847,True
kva7500,40,3,1005,19,0.9779677097690735,1.0547321617316423,0.9725200169114894,1.0575126229422316,68.59732902400668,True
kva7500,40,3,1005,20,0.9890532655482467,1.0526482075058068,0.9778473204155929,1.0548934582525593,58.91192960904676,True
kva7500,40,3,1005,21,0.9926500373837563,1.0443664381904307,0.9828085891975011,1.0460408023205436,49.34697676748073,True
kva7500,40,3,1005,22,0.9944845642102101,1.0355460646842454,0.9871321204731109,1.0366899983223452,40.617652088295365,True
kva7500,40,3,1005,23,0.9928687129600569,1.0357417133220084,0.9910951329866949,1.0357417133220084,33.141315170059464,True
kva7500,40,4,1005,0,0.9875807011340726,1.0431447816412194,0.9875807011340726,1.0431447816412194,27.974966048038958,True
kva7500,40,4,1005,1,0.9921921898164151,1.045671015014796,0.9921921898164151,1.045671015014796,24.98898585247938,True
kva7500,40,4,1005,2,0.9960225581504117,1.0478007105046196,0.9960225581504117,1.0478007105046196,22.55381323644221,True
kva7500,40,4,1005,3,0.9941256862039833,1.040312089772188,0.9941256862039833,1.040312089772188,19.609071881601924,True
kva7500,40,4,1005,4,0.9911395803524711,1.0365033728903466,0.9911395803524711,1.0365033728903466,20.48840901277091,True
kva7500,40,4,1005,5,0.9865316300736942,1.0370096013254604,0.9865316300736942,1.0370096013254604,22.91847839871982,True
kva7500,40,4,1005,6,0.9891509600687108,1.0453337432777143,0.9891509600687108,1.0453337432777143,25.000122831119494,True
kva7500,40,4,1005,7,0.9848278721304219,1.0446727507516784,0.9848278721304219,1.0446727507516784,30.784544020801118,True
kva7500,40,4,1005,8,0.9859586073440034,1.0476826769111447,0.985946694832702,1.0476826769111447,36.901979831308864,True
kva7500,40,4,1005,9,0.9952757830335034,1.0491811703292,0.9889978303250518,1.0491811703292,31.574118324111407,True
kva7500,40,4,1005,10,0.9955789867037599,1.038173329311509,0.9912656354519451,1.038173329311509,27.755083512693787,True
kva7500,40,4,1005,11,0.9965549800787128,1.0393562364850648,0.9916118867623778,1.0393562364850648,27.236977849098142,True
kva7500,40,4,1005,12,0.9976336446087235,1.0407306536031644,0.9921079842629772,1.0407306536031644,27.189593280727117,True
kva7500,40,4,1005,13,0.9983397106302647,1.0419844167302097,0.9924536407917631,1.0419844167302097,26.6775495089633,True
kva7500,40,4,1005,14,0.993282504719058,1.0365140418949859,0.9927594738353535,1.0365140418949859,26.071295128932114,True
kva7500,40,4,1005,15,0.984060372092424,1.044006360957333,0.984060372092424,1.044006360957333,35.06414297586871,True
kva7500,40,4,1005,16,0.9821146045123809,1.0455146304623557,0.9812808192708172,1.0455146304623557,46.693938220399694,True
kva7500,40,4,1005,17,0.9716645276784336,1.054278247353469,0.9707805734933648,1.0566680480123654,67.01880489661096,True
kva7500,40,4,1005,18,0.96706675465986,1.0541060446986887,0.96706675465986,1.0563867373384241,71.51323184936166,True
kva7500,40,4,1005,19,0.9726829474229972,1.0553226663641395,0.9715963924669715,1.0574700246506985,68.7006340346857,True
kva7500,40,4,1005,20,0.9848785247487595,1.0532330624345756,0.9771915826229701,1.0549275816719526,58.97425107733892,True
kva7500,40,4,1005,21,0.9895197297772454,1.0448340066468702,0.9823622059035769,1.046062609063031,49.38576158654569,True
kva7500,40,4,1005,22,0.9923841830577605,1.0384508711335227,0.9868524735868388,1.0384508711335227,40.643315952826704,True
kva7500,40,4,1005,23,0.9919749877477647,1.0370058592551785,0.9908377531171684,1.0370058592551785,33.15093467363371,True
kva7500,40,5,1005,0,0.9880081068485457,1.0438802664703415,0.9880081068485457,1.0438802664703415,27.97126209178157,True
kva7500,40,5,1005,1,0.9925524775532113,1.0457474340069821,0.9925524775532113,1.0457474340069821,24.994483084117675,True
kva7500,40,5,1005,2,0.9962996334626727,1.0482761199984536,0.9962154523437923,1.0482761199984536,22.552280582698053,True
kva7500,40,5,1005,3,0.9943320485716513,1.040664773599779,0.9943320485716513,1.040664773599779,19.608359689933625,True
kva7500,40,5,1005,4,0.991277717828731,1.036739449419048,0.991277717828731,1.036739449419048,20.487746167894617,True
kva7500,40,5,1005,5,0.9866814610458771,1.0372575976957796,0.9866814610458771,1.0372575976957796,22.916009076257115,True
kva7500,40,5,1005,6,0.9892912728122175,1.0455756614861256,0.9892912728122175,1.0455756614861256,24.9989913400328,True
kva7500,40,5,1005,7,0.984991381066432,1.0449434083249738,0.984991381066432,1.0449434083249738,30.77740142483397,True
kva7500,40,5,1005,8,0.9861463221951288,1.047795518456982,0.9859753338381407,1.047795518456982,36.89976603604802,True
kva7500,40,5,1005,9,0.9953467917966747,1.0493032697465074,0.9890113489956025,1.0493032697465074,31.5732411984922,True
kva7500,40,5,1005,10,0.9956491418310489,1.0382270353631966,0.9912786091427989,1.0382270353631966,27.754361297862044,True
kva7500,40,5,1005,11,0.9966249979687758,1.0394755708180536,0.9916247888113687,1.0394755708180536,27.236280208618524,True
kva7500,40,5,1005,12,0.9974931869946881,1.040969169103175,0.9921337534084191,1.040969169103175,27.18826400636879,True
kva7500,40,5,1005,13,0.9981995829093667,1.0422226432750565,0.9924792927633536,1.0422226432750565,26.676262704715555,True
kva7500,40,5,1005,14,0.9934226515297361,1.0367530268853251,0.9927850156668913,1.0367530268853251,26.070049337995236,True
kva7500,40,5,1005,15,0.9842779827178183,1.0441745764673545,0.9842779827178183,1.0441745764673545,35.061062544172344,True
kva7500,40,5,1005,16,0.97641191457311,1.0457466451251574,0.97641191457311,1.0457466451251574,46.57088649197661,True
kva7500,40,5,1005,17,0.973147218978571,1.054324078052569,0.9710497934247267,1.0568207808093428,66.98653493501968,True
kva7500,40,5,1005,18,0.9692519141782878,1.054178660621875,0.9692519141782878,1.056613374877345,71.45904804786565,True
kva7500,40,5,1005,19,0.9747013455604376,1.055389892647553,0.9719653418899872,1.0576810755149155,68.65746917001267,True
kva7500,40,5,1005,20,0.9863846438941344,1.0531244273388731,0.9774139731899019,1.0549896589954288,58.931211825465326,True
kva7500,40,5,1005,21,0.9906293934415921,1.0447065063615308,0.9824998863169276,1.046083288583103,49.3577276256207,True
kva7500,40,5,1005,22,0.9930226341128933,1.0361227923702425,0.9869238438992879,1.036784295652538,40.62253110866906,True
kva7500,40,5,1005,23,0.9924203577951668,1.0374435696669815,0.9909482533588049,1.0374435696669815,33.14424170323525,True
kva7500,50,1,1256,0,0.9861866713976302,1.041636310547032,0.9861866713976302,1.041636310547032,29.4610693315651,True
kva7500,50,1,1256,1,0.9912511909643753,1.048022044584985,0.9912511909643753,1.048022044584985,26.242656353710572,True
kva7500,50,1,1256,2,0.9950740788798592,1.047693389093301,0.9950740788798592,1.047693389093301,23.539907303561744,True
kva7500,50,1,1256,3,0.9998307979919124,1.0462578274918515,0.9974785017677219,1.0462578274918515,20.419828206760283,True
kva7500,50,1,1256,4,0.9970532432326119,1.0427092262000168,0.9963581164970706,1.0427092262000168,21.060105864608346,True
kva7500,50,1,1256,5,0.9922343372685747,1.0386846696547865,0.9922343372685747,1.0386846696547865,23.477534933482644,True
kva7500,50,1,1256,6,0.9885516756598453,1.0382288363431686,0.9885516756598453,1.0382288363431686,25.476582258578944,True
kva7500,50,1,1256,7,0.9843598513109632,1.0440830429275971,0.9843598513109632,1.0440830429275971,31.278051069631903,True
kva7500,50,1,1256,8,0.985364510510375,1.0474535753186585,0.985364510510375,1.0474535753186585,37.402285419714836,True
kva7500,50,1,1256,9,0.9950428147531657,1.0488892765303637,0.9889497502778299,1.0488892765303637,31.819917296868365,True
kva7500,50,1,1256,10,0.9953516179271878,1.0380586408250398,0.9912203351521129,1.0380586408250398,28.001096124951363,True
kva7500,50,1,1256,11,0.996328339165311,1.0390755002333316,0.9915669483447719,1.0390755002333316,27.483022136830616,True
kva7500,50,1,1256,12,0.9971906590065125,1.0401622855898516,0.9920163369435903,1.0401622855898516,27.68432869507597,True
kva7500,50,1,1256,13,0.998031797713756,1.0414242806355942,0.9923641306588236,1.0414242806355942,27.17044847926536,True
kva7500,50,1,1256,14,0.9987408251475716,1.0426849553416568,0.9927113461049732,1.0426849553416568,26.658720881101193,True
kva7500,50,1,1256,15,0.9833375761721697,1.0369068328247106,0.9833375761721697,1.0369068328247106,35.79601457416443,True
kva7500,50,1,1256,16,0.9803039877159939,1.0444118180227406,0.9803039877159939,1.0444118180227406,48.19343388351909,True
kva7500,50,1,1256,17,0.9669280922440772,1.0535483459004022,0.9669280922440772,1.0561132674491645,70.64506207713016,True
kva7500,50,1,1256,18,0.966635161305787,1.058990671368293,0.966635161305787,1.0615576051371247,76.94460907633969,True
kva7500,50,1,1256,19,0.9726843194787637,1.060168158876345,0.9700837644603209,1.0626209495971033,73.79701119696675,True
kva7500,50,1,1256,20,0.986244380963716,1.0583678366677578,0.9760624743012464,1.060322000205996,63.22143875698522,True
kva7500,50,1,1256,21,0.985489507072718,1.0440961617949351,0.9815145780995939,1.0455475537796186,52.70090104936297,True
kva7500,50,1,1256,22,0.9894858170595356,1.0353618029709666,0.9862859841057452,1.0363443937969752,43.16095037542091,True
kva7500,50,1,1256,23,0.9967867873719859,1.0382351337008822,0.9904742971060947,1.0382351337008822,35.23095133601795,True
kva7500,50,2,1256,0,0.9864631795449658,1.0421078449355359,0.9864631795449658,1.0421078449355359,29.461371756537734,True
kva7500,50,2,1256,1,0.9914776693554976,1.04860331567814,0.9914776693554976,1.04860331567814,26.242856692146724,True
kva7500,50,2,1256,2,0.9952526008615086,1.0476707428347438,0.9952526008615086,1.0476707428347438,23.540022530046766,True
kva7500,50,2,1256,3,0.9999624383835499,1.0465950656416159,0.9974798513411269,1.0465950656416159,20.419886818528905,True
kva7500,50,2,1256,4,0.9971413103774345,1.0429347579505703,0.9963591458589615,1.0429347579505703,21.060155909786367,True
kva7500,50,2,1256,5,0.9923234833228103,1.0386734441216734,0.9923234833228103,1.0386734441216734,23.477605231650102,True
kva7500,50,2,1256,6,0.9886536462598596,1.0384577838135614,0.9886536462598596,1.0384577838135614,25.48294210385715,True
kva7500,50,2,1256,7,0.984451904436462,1.0443197151440302,0.984451904436462,1.0443197151440302,31.278181592512862,True
kva7500,50,2,1256,8,0.9855396359254036,1.047447957043914,0.9855396359254036,1.047447957043914,37.40243127389977,True
kva7500,50,2,1256,9,0.9950881861213592,1.049005526478995,0.9889509637270799,1.049005526478995,31.819981807261442,True
kva7500,50,2,1256,10,0.9953964778489003,1.0380541554831801,0.991221294495307,1.0380541554831801,28.001148245015052,True
kva7500,50,2,1256,11,0.9963731066980072,1.039189571161991,0.9915678757926847,1.039189571161991,27.483073301110675,True
kva7500,50,2,1256,12,0.9972469327298219,1.0403893262158799,0.9920180137506875,1.0403893262158799,27.68445063466656,True
kva7500,50,2,1256,13,0.9979561945683757,1.0416521612365832,0.9923659261969998,1.0416521612365832,27.170545725254964,True
kva7500,50,2,1256,14,0.9986655713076625,1.0429123891203786,0.992713070477743,1.0429123891203786,26.65881477008404,True
kva7500,50,2,1256,15,0.983545248192434,1.0368975767230983,0.983545248192434,1.0368975767230983,35.7962294894807,True
kva7500,50,2,1256,16,0.9808485011275818,1.044407866365735,0.9808485011275818,1.044407866365735,48.19400087117976,True
kva7500,50,2,1256,17,0.9683727366809141,1.053707126689119,0.9683727366809141,1.0562260940361414,70.65583915780236,True
kva7500,50,2,1256,18,0.9686702629669577,1.059257872632752,0.9683843942683623,1.0617310939710378,76.94368016354204,True
kva7500,50,2,1256,19,0.9746250272196423,1.0603973437902319,0.9701693371933665,1.0627798239510318,73.81297899165062,True
kva7500,50,2,1256,20,0.9875550279704496,1.058525543814554,0.9760567623514591,1.0604369527996995,63.217711262990086,True
kva7500,50,2,1256,21,0.9866897907351649,1.044238807480995,0.9815498994055392,1.045634577783842,52.70204579610389,True
kva7500,50,2,1256,22,0.9903918097807711,1.0365631703546068,0.9863098836418902,1.0365631703546068,43.159384509482855,True
kva7500,50,2,1256,23,0.9971659276615609,1.039162715776925,0.9904879196905203,1.039162715776925,35.23789931739999,True
kva7500,50,3,1256,0,0.9864625261565448,1.0423446498582942,0.9864625261565448,1.0423446498582942,29.460316373749368,True
kva7500,50,3,1256,1,0.9914818199864417,1.0484026571388905,0.9914818199864417,1.0484026571388905,26.24215882564208,True
kva7500,50,3,1256,2,0.9953164175876875,1.0469957950857671,0.9953164175876875,1.0469957950857671,23.534610454669686,True
kva7500,50,3,1256,3,0.9999696498240913,1.0464827451606533,0.9975004490661471,1.0464827451606533,20.419724965913126,True
kva7500,50,3,1256,4,0.9971459495365407,1.0428596006638386,0.9963727984652209,1.0428596006638386,21.059977758305706,True
kva7500,50,3,1256,5,0.9923267524438575,1.0389148578845502,0.9923267524438575,1.0389148578845502,23.477355067963725,True
kva7500,50,3,1256,6,0.9886543806177345,1.0383759773292318,0.9886543806177345,1.0383759773292318,25.482866327551594,True
kva7500,50,3,1256,7,0.9844511717951376,1.0442354120480168,0.9844511717951376,1.0442354120480168,31.27774918882216,True
kva7500,50,3,1256,8,0.9855422584786003,1.047693825232867,0.9855422584786003,1.047693825232867,37.40189000439481,True
kva7500,50,3,1256,9,0.9950880557084266,1.0489642423697054,0.9889567481372845,1.0489642423697054,31.819762552771614,True
kva7500,50,3,1256,10,0.9953972152950417,1.03817434057458,0.991227460187918,1.03817434057458,28.000962056306694,True
kva7500,50,3,1256,11,0.9963739718812039,1.039149898483036,0.9915740936225077,1.039149898483036,27.482893890897635,True
kva7500,50,3,1256,12,0.9971947626947556,1.0403096315116986,0.9920303702466926,1.0403096315116986,27.684104355680216,True
kva7500,50,3,1256,13,0.9979034350971852,1.041573078034495,0.9923783702574147,1.041573078034495,27.170207420576016,True
kva7500,50,3,1256,14,0.9986125823484242,1.0428337897221105,0.9927256246154209,1.0428337897221105,26.658489103955652,True
kva7500,50,3,1256,15,0.9835408931755478,1.037265586815906,0.9835408931755478,1.037265586815906,35.79545610598354,True
kva7500,50,3,1256,16,0.9808333736488866,1.045149334906614,0.9808333736488866,1.045149334906614,48.19191390898977,True
kva7500,50,3,1256,17,0.9683278088890919,1.0538517397037996,0.9683278088890919,1.0562609270956553,70.65604673838624,True
kva7500,50,3,1256,18,0.9683755807512952,1.0596478766813595,0.9683755807512952,1.061919568017956,76.93754187761232,True
kva7500,50,3,1256,19,0.974379283660975,1.0607627050735515,0.9701818636258988,1.062955626314205,73.80740953781316,True
kva7500,50,3,1256,20,0.9874228662358626,1.0588203060917836,0.9760897238199833,1.0605754328509231,63.214997962899915,True
kva7500,50,3,1256,21,0.9866311030312866,1.0444736394498966,0.9815919513387364,1.0457415961980225,52.69738220442064,True
kva7500,50,3,1256,22,0.9903812981245532,1.0361010308466252,0.9863531989935573,1.036480477535963,43.15637910804542,True
kva7500,50,3,1256,23,0.9971601004942943,1.0388205944292788,0.9905298162990036,1.0388205944292788,35.23606849957338,True
kva7500,50,4,1256,0,0.9871522489417324,1.0472727469811645,0.9871522489417324,1.0472727469811645,29.460824487176335,True
kva7500,50,4,1256,1,0.9919013481180522,1.044252565712847,0.9919013481180522,1.044252565712847,26.227951191355245,True
kva7500,50,4,1256,2,0.995730425334478,1.0478427835117108,0.995730425334478,1.0478427835117108,23.5391814924106,True
kva7500,50,4,1256,3,1.0003139538788506,1.047235756058788,0.9975710892707378,1.047235756058788,20.419464829629348,True
kva7500,50,4,1256,4,0.9973769001965163,1.043364247829287,0.9964205376871231,1.043364247829287,21.059738452324364,True
kva7500,50,4,1256,5,0.992562914338476,1.0382657148094645,0.992562914338476,1.0382657148094645,23.47695822850485,True
kva7500,50,4,1256,6,0.9888948449815348,1.038898097506372,0.9888948449815348,1.038898097506372,25.48235914100779,True
kva7500,50,4,1256,7,0.9847026485462339,1.0447787713508399,0.9847026485462339,1.0447787713508399,31.27688560490461,True
kva7500,50,4,1256,8,0.9859822082524812,1.0470225944561231,0.9859175205341655,1.0470225944561231,37.39395685958626,True
kva7500,50,4,1256,9,0.9952125044863849,1.0492318341716884,0.9889850391417453,1.0492318341716884,31.81934373258475,True
kva7500,50,4,1256,10,0.9955185426362764,1.0381542400861523,0.9912542016877837,1.0381542400861523,28.000615907149545,True
kva7500,50,4,1256,11,0.9964948206980851,1.0394100275785727,0.9916006219184171,1.0394100275785727,27.482559799810613,True
kva7500,50,4,1256,12,0.9971851406683694,1.0408377754842466,0.9920852038035275,1.0408377754842466,27.681612649378057,True
kva7500,50,4,1256,13,0.9978926122569745,1.0420919408203335,0.9924311956557539,1.0420919408203335,27.169600544779417,True
kva7500,50,4,1256,14,0.9931625362100803,1.036622828812534,0.9927373275358485,1.036622828812534,26.56328286571194,True
kva7500,50,4,1256,15,0.9838663479978614,1.0430137555812782,0.9838663479978614,1.0430137555812782,35.80408252521824,True
kva7500,50,4,1256,16,0.9820256226985621,1.0501090069068575,0.9811698446747518,1.0501090069068575,48.18481469078504,True
kva7500,50,4,1256,17,0.9715514637999701,1.053092536456375,0.9704191707364085,1.0559979175231589,70.60236480432566,True
kva7500,50,4,1256,18,0.9732917233746022,1.058501534812764,0.9693493335186286,1.061494963463703,76.8640694914889,True
kva7500,50,4,1256,19,0.9789053775325914,1.0596976458614416,0.97105384816297,1.0625675342128642,73.73961820393346,True
kva7500,50,4,1256,20,0.9846135973241884,1.05178432291096,0.9767540561046627,1.054099732016725,63.03343378959419,True
kva7500,50,4,1256,21,0.9893273939361544,1.0436946878220104,0.9820315547254183,1.0454452782399988,52.66244753127038,True
kva7500,50,4,1256,22,0.9923738716445691,1.039119637298356,0.9866857636193204,1.039119637298356,43.15098349724616,True
kva7500,50,4,1256,23,0.9950913787855731,1.040984207946135,0.9907716282958753,1.040984207946135,35.231670789877185,True
kva7500,50,5,1256,0,0.9866462429272993,1.041608971990146,0.9866462429272993,1.041608971990146,29.45975468122559,True
kva7500,50,5,1256,1,0.9916295427814483,1.0480492915164468,0.9916295427814483,1.0480492915164468,26.241795534849636,True
kva7500,50,5,1256,2,0.9953735611930251,1.0476756558670661,0.9953735611930251,1.0476756558670661,23.53937152435571,True
kva7500,50,5,1256,3,1.0000527643864185,1.0462694893342335,0.9974738943016261,1.0462694893342335,20.41955569618662,True
kva7500,50,5,1256,4,0.9972015148755157,1.042717055949663,0.9963551112525736,1.042717055949663,21.059888146335066,True
kva7500,50,5,1256,5,0.9923838864644277,1.0386761736826045,0.9923838864644277,1.0386761736826045,23.477240981772926,True
kva7500,50,5,1256,6,0.988702239546504,1.038238262153939,0.988702239546504,1.038238262153939,25.476222162848405,True
kva7500,50,5,1256,7,0.98451233687262,1.0440949073802719,0.98451233687262,1.0440949073802719,31.27753093298693,True
kva7500,50,5,1256,8,0.9853730662981234,1.0474457566801993,0.9853730662981234,1.0474457566801993,37.40160966189724,True
kva7500,50,5,1256,9,0.9951180057774051,1.0488948658685122,0.9889489439603171,1.0488948658685122,31.819652524137283,True
kva7500,50,5,1256,10,0.9954264173250973,1.038054745214426,0.9912192722591585,1.038054745214426,28.000884768423568,True
kva7500,50,5,1256,11,0.9964030273726957,1.039080330343912,0.9915658523021769,1.039080330343912,27.482815645840375,True
kva7500,50,5,1256,12,0.9972402913259238,1.040172071700288,0.9920141836310394,1.040172071700288,27.683937864351318,True
kva7500,50,5,1256,13,0.9979496737595734,1.0414340709192678,0.9923619460114199,1.0414340709192678,27.170052939996637,True
kva7500,50,5,1256,14,0.9986588853397138,1.0426945638814278,0.9927090873914124,1.0426945638814278,26.65834076074678,True
kva7500,50,5,1256,15,0.9833501543044706,1.0368947452383894,0.9833501543044706,1.0368947452383894,35.795061751771556,True
kva7500,50,5,1256,16,0.9803423143869233,1.0443888982434288,0.9803423143869233,1.0443888982434288,48.19053608344328,True
kva7500,50,5,1256,17,0.9670850991301039,1.053653736195266,0.9670850991301039,1.056212673901066,70.63351478785661,True
kva7500,50,5,1256,18,0.9668997832532196,1.0591443269893899,0.9668997832532196,1.0617034477427854,76.92591630989477,True
kva7500,50,5,1256,19,0.9727849357616996,1.0604405981369651,0.9701357159077546,1.0628538389486573,73.77990447264419,True
kva7500,50,5,1256,20,0.9863991781854732,1.0584859305158776,0.97609148183949,1.0604334630052443,63.21015464679753,True
kva7500,50,5,1256,21,0.9855918788828375,1.0441873657135103,0.9815278372381451,1.0456337405064904,52.69383132861059,True
kva7500,50,5,1256,22,0.989557830102347,1.0354447486482456,0.9862924724700922,1.0364080308393746,43.15450872439644,True
kva7500,50,5,1256,23,0.9971140810660101,1.038288479373595,0.9904709604433095,1.038288479373595,35.228819842746674,True
kva7500,60,1,1508,0,0.985320049839844,1.047172386185201,0.985320049839844,1.047172386185201,30.960707128466684,True
kva7500,60,1,1508,1,0.9905990180856045,1.0471334343977468,0.9905990180856045,1.0471334343977468,27.48352455493952,True
kva7500,60,1,1508,2,0.994556978913559,1.0467919966175054,0.994556978913559,1.0467919966175054,24.528566871364486,True
kva7500,60,1,1508,3,0.9994616358224317,1.0457590168339528,0.9973724214632798,1.0457590168339528,21.153856071523954,True
kva7500,60,1,1508,4,0.9968057808282043,1.0423747327296322,0.9962867579925809,1.0423747327296322,21.552069719627994,True
kva7500,60,1,1508,5,0.9919811485574122,1.0382350706077266,0.9919811485574122,1.0382350706077266,23.972068785858596,True
kva7500,60,1,1508,6,0.9883042293514157,1.0378744000001572,0.9883042293514157,1.0378744000001572,25.97870119938137,True
kva7500,60,1,1508,7,0.9840892177970847,1.0437121194517691,0.9840892177970847,1.0437121194517691,31.77488161399665,True
kva7500,60,1,1508,8,0.985274295831576,1.0494780706867466,0.985274295831576,1.0494780706867466,37.909091306968165,True
kva7500,60,1,1508,9,0.9949096740200227,1.0487080111364482,0.9889080611912701,1.0487080111364482,32.06776379656717,True
kva7500,60,1,1508,10,0.9952212343306783,1.0378348485465025,0.9911807621466746,1.0378348485465025,28.248573434001536,True
kva7500,60,1,1508,11,0.9961985195189837,1.0389004782557976,0.9915276807228798,1.0389004782557976,27.73051660146385,True
kva7500,60,1,1508,12,0.996930678518549,1.0398121491939494,0.9919374477124775,1.0398121491939494,28.17992211694662,True
kva7500,60,1,1508,13,0.9976507629493462,1.041081928647636,0.9922872556245661,1.041081928647636,27.66440750281193,True
kva7500,60,1,1508,14,0.9983580402345584,1.0423368849505308,0.9926334641694157,1.0423368849505308,27.15450324662323,True
kva7500,60,1,1508,15,0.9827382770856185,1.0362266831197995,0.9827382770856185,1.0362266831197995,36.54980594991237,True
kva7500,60,1,1508,16,0.9791850869975706,1.0500411801713023,0.9791850869975706,1.0500411801713023,49.71932299196053,True
kva7500,60,1,1508,17,0.9701309039215432,1.0585779993433981,0.9687650522458273,1.0614700440849387,74.49481322903122,True
kva7500,60,1,1508,18,0.9680582849220323,1.0636363679267469,0.9668032129814745,1.0666330867891498,82.4484035419346,True
kva7500,60,1,1508,19,0.9744750704803067,1.0649157973415073,0.9687293581247182,1.0677801466809451,79.00859209607539,True
kva7500,60,1,1508,20,0.9823082456452542,1.0572432366702806,0.9749765289406882,1.0595660814877697,67.3690177036353,True
kva7500,60,1,1508,21,0.9890368080223678,1.0493727252979652,0.9807458472657653,1.051127970800716,56.135272332833864,True
kva7500,60,1,1508,22,0.9925010757312159,1.0410382572751677,0.9857485003647591,1.0422213962368256,45.78262966294283,True
kva7500,60,1,1508,23,0.9956610457192713,1.0367275872125765,0.9901112276052828,1.0367275872125765,37.241811524465355,True
kva7500,60,2,1508,0,0.9852155019318727,1.0477591378356328,0.9852155019318727,1.0477591378356328,30.964187930742813,True
kva7500,60,2,1508,1,0.9905202938327128,1.0469617353902931,0.9905202938327128,1.0469617353902931,27.48585573008535,True
kva7500,60,2,1508,2,0.9944999293196168,1.0471781402895282,0.9944999293196168,1.0471781402895282,24.530093976040426,True
kva7500,60,2,1508,3,0.999423759433701,1.0456701702301594,0.9974076185393532,1.0456701702301594,21.154702087187744,True
kva7500,60,2,1508,4,0.9967803655426004,1.0423151416454164,0.9963101502885165,1.0423151416454164,21.552720195937656,True
kva7500,60,2,1508,5,0.9919535873309215,1.0384272181027252,0.9919535873309215,1.0384272181027252,23.97290562388086,True
kva7500,60,2,1508,6,0.9882748572256862,1.037808727622426,0.9882748572256862,1.037808727622426,25.97967209497827,True
kva7500,60,2,1508,7,0.9840555396624834,1.0436395140719013,0.9840555396624834,1.0436395140719013,31.77623437131491,True
kva7500,60,2,1508,8,0.9852649808536162,1.0493995693609233,0.9852649808536162,1.0493995693609233,37.91082683251751,True
kva7500,60,2,1508,9,0.9948936690231427,1.0486730544685081,0.9889179250078123,1.0486730544685081,32.06844265856964,True
kva7500,60,2,1508,10,0.9952064889119119,1.0379297647295416,0.9911913180825961,1.0379297647295416,28.249140470969003,True
kva7500,60,2,1508,11,0.9961839853255755,1.0388679137209265,0.991538335342813,1.0388679137209265,27.731068875755348,True
kva7500,60,2,1508,12,0.9969009244701335,1.0397460161091905,0.9919584717648023,1.0397460161091905,28.180990396740363,True
kva7500,60,2,1508,13,0.9976390112482859,1.0410166079296799,0.9923084521907363,1.0410166079296799,27.66546330348306,True
kva7500,60,2,1508,14,0.9983459730570324,1.042272135730294,0.9926548476213573,1.042272135730294,27.155530314121272,True
kva7500,60,2,1508,15,0.9827484193618236,1.036508067916507,0.9827484193618236,1.036508067916507,36.546184072489105,True
kva7500,60,2,1508,16,0.9791165625077044,1.0506197073083763,0.9791165625077044,1.0506197073083763,49.72663982126603,True
kva7500,60,2,1508,17,0.9697588720002163,1.058608039100127,0.9687720596760405,1.0613465546853555,74.52499119376415,True
kva7500,60,2,1508,18,0.967396901091483,1.0636735631379572,0.966768464442443,1.0664509547202634,82.49950218785601,True
kva7500,60,2,1508,19,0.9738791075480885,1.0649537719390345,0.9687066999524078,1.0676082510093863,79.05761055238958,True
kva7500,60,2,1508,20,0.9819210659401384,1.0572764255013605,0.9750015746447545,1.059422831342294,67.40084571553633,True
kva7500,60,2,1508,21,0.9888337811468125,1.0494026302729855,0.9808041188667854,1.0510152868469624,56.15269835278651,True
kva7500,60,2,1508,22,0.9925781004736486,1.041061323060816,0.9858153515124842,1.0421351305357145,45.79275205919838,True
kva7500,60,2,1508,23,0.9955068275993254,1.0364138114728334,0.9901781749818653,1.0364138114728334,37.24790872728818,True
kva7500,60,3,1508,0,0.9849769240934386,1.0419530227570655,0.9849769240934386,1.0419530227570655,30.960844365500098,True
kva7500,60,3,1508,1,0.9902791930326869,1.0466998947167017,0.9902791930326869,1.0466998947167017,27.48491819611808,True
kva7500,60,3,1508,2,0.9943129070915221,1.0478968313118664,0.9943129070915221,1.0478968313118664,24.529522889163825,True
kva7500,60,3,1508,3,0.9992879678260678,1.0455251373003462,0.9973428583088738,1.0455251373003462,21.154323761604786,True
kva7500,60,3,1508,4,0.9966891642225834,1.0422174899510088,0.9962667996942146,1.0422174899510088,21.55246983180805,True
kva7500,60,3,1508,5,0.991860092652823,1.0387845819298551,0.991860092652823,1.0387845819298551,23.972639005049732,True
kva7500,60,3,1508,6,0.9881795542707746,1.0377056122691102,0.9881795542707746,1.0377056122691102,25.97939807146396,True
kva7500,60,3,1508,7,0.9839551302227014,1.0435293804999317,0.9839551302227014,1.0435293804999317,31.775951515570103,True
kva7500,60,3,1508,8,0.9851801920856914,1.0492827396527538,0.9851801920856914,1.0492827396527538,37.91056408628784,True
kva7500,60,3,1508,9,0.994843540292852,1.0486182206568608,0.9888945473742236,1.0486182206568608,32.06831128411226,True
kva7500,60,3,1508,10,0.9951579570537167,1.0381088930480786,0.9911685571120168,1.0381088930480786,28.24900559497828,True
kva7500,60,3,1508,11,0.996135661825773,1.038815602393794,0.9915156550768882,1.038815602393794,27.730937093019584,True
kva7500,60,3,1508,12,0.9968039886504662,1.0396409771197408,0.9919129803680601,1.0396409771197408,28.180703037011092,True
kva7500,60,3,1508,13,0.9975515076988943,1.0409124470368207,0.9922631095102608,1.0409124470368207,27.66518888838402,True
kva7500,60,3,1508,14,0.998258511694158,1.042168523024449,0.9926096709555001,1.042168523024449,27.155257911848143,True
kva7500,60,3,1508,15,0.982599775417884,1.0370753210737678,0.982599775417884,1.0370753210737678,36.551847385736004,True
kva7500,60,3,1508,16,0.9789744331293188,1.0481694482537216,0.9789744331293188,1.0481694482537216,49.744500381492344,True
kva7500,60,3,1508,17,0.9688952826774669,1.059397434434586,0.9683292280779883,1.0617765080113168,74.53267457262655,True
kva7500,60,3,1508,18,0.9662217419401953,1.064707212600302,0.9661062339439863,1.0669966009059773,82.51905115347309,True
kva7500,60,3,1508,19,0.9726909834018762,1.0660219747671502,0.9680999985748465,1.0681957043344763,79.07397872822192,True
kva7500,60,3,1508,20,0.98148652517986,1.058018347153251,0.9745996671137734,1.0598008707726367,67.42267854737719,True
kva7500,60,3,1508,21,0.9884747660591645,1.0500889877586577,0.9805177299475838,1.0513721074415912,56.16142213323366,True
kva7500,60,3,1508,22,0.9922357667075471,1.0414292846646989,0.9856345975552326,1.042289482532017,45.80135083023773,True
kva7500,60,3,1508,23,0.9950932667107832,1.0362521906859845,0.9899841565977748,1.0362521906859845,37.24617411523169,True
kva7500,60,4,1508,0,0.9852932165050268,1.0478731103377976,0.9852932165050268,1.0478731103377976,30.96985815934645,True
kva7500,60,4,1508,1,0.9904244559577186,1.0466024237991358,0.9904244559577186,1.0466024237991358,27.483441014812676,True
kva7500,60,4,1508,2,0.9944213293989815,1.0472414189174446,0.9944213293989815,1.0472414189174446,24.528676036053724,True
kva7500,60,4,1508,3,0.9993641280526766,1.0454545628280913,0.9973596260251693,1.0454545628280913,21.153905467507197,True
kva7500,60,4,1508,4,0.9967405193826893,1.0421710258831713,0.9962780659121273,1.0421710258831713,21.55212465305332,True
kva7500,60,4,1508,5,0.9919139946344621,1.0384586867336205,0.9919139946344621,1.0384586867336205,23.972157470311483,True
kva7500,60,4,1508,6,0.9882354666051111,1.0376638054249503,0.9882354666051111,1.0376638054249503,25.97880724375115,True
kva7500,60,4,1508,7,0.9840164243097036,1.043493327003458,0.9840164243097036,1.043493327003458,31.775071742846308,True
kva7500,60,4,1508,8,0.9851328090425536,1.0492530289296822,0.9851328090425536,1.0492530289296822,37.90938780559963,True
kva7500,60,4,1508,9,0.994873842574433,1.0486004909979427,0.9889019123198892,1.0486004909979427,32.067864978300015,True
kva7500,60,4,1508,10,0.9951866211446493,1.0379454114157223,0.9911752794149779,1.0379454114157223,28.248651874092324,True
kva7500,60,4,1508,11,0.9961640898781492,1.038795914027942,0.9915222895852651,1.038795914027942,27.730591163764075,True
kva7500,60,4,1508,12,0.9968617522705356,1.0396031151356426,0.9919265978503065,1.0396031151356426,28.18004012438007,True
kva7500,60,4,1508,13,0.9976892034160227,1.0408729540339405,0.9922764604660609,1.0408729540339405,27.6645359547065,True
kva7500,60,4,1508,14,0.9983961104765955,1.0421285098867332,0.992622843811612,1.0421285098867332,27.154626681538822,True
kva7500,60,4,1508,15,0.9825266786873662,1.03656361226842,0.9825266786873662,1.03656361226842,36.550192384920834,True
kva7500,60,4,1508,16,0.9786880877413575,1.0507213910136106,0.9786880877413575,1.0507213910136106,49.72911215867151,True
kva7500,60,4,1508,17,0.9688510379711175,1.0588343067144255,0.968558184783817,1.0614835396134612,74.50366284303946,True
kva7500,60,4,1508,18,0.9662243945604362,1.0638818305112578,0.9662243945604362,1.0665582681659005,82.46995047942399,True
kva7500,60,4,1508,19,0.9726545411592687,1.065261745630725,0.968420008699272,1.067795454385843,79.02754361750652,True
kva7500,60,4,1508,20,0.9811529865685586,1.05754849990471,0.9748243351731437,1.059581755293845,67.39116219260859,True
kva7500,60,4,1508,21,0.9882857685618395,1.049620302698259,0.9806773152586615,1.0511410223364732,56.14898120575733,True
kva7500,60,4,1508,22,0.9923238618261069,1.0412270359434266,0.9857387755663588,1.042229675053707,45.79326519904253,True
kva7500,60,4,1508,23,0.9953566446531762,1.0358490755327439,0.9900539107058354,1.0358490755327439,37.24250724187573,True
kva7500,60,5,1508,0,0.9853950055997533,1.0473161507074065,0.9853950055997533,1.0473161507074065,30.96033070494786,True
kva7500,60,5,1508,1,0.9906616572283065,1.0475625028914963,0.9906616572283065,1.0475625028914963,27.48346954801483,True
kva7500,60,5,1508,2,0.9946081942421828,1.0468867828142925,0.9946081942421828,1.0468867828142925,24.528570014538108,True
kva7500,60,5,1508,3,0.9995008832265653,1.0460122824527958,0.9973997709958664,1.0460122824527958,21.15390711030854,True
kva7500,60,5,1508,4,0.9968320389855958,1.0425440996295183,0.9963050509162816,1.0425440996295183,21.552093545583187,True
kva7500,60,5,1508,5,0.9920070787673175,1.0382817690106465,0.9920070787673175,1.0382817690106465,23.972070241545097,True
kva7500,60,5,1508,6,0.9883299170300262,1.0380459130160073,0.9883299170300262,1.0380459130160073,25.978688033025,True
kva7500,60,5,1508,7,0.9841143752211804,1.0438862383811158,0.9841143752211804,1.0438862383811158,31.774841987158677,True
kva7500,60,5,1508,8,0.9851191017346351,1.0470405465488721,0.9851191017346351,1.0470405465488721,37.89943929827362,True
kva7500,60,5,1508,9,0.9949223399282351,1.048793874497703,0.9889168541238919,1.048793874497703,32.06774917566964,True
kva7500,60,5,1508,10,0.9952340752145016,1.0378579236682672,0.9911896946318157,1.0378579236682672,28.24856138520968,True
kva7500,60,5,1508,11,0.9962114010963609,1.0389853572587873,0.9915366359206688,1.0389853572587873,27.730506575827366,True
kva7500,60,5,1508,12,0.9968955788676107,1.0399807765858322,0.9919550923697271,1.0399807765858322,28.179925997240222,True
kva7500,60,5,1508,13,0.9976079737489437,1.0412512819920765,0.9923050632072064,1.0412512819920765,27.66438781313832,True
kva7500,60,5,1508,14,0.9983151681359171,1.0425061220850824,0.9926513125385997,1.0425061220850824,27.154488543445968,True
kva7500,60,5,1508,15,0.9829723685215034,1.0362896975479265,0.9829723685215034,1.0362896975479265,36.54360622842833,True
kva7500,60,5,1508,16,0.9796079728215358,1.0501846523283591,0.9796079728215358,1.0501846523283591,49.71896307039584,True
kva7500,60,5,1508,17,0.9709542577252253,1.0586814410770415,0.9688178040680308,1.0614257795665802,74.47229941610772,True
kva7500,60,5,1508,18,0.9693080086437529,1.0638011602157413,0.9668894485256055,1.0665797713296865,82.42299730853642,True
kva7500,60,5,1508,19,0.9756071387612314,1.065069197639233,0.9688001763235923,1.067725460973563,78.98870750259024,True
kva7500,60,5,1508,20,0.9834111171488876,1.05738462479426,0.9750824761067223,1.059519286822894,67.3714578602208,True
kva7500,60,5,1508,21,0.9899415450732703,1.04948078082793,0.9808430427242415,1.0510845260613524,56.13403754069044,True
kva7500,60,5,1508,22,0.9927009971658538,1.0411170204431728,0.985827742966542,1.0421837015128772,45.78191315767274,True
kva7500,60,5,1508,23,0.9957562757421956,1.0374056225526163,0.990177448966553,1.0374056225526163,37.24148408458113,True
kva7500,70,1,1759,0,0.9842163229059572,1.046373243194692,0.9842163229059572,1.046373243194692,32.46409995588245,True
kva7500,70,1,1759,1,0.9895513481556913,1.0461032412854219,0.9895513481556913,1.0461032412854219,28.72154325535411,True
kva7500,70,1,1759,2,0.9937392771556001,1.0462601282301511,0.9937392771556001,1.0462601282301511,25.51352216854371,True
kva7500,70,1,1759,3,0.9988736632298173,1.0455770583360968,0.9972634789075575,1.0455770583360968,21.895913367076556,True
kva7500,70,1,1759,4,0.9964151578960765,1.043238317915573,0.9962141142495529,1.043238317915573,22.051201070213533,True
kva7500,70,1,1759,5,0.9915838239313612,1.0384468595948544,0.9915838239313612,1.0384468595948544,24.47229587269702,True
kva7500,70,1,1759,6,0.9878903660160483,1.037469090512381,0.9878903660160483,1.037469090512381,26.472751525529098,True
kva7500,70,1,1759,7,0.9836590734209503,1.0432833029814896,0.9836590734209503,1.0432833029814896,32.27045102878237,True
kva7500,70,1,1759,8,0.9849032108742601,1.049026993720004,0.9849032108742601,1.049026993720004,38.405355281956254,True
kva7500,70,1,1759,9,0.9946971250908809,1.0484972855737555,0.9888630412381318,1.0484972855737555,32.3146524427752,True
kva7500,70,1,1759,10,0.9950138689476042,1.0377023319480945,0.9911387301134322,1.0377023319480945,28.495274781441513,True
kva7500,70,1,1759,11,0.9959919480850532,1.0386992065884892,0.9914860528442273,1.0386992065884892,27.97723043163578,True
kva7500,70,1,1759,12,0.9965160807890704,1.0394082233758395,0.9918532547033607,1.0394082233758395,28.67408174661955,True
kva7500,70,1,1759,13,0.9972992224740496,1.0406790614235821,0.9922036223478303,1.0406790614235821,28.158856271126442,True
kva7500,70,1,1759,14,0.9980072149119814,1.0419357986278772,0.9925506171176978,1.0419357986278772,27.648861565426415,True
kva7500,70,1,1759,15,0.9821854808473476,1.0358182857672027,0.9821854808473476,1.0358182857672027,37.296165889113894,True
kva7500,70,1,1759,16,0.9779650218511571,1.0490248201838395,0.9779650218511571,1.0490248201838395,51.25126422633814,True
kva7500,70,1,1759,17,0.9664442957447562,1.0579957332258259,0.9664442957447562,1.0608497246220543,78.19798236947618,True
kva7500,70,1,1759,18,0.9625623629281288,1.0625679013068734,0.9625623629281288,1.0655389967910054,87.83968982567707,True
kva7500,70,1,1759,19,0.9694167846352505,1.064083408155388,0.9670326099140254,1.0668733548451756,84.12696368268325,True
kva7500,70,1,1759,20,0.9852298997092339,1.0626766791702842,0.9738072258912397,1.0649689739921397,71.74751839213167,True
kva7500,70,1,1759,21,0.9863611831472205,1.0489411668436783,0.9799341227586396,1.0506550050689512,59.50496913072229,True
kva7500,70,1,1759,22,0.9919142219717438,1.040660875577236,0.9852313215086601,1.0418247475871218,48.33627360717187,True
kva7500,70,1,1759,23,0.9938729929532866,1.0349622770973586,0.9897030582707113,1.0349622770973586,39.2513054871858,True
kva7500,70,2,1759,0,0.9843386335342621,1.0464516415427767,0.9843386335342621,1.0464516415427767,32.46580431443443,True
kva7500,70,2,1759,1,0.989654560395043,1.0462823677876232,0.989654560395043,1.0462823677876232,28.72272202735935,True
kva7500,70,2,1759,2,0.9938229663665524,1.0463132763580871,0.9938229663665524,1.0463132763580871,25.514310424292688,True
kva7500,70,2,1759,3,0.9989371989862263,1.045418256274024,0.9972909408464145,1.045418256274024,21.896363751174935,True
kva7500,70,2,1759,4,0.9964576810982468,1.043132312307194,0.9962324651730535,1.043132312307194,22.05152362440474,True
kva7500,70,2,1759,5,0.9916260824791661,1.038341149764404,0.9916260824791661,1.038341149764404,24.472690808277118,True
kva7500,70,2,1759,6,0.9879324573265357,1.0375420694834903,0.9879324573265357,1.0375420694834903,26.47320488339971,True
kva7500,70,2,1759,7,0.9837006102430516,1.0433553401692321,0.9837006102430516,1.0433553401692321,32.27105006713589,True
kva7500,70,2,1759,8,0.984896866477617,1.0490981528388559,0.984896866477617,1.0490981528388559,38.40610024985482,True
kva7500,70,2,1759,9,0.9947180219655385,1.0485334271556368,0.9888718510949225,1.0485334271556368,32.31494594309655,True
kva7500,70,2,1759,10,0.9950349248577071,1.0377153931965517,0.9911476853559208,1.0377153931965517,28.495526007649573,True
kva7500,70,2,1759,11,0.9960130366700581,1.0387356916201174,0.9914950321485777,1.0387356916201174,27.97747567512218,True
kva7500,70,2,1759,12,0.9965578889151905,1.0394806138466715,0.9918710588693588,1.0394806138466715,28.674573964002356,True
kva7500,70,2,1759,13,0.9972917459244842,1.0407517255615497,0.9922214953700037,1.0407517255615497,28.159339788809035,True
kva7500,70,2,1759,14,0.9980026677304661,1.0420157027535633,0.9925701555291055,1.0420157027535633,27.647337408489946,True
kva7500,70,2,1759,15,0.9821754126929054,1.0358566118133754,0.9821754126929054,1.0358566118133754,37.29724872822195,True
kva7500,70,2,1759,16,0.977935975865586,1.0490956408340684,0.977935975865586,1.0490956408340684,51.25440203922568,True
kva7500,70,2,1759,17,0.9663291122109859,1.0578530644042778,0.9663291122109859,1.0606955343095401,78.21045575368147,True
kva7500,70,2,1759,18,0.9623614736811856,1.0623592068391257,0.9623614736811856,1.0653142442192018,87.86002134417511,True
kva7500,70,2,1759,19,0.9692440423107578,1.0638887021825885,0.9671487231397754,1.0666624284060089,84.14381419292445,True
kva7500,70,2,1759,20,0.9785488428627362,1.056337987166299,0.9738718065247672,1.0586216893566076,71.60729024964247,True
kva7500,70,2,1759,21,0.9862963089617417,1.0488176008587686,0.9800330743729909,1.0505195462029628,59.50851324029928,True
kva7500,70,2,1759,22,0.991867335074606,1.0405698485561043,0.9853100502949684,1.0417231499557846,48.341020072637384,True
kva7500,70,2,1759,23,0.994032150126717,1.0352413511394087,0.989769328667359,1.0352413511394087,39.25423166531959,True
kva7500,70,3,1759,0,0.9837584214102753,1.0471163658580964,0.9837584214102753,1.0471163658580964,32.46912581647883,True
kva7500,70,3,1759,1,0.9891954529950125,1.0453783664421943,0.9891954529950125,1.0453783664421943,28.72208606756345,True
kva7500,70,3,1759,2,0.9934631182525047,1.0467459947205264,0.9934631182525047,1.0467459947205264,25.51391501355145,True
kva7500,70,3,1759,3,0.9986654306599748,1.0447755870351918,0.9972540817562747,1.0447755870351918,21.886422341108013,True
kva7500,70,3,1759,4,0.9962745141200875,1.0417184820309202,0.9962075663534206,1.0417184820309202,22.0426679697531,True
kva7500,70,3,1759,5,0.9914387587240194,1.0382116187189248,0.9914387587240194,1.0382116187189248,24.465273016237127,True
kva7500,70,3,1759,6,0.9877525210427611,1.03718761560371,0.9877525210427611,1.03718761560371,26.47305217571108,True
kva7500,70,3,1759,7,0.9835144588869358,1.042987479377179,0.9835144588869358,1.042987479377179,32.270730761166014,True
kva7500,70,3,1759,8,0.9846008933712492,1.0487224519586835,0.9846008933712492,1.0487224519586835,38.405747067666645,True
kva7500,70,3,1759,9,0.9946262124120079,1.0483528053701379,0.9888581838716047,1.0483528053701379,32.31478505131628,True
kva7500,70,3,1759,10,0.994944551489911,1.0378210152384375,0.9911347583639057,1.0378210152384375,28.495385690150325,True
kva7500,70,3,1759,11,0.9959275355634428,1.0385665058543487,0.9914838509272533,1.0385665058543487,27.975423600715175,True
kva7500,70,3,1759,12,0.9963778374837358,1.0391283209015827,0.9918454061718642,1.0391283209015827,28.674263398359965,True
kva7500,70,3,1759,13,0.9973643652827262,1.0403986674767873,0.9921957648426992,1.0403986674767873,28.159074377963304,True
kva7500,70,3,1759,14,0.9981070954276291,1.0416635561634655,0.9925446396460106,1.0416635561634655,27.64707842241088,True
kva7500,70,3,1759,15,0.9817307733338451,1.036178743210012,0.9817307733338451,1.036178743210012,37.29672476118344,True
kva7500,70,3,1759,16,0.9769903436648472,1.0497336009707892,0.9769903436648472,1.0497336009707892,51.25435973730933,True
kva7500,70,3,1759,17,0.9641190348512773,1.0579517466861985,0.9641190348512773,1.0606167423803614,78.21843478528375,True
kva7500,70,3,1759,18,0.9652416848208556,1.0686185345997947,0.9645189281874524,1.0713275427429672,88.05287160984277,True
kva7500,70,3,1759,19,0.9722842177165039,1.0700573994562772,0.9666608711690307,1.072652238582116,84.34249231755524,True
kva7500,70,3,1759,20,0.9822599560729249,1.0625871295730795,0.9735034960569124,1.064697163742778,71.73185595125757,True
kva7500,70,3,1759,21,0.9842215997256275,1.0488788698124518,0.9797537335237563,1.0504284026947206,59.51421620487973,True
kva7500,70,3,1759,22,0.9903261582220443,1.0406990846318467,0.98513874486853,1.041727277036558,48.33962511950816,True
kva7500,70,3,1759,23,0.9932637374185194,1.0338939080260063,0.9896476690404336,1.0338939080260063,39.25289779130721,True
kva7500,70,4,1759,0,0.9841276720822767,1.0468098637961958,0.9841276720822767,1.0468098637961958,32.46625481529831,True
kva7500,70,4,1759,1,0.9894825670413493,1.0460966650342554,0.9894825670413493,1.0460966650342554,28.72295105146545,True
kva7500,70,4,1759,2,0.9936878541491445,1.046541196814952,0.9936878541491445,1.046541196814952,25.51441580028544,True
kva7500,70,4,1759,3,0.9988379796974639,1.0453651901396808,0.9972442008411423,1.0453651901396808,21.89637468864347,True
kva7500,70,4,1759,4,0.9963911689065046,1.0430970806178195,0.9962012266350061,1.0430970806178195,22.051555292931592,True
kva7500,70,4,1759,5,0.991558432227701,1.0383052725412707,0.991558432227701,1.0383052725412707,24.47276649337874,True
kva7500,70,4,1759,6,0.9878639263931392,1.0374683017291595,0.9878639263931392,1.0374683017291595,26.473316722483105,True
kva7500,70,4,1759,7,0.9836296285213829,1.043277963334587,0.9836296285213829,1.043277963334587,32.27125864091728,True
kva7500,70,4,1759,8,0.984826599668898,1.0490174492995494,0.984826599668898,1.0490174492995494,38.406406829232395,True
kva7500,70,4,1759,9,0.9946825423800398,1.0484949136278274,0.9888554826309301,1.0484949136278274,32.315055286001346,True
kva7500,70,4,1759,10,0.9950002098376644,1.0377719586428202,0.991131585352062,1.0377719586428202,28.495604579953827,True
kva7500,70,4,1759,11,0.9959784218043981,1.0386985420254364,0.9914789665528602,1.0386985420254364,27.97755114529118,True
kva7500,70,4,1759,12,0.9964886719366614,1.0394063763974852,0.991838905626578,1.0394063763974852,28.674698495329,True
kva7500,70,4,1759,13,0.9972520781387424,1.0406776609086945,0.9921893719419296,1.0406776609086945,28.15947465137486,True
kva7500,70,4,1759,14,0.9979630722657361,1.0419419176871916,0.9925381124794589,1.0419419176871916,27.647462657633447,True
kva7500,70,4,1759,15,0.9820707980466318,1.0360360344750474,0.9820707980466318,1.0360360344750474,37.29767290766611,True
kva7500,70,4,1759,16,0.9777093748371279,1.0494786372171043,0.9777093748371279,1.0494786372171043,51.2559001262712,True
kva7500,70,4,1759,17,0.9658596444565201,1.0581854726271358,0.9658596444565201,1.0608771534690133,78.21714994534409,True
kva7500,70,4,1759,18,0.9616163442747743,1.0630584596228743,0.9616163442747743,1.0657324186736938,87.89489772369667,True
kva7500,70,4,1759,19,0.9685438012720927,1.0643878341618682,0.9667666315091654,1.0669466495427928,84.1552494738388,True
kva7500,70,4,1759,20,0.9844492828441661,1.0630206397311088,0.9736076969662463,1.0650966595003242,71.76765631220668,True
kva7500,70,4,1759,21,0.9859036783696578,1.0490810198801563,0.9797898628411054,1.0506525598556031,59.51596629595138,True
kva7500,70,4,1759,22,0.991501891589125,1.0408587667080336,0.985134925256795,1.0418893794862527,48.34290979781689,True
kva7500,70,4,1759,23,0.9937581207368582,1.034926679403888,0.989638486235132,1.034926679403888,39.26113130978927,True
kva7500,70,5,1759,0,0.9836189058867723,1.0478573343458208,0.9836189058867723,1.0478573343458208,32.47188275260358,True
kva7500,70,5,1759,1,0.9890856607110424,1.0452802514903934,0.9890856607110424,1.0452802514903934,28.72378723965201,True
kva7500,70,5,1759,2,0.9933790533096016,1.0472202702234032,0.9933790533096016,1.0472202702234032,25.51490708432258,True
kva7500,70,5,1759,3,0.9986138232648311,1.045371944907868,0.9972017325527472,1.045371944907868,21.89655562696982,True
kva7500,70,5,1759,4,0.9962415255977549,1.043101896770052,0.9961728023431378,1.043101896770052,22.05173009450955,True
kva7500,70,5,1759,5,0.9914056498624667,1.0383130456709515,0.9914056498624667,1.0383130456709515,24.473050086619367,True
kva7500,70,5,1759,6,0.9877084856455324,1.037147101887692,0.9877084856455324,1.037147101887692,26.47368986408373,True
kva7500,70,5,1759,7,0.9834675847504686,1.0429436559565752,0.9834675847504686,1.0429436559565752,32.27186212055667,True
kva7500,70,5,1759,8,0.9845842425606018,1.0486729173534595,0.9845842425606018,1.0486729173534595,38.407270687642594,True
kva7500,70,5,1759,9,0.9946026842537725,1.0483306931423373,0.9888385955273797,1.0483306931423373,32.31535979848268,True
kva7500,70,5,1759,10,0.9949223074281138,1.0379389821419756,0.9911157084731148,1.0379389821419756,28.495841724469052,True
kva7500,70,5,1759,11,0.9959054531022361,1.0386152208665849,0.9914648777308804,1.0386152208665849,27.9758610884703,True
kva7500,70,5,1759,12,0.9963331128010482,1.039279252331217,0.9918072051909652,1.039279252331217,28.67509239068714,True
kva7500,70,5,1759,13,0.9972919433697655,1.040358462127147,0.9921577323102535,1.040358462127147,28.159901463631662,True
kva7500,70,5,1759,14,0.998002531496008,1.0416238094577495,0.9925067620609014,1.0416238094577495,27.647866443361995,True
kva7500,70,5,1759,15,0.9817079293040993,1.036550149002463,0.9817079293040993,1.036550149002463,37.29889201763812,True
kva7500,70,5,1759,16,0.9769255489130954,1.0505046079065457,0.9769255489130954,1.0505046079065457,51.25920650594675,True
kva7500,70,5,1759,17,0.9638260958302425,1.0585678876362625,0.9638260958302425,1.060946731614616,78.2647136946788,True
kva7500,70,5,1759,18,0.9648592793553653,1.0695377754207795,0.9639784914817339,1.0718170458508198,88.16649717920511,True
kva7500,70,5,1759,19,0.9719141273244586,1.070789100441859,0.9661326453559674,1.0730089888287782,84.39588205741538,True
kva7500,70,5,1759,20,0.9819212940814248,1.0632827082171357,0.9730903301097249,1.065055302777652,71.76621256875305,True
kva7500,70,5,1759,21,0.9840606807138369,1.0494055989190962,0.9794475659557458,1.0506991641505936,59.53807042303985,True
kva7500,70,5,1759,22,0.9902100969021601,1.041096343557172,0.9849171179288454,1.0419189361790928,48.348961861119236,True
kva7500,70,5,1759,23,0.9930776410688206,1.0346923677457263,0.989485380429672,1.0346923677457263,39.26405708363589,True
kva7500,80,1,2010,0,0.9829216184433561,1.0458506086118133,0.9829216184433561,1.0458506086118133,33.9720258938636,True
kva7500,80,1,2010,1,0.9885262771712503,1.0444163443673484,0.9885262771712503,1.0444163443673484,29.965669573546414,True
kva7500,80,1,2010,2,0.9929458233007774,1.045921283987403,0.9929458233007774,1.045921283987403,26.502180581157287,True
kva7500,80,1,2010,3,0.9983009280257272,1.0447643393302093,0.9971437135396762,1.0447643393302093,22.62991345358729,True
kva7500,80,1,2010,4,0.9960331630227335,1.0426961785639353,0.9960331630227335,1.0426961785639353,22.542759792347113,True
kva7500,80,1,2010,5,0.9911925938776592,1.0378997991079466,0.9911925938776592,1.0378997991079466,24.96679260139305,True
kva7500,80,1,2010,6,0.9874913784304499,1.036811299681035,0.9874913784304499,1.036811299681035,26.96866844465926,True
kva7500,80,1,2010,7,0.983240421529002,1.0425910979246609,0.983240421529002,1.0425910979246609,32.768488929339426,True
kva7500,80,1,2010,8,0.9842646070528442,1.0483063642161357,0.9842646070528442,1.0483063642161357,38.90475042770162,True
kva7500,80,1,2010,9,0.9944690947098123,1.048133611691575,0.9888053350833855,1.048133611691575,32.568528207744336,True
kva7500,80,1,2010,10,0.9948136401959051,1.0376183491167053,0.9910934043556323,1.0376183491167053,28.74289542286744,True
kva7500,80,1,2010,11,0.9957972808009748,1.0383799966316651,0.9914428512094267,1.0383799966316651,28.222882627546557,True
kva7500,80,1,2010,12,0.9961152987238994,1.0387529436396736,0.9917621775204674,1.0387529436396736,29.17009631561329,True
kva7500,80,1,2010,13,0.9970051363563317,1.0400244440735191,0.9921129934159175,1.0400244440735191,28.65522797930536,True
kva7500,80,1,2010,14,0.9977168457403875,1.041291114589044,0.9924625726049527,1.041291114589044,28.143014071460303,True
kva7500,80,1,2010,15,0.9815312722435,1.0393562171215485,0.9815312722435,1.0393562171215485,38.05631323929437,True
kva7500,80,1,2010,16,0.9758423299462091,1.0484622352325863,0.9758423299462091,1.0484622352325863,52.787843184337966,True
kva7500,80,1,2010,17,0.967133002024916,1.0631316100969204,0.9662073690759355,1.06604283267854,82.13755666216379,True
kva7500,80,1,2010,18,0.9601450764222191,1.0673318728137489,0.9601450764222191,1.0703386549837102,93.5532852485126,True
kva7500,80,1,2010,19,0.9677840716771537,1.0687658577874504,0.9650548397893235,1.0716683853553115,89.51652350479712,True
kva7500,80,1,2010,20,0.978793227669091,1.0616841771633685,0.9723439361241223,1.0640402266935318,76.01244098514842,True
kva7500,80,1,2010,21,0.9881586324492758,1.0543261619971347,0.9789530173492563,1.056097441030822,63.02128348071532,True
kva7500,80,1,2010,22,0.9884861557647463,1.0401273469530825,0.9845625367495767,1.0413532369490826,50.91559496868282,True
kva7500,80,1,2010,23,0.9922305234078446,1.0390618939380603,0.9893278617238531,1.0390618939380603,41.29303408521297,True
kva7500,80,2,2010,0,0.9826524122569932,1.0460349785554073,0.9826524122569932,1.0460349785554073,33.96866473374942,True
kva7500,80,2,2010,1,0.9883038924495732,1.0440218286016103,0.9883038924495732,1.0440218286016103,29.963443602418916,True
kva7500,80,2,2010,2,0.9927692089741502,1.0460460722148137,0.9927692089741502,1.0460460722148137,26.50079089064361,True
kva7500,80,2,2010,3,0.9981694007573825,1.0451011200709248,0.9971243745534178,1.0451011200709248,22.62921313632821,True
kva7500,80,2,2010,4,0.9959454086574323,1.0429208588277274,0.9959454086574323,1.0429208588277274,22.542219894300842,True
kva7500,80,2,2010,5,0.9911044187853839,1.0381271406721055,0.9911044187853839,1.0381271406721055,24.96606277621396,True
kva7500,80,2,2010,6,0.9874028976906891,1.0366554145493398,0.9874028976906891,1.0366554145493398,26.967788875612555,True
kva7500,80,2,2010,7,0.9831512841396447,1.0424319875538617,0.9831512841396447,1.0424319875538617,32.767249187634064,True
kva7500,80,2,2010,8,0.984098571776292,1.0481459737507846,0.984098571776292,1.0481459737507846,38.90318604179586,True
kva7500,80,2,2010,9,0.994424999449497,1.0480555264093476,0.9887985819273526,1.0480555264093476,32.56791463828969,True
kva7500,80,2,2010,10,0.9947696731629008,1.0376484091679818,0.9910867506689163,1.0376484091679818,28.742385355472233,True
kva7500,80,2,2010,11,0.9957533546474941,1.0383252278815929,0.9914362101881231,1.0383252278815929,28.222389920010574,True
kva7500,80,2,2010,12,0.9960279436881271,1.038697579445125,0.9917490648313493,1.038697579445125,29.169112613453134,True
kva7500,80,2,2010,13,0.9970147319063835,1.0398708063171807,0.9920997492060634,1.0398708063171807,28.65426824472076,True
kva7500,80,2,2010,14,0.9977741731468871,1.0411376494000595,0.9924493567298217,1.0411376494000595,28.14208894703028,True
kva7500,80,2,2010,15,0.9812815626890032,1.0391164677536715,0.9812815626890032,1.0391164677536715,38.054031670769426,True
kva7500,80,2,2010,16,0.9753348756974847,1.0486299156609424,0.9753348756974847,1.0486299156609424,52.781215772714816,True
kva7500,80,2,2010,17,0.9658975165646595,1.0631777747718005,0.9658975165646595,1.0660499533600623,82.11438806414463,True
kva7500,80,2,2010,18,0.9583223194351298,1.067384102453294,0.9583223194351298,1.0703381365782925,93.52058321094736,True
kva7500,80,2,2010,19,0.9660403781242862,1.0688346414015453,0.964897099758717,1.0716703137621717,89.46761634410827,True
kva7500,80,2,2010,20,0.9773501804153093,1.061756202485489,0.9722140406643773,1.0640497757749392,75.97963286448484,True
kva7500,80,2,2010,21,0.9870696583388335,1.0543800756094732,0.9788591562564987,1.0561115284336218,63.00371436279991,True
kva7500,80,2,2010,22,0.98764732063353,1.0401724131693781,0.9844922425398579,1.0413659530769002,50.90568755885233,True
kva7500,80,2,2010,23,0.9917050645680394,1.0392933958935275,0.9892734826933891,1.0392933958935275,41.287145334168606,True
kva7500,80,3,2010,0,0.9830790281029246,1.04582419276601,0.9830790281029246,1.04582419276601,33.975544493076,True
kva7500,80,3,2010,1,0.9886432251020681,1.044700771589736,0.9886432251020681,1.044700771589736,29.963371697734807,True
kva7500,80,3,2010,2,0.9930382736644786,1.0460227537989046,0.9930382736644786,1.0460227537989046,26.50081729503467,True
kva7500,80,3,2010,3,0.9983684363908473,1.0446710690687842,0.9971556528499236,1.0446710690687842,22.629218466674484,True
kva7500,80,3,2010,4,0.9960781080660689,1.0426338423227175,0.9960781080660689,1.0426338423227175,22.542233584940057,True
kva7500,80,3,2010,5,0.9912382214746609,1.0378371002273865,0.9912382214746609,1.0378371002273865,24.966088860633853,True
kva7500,80,3,2010,6,0.9875376640200609,1.036924523196957,0.9875376640200609,1.036924523196957,26.96783441657215,True
kva7500,80,3,2010,7,0.9832881136436086,1.0427071725610781,0.9832881136436086,1.0427071725610781,32.76731347315313,True
kva7500,80,3,2010,8,0.9843338764054226,1.048424561638612,0.9843338764054226,1.048424561638612,38.9032574505997,True
kva7500,80,3,2010,9,0.994492578509149,1.0481907403015183,0.9888098696982128,1.0481907403015183,32.56795127137891,True
kva7500,80,3,2010,10,0.9948367172745757,1.0376436137321614,0.9910977276486378,1.0376436137321614,28.742413230481173,True
kva7500,80,3,2010,11,0.9958202813470448,1.0384361030895803,0.9914471423262956,1.0384361030895803,28.22241807832694,True
kva7500,80,3,2010,12,0.9961613352173636,1.0388650856109773,0.9917708003705786,1.0388650856109773,29.16919020689252,True
kva7500,80,3,2010,13,0.9969513360762058,1.040136873942561,0.9921216386230403,1.040136873942561,28.654315610168236,True
kva7500,80,3,2010,14,0.9976631290345718,1.0414032973928768,0.9924711577075319,1.0414032973928768,28.142134961594298,True
kva7500,80,3,2010,15,0.9813323383714241,1.0356331849573266,0.9813323383714241,1.0356331849573266,38.04529966362449,True
kva7500,80,3,2010,16,0.9760655372935793,1.0486282247696308,0.9760655372935793,1.0486282247696308,52.781301737093834,True
kva7500,80,3,2010,17,0.9677245009730807,1.0632727459241542,0.9663143571692567,1.0661690736403324,82.11027838500497,True
kva7500,80,3,2010,18,0.9610829563943403,1.0675377502357761,0.9610829563943403,1.0705268318880765,93.51039992973655,True
kva7500,80,3,2010,19,0.968647195762927,1.0689625893459824,0.9652173301895663,1.0718465388472649,89.47307398883451,True
kva7500,80,3,2010,20,0.9794648148303007,1.0618358739193914,0.9724627513217114,1.0641783879069002,75.9858605257622,True
kva7500,80,3,2010,21,0.9822780386710913,1.0483378668183,0.979052439926887,1.0500845471250877,62.90647514112606,True
kva7500,80,3,2010,22,0.9888853460142,1.0402072972849699,0.9846271984318714,1.0414283651812126,50.9010489970312,True
kva7500,80,3,2010,23,0.9924313818665952,1.0392697179131232,0.9893688710339654,1.0392697179131232,41.28722088371506,True
kva7500,80,4,2010,0,0.9828653676466181,1.0458150872254632,0.9828653676466181,1.0458150872254632,33.969633917089794,True
kva7500,80,4,2010,1,0.9884801835092555,1.044102570961553,0.9884801835092555,1.044102570961553,29.96408015720243,True
kva7500,80,4,2010,2,0.9929093509425451,1.0459014121633272,0.9929093509425451,1.0459014121633272,26.501189476816027,True
kva7500,80,4,2010,3,0.9982738445995047,1.0450882077999113,0.9971453296465805,1.0450882077999113,22.62941388088688,True
kva7500,80,4,2010,4,0.9960151277782765,1.0429122699110218,0.9960151277782765,1.0429122699110218,22.542388668623865,True
kva7500,80,4,2010,5,0.991174537067886,1.038118325064944,0.991174537067886,1.038118325064944,24.966290991177853,True
kva7500,80,4,2010,6,0.9874731852244565,1.0366870744942156,0.9874731852244565,1.0366870744942156,26.968072388129546,True
kva7500,80,4,2010,7,0.9832220616128546,1.0424646159117736,0.9832220616128546,1.0424646159117736,32.767648006170305,True
kva7500,80,4,2010,8,0.9841585201428742,1.0481790891032345,0.9841585201428742,1.0481790891032345,38.90369296564743,True
kva7500,80,4,2010,9,0.9944601052806152,1.0480715689715796,0.9888057745039666,1.0480715689715796,32.56812192683992,True
kva7500,80,4,2010,10,0.9948047171530213,1.037612715458471,0.9910938865898222,1.037612715458471,28.74255319682807,True
kva7500,80,4,2010,11,0.9957883480828653,1.0383188430047536,0.991443330872582,1.0383188430047536,28.22255473925498,True
kva7500,80,4,2010,12,0.9960978189866778,1.038631262884419,0.9917632651657531,1.038631262884419,29.169440180988488,True
kva7500,80,4,2010,13,0.9970703205829334,1.0399020599394102,0.9921139835833355,1.0399020599394102,28.65457944810484,True
kva7500,80,4,2010,14,0.9977818112982274,1.0411688707709428,0.9924635676805055,1.0411688707709428,28.142388818652005,True
kva7500,80,4,2010,15,0.981371489300722,1.039165186025061,0.981371489300722,1.039165186025061,38.05475680466584,True
kva7500,80,4,2010,16,0.9755174471334467,1.0484091019412576,0.9755174471334467,1.0484091019412576,52.78322009079569,True
kva7500,80,4,2010,17,0.9663331119647041,1.0629692865080942,0.966206383678833,1.0659225368218603,82.12039766919226,True
kva7500,80,4,2010,18,0.9589602990001869,1.0670888660648012,0.9589602990001869,1.0701571383363644,93.52590610462194,True
kva7500,80,4,2010,19,0.9666180960234272,1.0685638566650448,0.9650487832121443,1.0715034024732708,89.47203922765492,True
kva7500,80,4,2010,20,0.9778442303254907,1.0615215897503858,0.9723418046014687,1.063907499426076,75.98429035517445,True
kva7500,80,4,2010,21,0.9874647491554327,1.054190491432307,0.9789595484936874,1.0559980483546962,63.00798703197693,True
kva7500,80,4,2010,22,0.9879618661228934,1.0400271999572859,0.9845714333446474,1.041281330186229,50.90612752836956,True
kva7500,80,4,2010,23,0.9919449754163492,1.0390036269268805,0.9893320217121347,1.0390036269268805,41.28882416959421,True
kva7500,80,5,2010,0,0.9832481143596516,1.0453256930398986,0.9832481143596516,1.0453256930398986,33.97245857710207,True
kva7500,80,5,2010,1,0.9887773639710424,1.045310194901412,0.9887773639710424,1.045310194901412,29.96136530485042,True
kva7500,80,5,2010,2,0.9931413968001321,1.04569047417916,0.9931413968001321,1.04569047417916,26.499556186023092,True
kva7500,80,5,2010,3,0.9984421498090424,1.044745431035866,0.997147151068946,1.044745431035866,22.628623983005543,True
kva7500,80,5,2010,4,0.9961271697776686,1.042683558270946,0.9961271697776686,1.042683558270946,22.54173514905293,True
kva7500,80,5,2010,5,0.9912886835304896,1.0378851153974054,0.9912886835304896,1.0378851153974054,24.965385870242603,True
kva7500,80,5,2010,6,0.9875892234309025,1.0371639285405145,0.9875892234309025,1.0371639285405145,26.966973840980078,True
kva7500,80,5,2010,7,0.9833424436084754,1.0429544922908123,0.9833424436084754,1.0429544922908123,32.76606489275536,True
kva7500,80,5,2010,8,0.9845118973273241,1.0486771862950512,0.9845118973273241,1.0486771862950512,38.901625625442726,True
kva7500,80,5,2010,9,0.9945189242135709,1.0483116890934083,0.9888082673197816,1.0483116890934083,32.56731936384185,True
kva7500,80,5,2010,10,0.9948622860552049,1.0375616819748976,0.991095649139183,1.0375616819748976,28.741892853362963,True
kva7500,80,5,2010,11,0.995845707099804,1.0385542717663592,0.9914449943201885,1.0385542717663592,28.2219168676604,True
kva7500,80,5,2010,12,0.996212387805084,1.0391017752535865,0.9917666085012798,1.0391017752535865,29.168257271808713,True
kva7500,80,5,2010,13,0.9969498976567986,1.0403735925392665,0.9921174645884571,1.0403735925392665,28.65336429322746,True
kva7500,80,5,2010,14,0.9976619247840695,1.0416393056284179,0.9924668437457147,1.0416393056284179,28.141223069849552,True
kva7500,80,5,2010,15,0.9816003478001354,1.0353878141802328,0.9816003478001354,1.0353878141802328,38.04296675271075,True
kva7500,80,5,2010,16,0.9766402477147614,1.048147728490884,0.9766402477147614,1.048147728490884,52.77442006847637,True
kva7500,80,5,2010,17,0.9692838034861336,1.0632888073453486,0.9664012056099005,1.0662064146432553,82.0802344484157,True
kva7500,80,5,2010,18,0.9632646871235492,1.0675695473940578,0.9630330301404322,1.070596164723093,93.4426718121403,True
kva7500,80,5,2010,19,0.9706431992393808,1.0689787651999507,0.9653076405510234,1.0719027963721726,89.40855743300045,True
kva7500,80,5,2010,20,0.9811641857144072,1.0618529284535645,0.972537352309562,1.0642178683386725,75.95850851844803,True
kva7500,80,5,2010,21,0.9832957511789364,1.0483218970052042,0.9790176663484956,1.0500993726271437,62.87825425739659,True
kva7500,80,5,2010,22,0.9898271146541123,1.0401974604407724,0.9846366829933025,1.041436058018554,50.89136117421455,True
kva7500,80,5,2010,23,0.9924826970957511,1.0386043926208057,0.9892829266299731,1.0386043926208057,41.272997912378656,True
kva7500,90,1,2262,0,0.9814372994278315,1.0449904741554004,0.9814372994278315,1.0449904741554004,35.4778786438818,True
kva7500,90,1,2262,1,0.9874727411999007,1.0430232124390855,0.9874727411999007,1.0430232124390855,31.214057531807242,True
kva7500,90,1,2262,2,0.9923518286967085,1.049410762161976,0.9923518286967085,1.049410762161976,27.511302531280556,True
kva7500,90,1,2262,3,0.9977170622189736,1.044193888775368,0.9970015419552002,1.044193888775368,23.366092902439625,True
kva7500,90,1,2262,4,0.9956443375973788,1.042315394069711,0.9956443375973788,1.042315394069711,23.035495014172202,True
kva7500,90,1,2262,5,0.9907954944732004,1.0375142780862407,0.9907954944732004,1.0375142780862407,25.46208298534203,True
kva7500,90,1,2262,6,0.987087204462466,1.0362771968014668,0.987087204462466,1.0362771968014668,27.46512409197725,True
kva7500,90,1,2262,7,0.982818381640306,1.0420273190145095,0.982818381640306,1.0420273190145095,33.26644871502155,True
kva7500,90,1,2262,8,0.9836840661730241,1.047721622684841,0.9836840661730241,1.047721622684841,39.40316445810481,True
kva7500,90,1,2262,9,0.9942612227188576,1.047857838812034,0.9887505301722775,1.047857838812034,32.81638703721649,True
kva7500,90,1,2262,10,0.9946111721780119,1.0375115275190112,0.9910416179870963,1.0375115275190112,28.990569731601152,True
kva7500,90,1,2262,11,0.9955956531559742,1.0381885003713884,0.9913914858267364,1.0381885003713884,28.470536611054815,True
kva7500,90,1,2262,12,0.9957095104578901,1.0384235619317033,0.9916578204107137,1.0384235619317033,29.66649292729726,True
kva7500,90,1,2262,13,0.9966406379767073,1.0394928956531684,0.9920089962995495,1.0394928956531684,29.15199942373705,True
kva7500,90,1,2262,14,0.9973531796402667,1.0407617597334473,0.992359425540999,1.0407617597334473,28.63962045200543,True
kva7500,90,1,2262,15,0.980655218840385,1.0384785027765335,0.980655218840385,1.0384785027765335,38.80719777550443,True
kva7500,90,1,2262,16,0.9741798611223801,1.049334063787967,0.9741798611223801,1.049334063787967,54.32928579546682,True
kva7500,90,1,2262,17,0.9619580265468515,1.0624069696204534,0.9619580265468515,1.065339489322451,85.92914028651404,True
kva7500,90,1,2262,18,0.9586661326888662,1.0721423563639436,0.9586661326888662,1.075200936055516,99.32752891606016,True
kva7500,90,1,2262,19,0.966634059723301,1.0737618256679746,0.9629811439830686,1.0767006971635442,94.9329755535496,True
kva7500,90,1,2262,20,0.9795510560503351,1.0669025325621404,0.9708410182528597,1.0693088408166505,80.45165279585932,True
kva7500,90,1,2262,21,0.9837346515202702,1.0537349586708815,0.9778596864642732,1.0555338002293007,66.41917910291384,True
kva7500,90,1,2262,22,0.9919910966918305,1.0458735563223922,0.9838913081876961,1.0471254820701692,53.5734061123833,True
kva7500,90,1,2262,23,0.9920179505965335,1.0379013880852743,0.9887892243529312,1.0381186974874772,43.391938103482275,True
kva7500,90,2,2262,0,0.9813429443893813,1.0449756202557599,0.9813429443893813,1.0449756202557599,35.47770399468697,True
kva7500,90,2,2262,1,0.9873952100177631,1.0432349843246447,0.9873952100177631,1.0432349843246447,31.21398213325272,True
kva7500,90,2,2262,2,0.9920874232908623,1.0452930722499325,0.9920874232908623,1.0452930722499325,27.501456444470925,True
kva7500,90,2,2262,3,0.9976711694740412,1.044126896806806,0.997003695570761,1.044126896806806,23.36623113859376,True
kva7500,90,2,2262,4,0.9956142255731113,1.0422714098397547,0.9956142255731113,1.0422714098397547,23.035497334075206,True
kva7500,90,2,2262,5,0.9907650945395027,1.0374700832650174,0.9907650945395027,1.0374700832650174,25.46207179334668,True
kva7500,90,2,2262,6,0.9870566054262478,1.0363612173645056,0.9870566054262478,1.0363612173645056,27.465104760247847,True
kva7500,90,2,2262,7,0.982787805287915,1.0421133304316352,0.982787805287915,1.0421133304316352,33.26688918496332,True
kva7500,90,2,2262,8,0.9837568908735503,1.047808059158853,0.9837568908735503,1.047808059158853,39.40311163337995,True
kva7500,90,2,2262,9,0.9942459715808909,1.04789989838411,0.9887512575571231,1.04789989838411,32.816369990658686,True
kva7500,90,2,2262,10,0.9945959947009184,1.0375083840247863,0.9910423911983779,1.0375083840247863,28.990557203658124,True
kva7500,90,2,2262,11,0.9955805052342005,1.038185337079413,0.9913922658022134,1.038185337079413,28.470524882176772,True
kva7500,90,2,2262,12,0.9956788503139227,1.0384177798175338,0.9916592289649129,1.0384177798175338,29.666481299890915,True
kva7500,90,2,2262,13,0.996588591522633,1.03957564576322,0.9920104796981906,1.03957564576322,29.151974895596837,True
kva7500,90,2,2262,14,0.9973011512357232,1.0408443940482976,0.9923609208422497,1.0408443940482976,28.639598716224555,True
kva7500,90,2,2262,15,0.980764883099207,1.0386079654492848,0.980764883099207,1.0386079654492848,38.80710819818422,True
kva7500,90,2,2262,16,0.9744021612091989,1.0496009164047806,0.9744021612091989,1.0496009164047806,54.32906307411911,True
kva7500,90,2,2262,17,0.9624972855207864,1.062511473642661,0.9624972855207864,1.0653641761354076,85.9283236024359,True
kva7500,90,2,2262,18,0.9594488331812814,1.0722938406422666,0.9594488331812814,1.075240049225952,99.33102855768779,True
kva7500,90,2,2262,19,0.967332719948127,1.0739067863612184,0.9629671786865172,1.0767363044196057,94.94144218185761,True
kva7500,90,2,2262,20,0.9801512333595795,1.0670129939078614,0.9708392886366098,1.069330935629311,80.45381724879577,True
kva7500,90,2,2262,21,0.9842170666546659,1.0538237630647516,0.977860485970081,1.0555493309744681,66.41820953855758,True
kva7500,90,2,2262,22,0.9923551146197794,1.0459366815411053,0.9838937834785568,1.047132994124303,53.572799614316835,True
kva7500,90,2,2262,23,0.9919713641738238,1.0378947486404664,0.9887909209365185,1.0381225656519415,43.392574948093234,True
kva7500,90,3,2262,0,0.981384416021889,1.0450505891988378,0.981384416021889,1.0450505891988378,35.47757849400639,True
kva7500,90,3,2262,1,0.9874309030909855,1.0430070927617825,0.9874309030909855,1.0430070927617825,31.213897542407427,True
kva7500,90,3,2262,2,0.9923199657021968,1.0493994494735495,0.9923199657021968,1.0493994494735495,27.511224929237486,True
kva7500,90,3,2262,3,0.9976945078451934,1.0442561795864878,0.9970078267465665,1.0442561795864878,23.36608402641432,True
kva7500,90,3,2262,4,0.9956294621001996,1.042356979704762,0.9956294621001996,1.042356979704762,23.035471166886595,True
kva7500,90,3,2262,5,0.9907801793458579,1.0375569455908393,0.9907801793458579,1.0375569455908393,25.462025258243937,True
kva7500,90,3,2262,6,0.9870715154941899,1.0362718017398345,0.9870715154941899,1.0362718017398345,27.46504443689321,True
kva7500,90,3,2262,7,0.9828018338155451,1.0420212287473143,0.9828018338155451,1.0420212287473143,33.266316373171726,True
kva7500,90,3,2262,8,0.9836824786954841,1.047714851237833,0.9836824786954841,1.047714851237833,39.40299270027088,True
kva7500,90,3,2262,9,0.9942532623162664,1.0478550162872315,0.9887523236090509,1.0478550162872315,32.81631848281478,True
kva7500,90,3,2262,10,0.9946034554830298,1.0375209286988953,0.9910435595299868,1.0375209286988953,28.990513890105564,True
kva7500,90,3,2262,11,0.9955879799623969,1.0381978996678403,0.9913934468890028,1.0381978996678403,28.47048370125172,True
kva7500,90,3,2262,12,0.9956938424629306,1.038442539498875,0.991661586846143,1.038442539498875,29.66640380978796,True
kva7500,90,3,2262,13,0.996648926923101,1.039487393191539,0.9920128034427604,1.039487393191539,29.15190427151759,True
kva7500,90,3,2262,14,0.9973613410667211,1.0407563328728824,0.992363271838454,1.0407563328728824,28.639531443953736,True
kva7500,90,3,2262,15,0.9806525877329441,1.0384678174605473,0.9806525877329441,1.0384678174605473,38.80694630600542,True
kva7500,90,3,2262,16,0.9741765416181385,1.0493169224281595,0.9741765416181385,1.0493169224281595,54.329550984612574,True
kva7500,90,3,2262,17,0.9618878535278654,1.0623952185535508,0.9618878535278654,1.0652731491551186,85.92665155944204,True
kva7500,90,3,2262,18,0.9585159994025897,1.0721276482674282,0.9585159994025897,1.0751068013776786,99.32798459316406,True
kva7500,90,3,2262,19,0.9665037238924049,1.073745452121911,0.9629559980842305,1.0766099007269994,94.93405107722857,True
kva7500,90,3,2262,20,0.9794491435297309,1.066890758028588,0.9708253845640236,1.0692320027424278,80.45483865787493,True
kva7500,90,3,2262,21,0.9836889575953249,1.0537241758416473,0.9778617027490749,1.0554714238155931,66.4173311921923,True
kva7500,90,3,2262,22,0.9919669995729404,1.0458639744758802,0.9838986729438993,1.047076408011178,53.57237994557076,True
kva7500,90,3,2262,23,0.991942492980482,1.0379813830129108,0.9887987347393467,1.0380788659336209,43.39133487516609,True
kva7500,90,4,2262,0,0.9815020676688684,1.04519577520452,0.9815020676688684,1.04519577520452,35.47678627943502,True
kva7500,90,4,2262,1,0.987526189619034,1.0432683354402361,0.987526189619034,1.0432683354402361,31.21335231169984,True
kva7500,90,4,2262,2,0.9921911501061511,1.045434199152815,0.9921911501061511,1.045434199152815,27.501038135528127,True
kva7500,90,4,2262,3,0.997748079133843,1.044042930558053,0.9969992112151069,1.044042930558053,23.365997678614672,True
kva7500,90,4,2262,4,0.9956654484250114,1.0422154475913776,0.9956654484250114,1.0422154475913776,23.035317374282467,True
kva7500,90,4,2262,5,0.9908166350167867,1.03746903117464,0.9908166350167867,1.03746903117464,25.461845188382256,True
kva7500,90,4,2262,6,0.9871084046742863,1.036374050372829,0.9871084046742863,1.036374050372829,27.464841613980795,True
kva7500,90,4,2262,7,0.9828399560707013,1.042125981658302,0.9828399560707013,1.042125981658302,33.266535347233855,True
kva7500,90,4,2262,8,0.9837539379896924,1.0478170390712442,0.9837539379896924,1.0478170390712442,39.402988141730965,True
kva7500,90,4,2262,9,0.9942716112632406,1.0479060721646274,0.988749856869269,1.0479060721646274,32.81618939556365,True
kva7500,90,4,2262,10,0.9946215877110527,1.0375434549561664,0.9910409390059025,1.0375434549561664,28.99040463223977,True
kva7500,90,4,2262,11,0.9956060693580325,1.0382203151394478,0.9913908082795496,1.0382203151394478,28.4703759130956,True
kva7500,90,4,2262,12,0.9957300479474677,1.0384878616251823,0.9916563537680975,1.0384878616251823,29.66619046876956,True
kva7500,90,4,2262,13,0.9966041745871931,1.0395883821497756,0.9920076121108904,1.0395883821497756,29.151688866849874,True
kva7500,90,4,2262,14,0.9973168068883697,1.0408571217491849,0.992358040223934,1.0408571217491849,28.639321402074955,True
kva7500,90,4,2262,15,0.9807648814404599,1.0386272109200088,0.9807648814404599,1.0386272109200088,38.806485425919064,True
kva7500,90,4,2262,16,0.9744044299528462,1.0496416301692992,0.9744044299528462,1.0496416301692992,54.32716685429571,True
kva7500,90,4,2262,17,0.9625150769637617,1.0625990291974012,0.9625150769637617,1.0654456496797504,85.92206282900898,True
kva7500,90,4,2262,18,0.9594848511411886,1.0724329132963146,0.9594848511411886,1.0753673595992768,99.32018719208568,True
kva7500,90,4,2262,19,0.9675363785848788,1.0738958643701062,0.9629606686310365,1.0767604597165221,94.9464332450326,True
kva7500,90,4,2262,20,0.9802339334170145,1.067093670854377,0.9708379020592117,1.0694222545706513,80.45447268240166,True
kva7500,90,4,2262,21,0.9842787219329066,1.0538752139545018,0.9778560692222376,1.0556151691440971,66.42120895156243,True
kva7500,90,4,2262,22,0.9923610898520606,1.0459855071238369,0.9838837742128363,1.0471805898443216,53.57033698958527,True
kva7500,90,4,2262,23,0.9920060476125004,1.0381841613253402,0.9887816024264199,1.0381841613253402,43.391052347523825,True
kva7500,90,5,2262,0,0.9813907128265771,1.0453536757274637,0.9813907128265771,1.0453536757274637,35.47830954338306,True
kva7500,90,5,2262,1,0.9874379780510729,1.0429691344114598,0.9874379780510729,1.0429691344114598,31.21435668932959,True
kva7500,90,5,2262,2,0.9923270553101778,1.0493710528843367,0.9923270553101778,1.0493710528843367,27.511481894566938,True
kva7500,90,5,2262,3,0.9977011221100225,1.0441048681756868,0.9970002872660593,1.0441048681756868,23.366191117264787,True
kva7500,90,5,2262,4,0.9956338720429349,1.0422560220050876,0.9956338720429349,1.0422560220050876,23.03556887154463,True
kva7500,90,5,2262,5,0.9907840834607238,1.0375225552448235,0.9907840834607238,1.0375225552448235,25.46217862575061,True
kva7500,90,5,2262,6,0.9870749489902894,1.0362572491248836,0.9870749489902894,1.0362572491248836,27.465240258512324,True
kva7500,90,5,2262,7,0.9828040312284517,1.0420049059450962,0.9828040312284517,1.0420049059450962,33.26662030188868,True
kva7500,90,5,2262,8,0.9836741799357892,1.0476933370150026,0.9836741799357892,1.0476933370150026,39.40371646206033,True
kva7500,90,5,2262,9,0.9942543715734259,1.047847005058815,0.9887494239346748,1.047847005058815,32.816470215450366,True
kva7500,90,5,2262,10,0.9946049730360189,1.037569696369167,0.9910408142530278,1.037569696369167,28.990636715513034,True
kva7500,90,5,2262,11,0.9955895530956462,1.0382465839393022,0.9913907255845645,1.0382465839393022,28.470600269855176,True
kva7500,90,5,2262,12,0.9956967330055564,1.038539942228783,0.9916560348497029,1.038539942228783,29.666623399628488,True
kva7500,90,5,2262,13,0.9966352905539649,1.0394726167209232,0.9920072930220941,1.0394726167209232,29.152125027982354,True
kva7500,90,5,2262,14,0.9973477220453314,1.04074170812316,0.9923578060128023,1.04074170812316,28.63974165775254,True
kva7500,90,5,2262,15,0.9806444711067238,1.0384410259899084,0.9806444711067238,1.0384410259899084,38.80753612995035,True
kva7500,90,5,2262,16,0.9741380622489215,1.0492367287183666,0.9741380622489215,1.0492367287183666,54.330775278783946,True
kva7500,90,5,2262,17,0.9617728016149627,1.0625491976663783,0.9617728016149627,1.065354807348853,85.93554405766857,True
kva7500,90,5,2262,18,0.9582994744613784,1.0723551389123682,0.9582994744613784,1.075228826040486,99.34476108088712,True
kva7500,90,5,2262,19,0.9664599831497804,1.073838205125246,0.9628448602281868,1.0766317497656626,94.94551640385824,True
kva7500,90,5,2262,20,0.9793284465321554,1.067060098725758,0.9707434564538937,1.0693205113515776,80.46439667158165,True
kva7500,90,5,2262,21,0.9836006413497547,1.0538587757583424,0.9777987551112567,1.0555393536263502,66.42519053348252,True
kva7500,90,5,2262,22,0.9919370728427642,1.0459587088706273,0.9838629247870093,1.047123704567875,53.57330690740152,True
kva7500,90,5,2262,23,0.9919727971188338,1.038378963484149,0.9887716314625348,1.038378963484149,43.3927646626318,True
kva7500,100,1,2513,0,0.9866327727236076,1.0470578733833575,0.9866327727236076,1.0470578733833575,37.061529966423166,True
kva7500,100,1,2513,1,0.9927639143362068,1.0487159992117232,0.9927639143362068,1.0487159992117232,32.52422418284042,True
kva7500,100,1,2513,2,0.997685107283489,1.0485878926548198,0.9951746846400477,1.0485878926548198,28.5552136527695,True
kva7500,100,1,2513,3,0.9971200625236819,1.0428811392761128,0.9968715831116531,1.0428811392761128,24.083349497230383,True
kva7500,100,1,2513,4,0.9952695961540892,1.0405204253356435,0.9952695961540892,1.0405204253356435,23.510521140803917,True
kva7500,100,1,2513,5,0.9903555451890669,1.0374184882334434,0.9903555451890669,1.0374184882334434,25.945255591840805,True
kva7500,100,1,2513,6,0.9866347451552592,1.0357335505498562,0.9866347451552592,1.0357335505498562,27.960638910815117,True
kva7500,100,1,2513,7,0.9823459275396988,1.041451006585292,0.9823459275396988,1.041451006585292,33.764171916219574,True
kva7500,100,1,2513,8,0.9831302258423239,1.0471197906139669,0.9831302258423239,1.0471197906139669,39.90179604749409,True
kva7500,100,1,2513,9,0.9940291345853343,1.0475765636600811,0.9886984630833893,1.0475765636600811,33.0637522534194,True
kva7500,100,1,2513,10,0.9945696577224408,1.0433116299376126,0.991076683050802,1.0433116299376126,29.245864802260865,True
kva7500,100,1,2513,11,0.9955557814033033,1.044589644064906,0.9914275455299628,1.044589644064906,28.72566111055954,True
kva7500,100,1,2513,12,0.9954420111970343,1.0444251919510958,0.9916437113473252,1.0444251919510958,30.170208902406547,True
kva7500,100,1,2513,13,0.9964319679014242,1.0457074920013654,0.9919959806464487,1.0457074920013654,29.656178265771153,True
kva7500,100,1,2513,14,0.9974215731819519,1.0469889313911438,0.9923479850659819,1.0469889313911438,29.143688910354136,True
kva7500,100,1,2513,15,0.986295242029862,1.0444759747579404,0.986295242029862,1.0444759747579404,39.669833932682984,True
kva7500,100,1,2513,16,0.9786609421390753,1.0479609743287368,0.9786609421390753,1.0479609743287368,55.97300284628115,True
kva7500,100,1,2513,17,0.9631473132527796,1.067698151966691,0.9631473132527796,1.0706020461880934,89.90692408004907,True
kva7500,100,1,2513,18,0.9501458338630002,1.0710428619326564,0.9501458338630002,1.0740113314297024,104.95022471945987,True
kva7500,100,1,2513,19,0.9590140378217331,1.072769719236515,0.9590140378217331,1.0756117374694212,100.25843599582653,True
kva7500,100,1,2513,20,0.9738079970676193,1.066129033394027,0.9692357461525721,1.0684843782373525,84.78560949417937,True
kva7500,100,1,2513,21,0.9795997915701823,1.0531586989107182,0.976775157582341,1.0549319304035218,69.86771231095258,True
kva7500,100,1,2513,22,0.9887727625314984,1.045607215925685,0.9831505482042497,1.0468088293897557,56.14860606100499,True
kva7500,100,1,2513,23,0.9939735847130188,1.0372259924324438,0.9882685587048952,1.0378190619320178,45.42708131664304,True
kva7500,100,2,2513,0,0.9866327727236076,1.0470578733833575,0.9866327727236076,1.0470578733833575,37.061529966423166,True
kva7500,100,2,2513,1,0.9927639143362068,1.0487159992117232,0.9927639143362068,1.0487159992117232,32.52422418284042,True
kva7500,100,2,2513,2,0.997685107283489,1.0485878926548198,0.9951746846400477,1.0485878926548198,28.5552136527695,True
kva7500,100,2,2513,3,0.9971200625236819,1.0428811392761128,0.9968715831116531,1.0428811392761128,24.083349497230383,True
kva7500,100,2,2513,4,0.9952695961540892,1.0405204253356435,0.9952695961540892,1.0405204253356435,23.510521140803917,True
kva7500,100,2,2513,5,0.9903555451890669,1.0374184882334434,0.9903555451890669,1.0374184882334434,25.945255591840805,True
kva7500,100,2,2513,6,0.9866347451552592,1.0357335505498562,0.9866347451552592,1.0357335505498562,27.960638910815117,True
kva7500,100,2,2513,7,0.9823459275396988,1.041451006585292,0.9823459275396988,1.041451006585292,33.764171916219574,True
kva7500,100,2,2513,8,0.9831302258423239,1.0471197906139669,0.9831302258423239,1.0471197906139669,39.90179604749409,True
kva7500,100,2,2513,9,0.9940291345853343,1.0475765636600811,0.9886984630833893,1.0475765636600811,33.0637522534194,True
kva7500,100,2,2513,10,0.9945696577224408,1.0433116299376126,0.991076683050802,1.0433116299376126,29.245864802260865,True
kva7500,100,2,2513,11,0.9955557814033033,1.044589644064906,0.9914275455299628,1.044589644064906,28.72566111055954,True
kva7500,100,2,2513,12,0.9954420111970343,1.0444251919510958,0.9916437113473252,1.0444251919510958,30.170208902406547,True
kva7500,100,2,2513,13,0.9964319679014242,1.0457074920013654,0.9919959806464487,1.0457074920013654,29.656178265771153,True
kva7500,100,2,2513,14,0.9974215731819519,1.0469889313911438,0.9923479850659819,1.0469889313911438,29.143688910354136,True
kva7500,100,2,2513,15,0.986295242029862,1.0444759747579404,0.986295242029862,1.0444759747579404,39.669833932682984,True
kva7500,100,2,2513,16,0.9786609421390753,1.0479609743287368,0.9786609421390753,1.0479609743287368,55.97300284628115,True
kva7500,100,2,2513,17,0.9631473132527796,1.067698151966691,0.9631473132527796,1.0706020461880934,89.90692408004907,True
kva7500,100,2,2513,18,0.9501458338630002,1.0710428619326564,0.9501458338630002,1.0740113314297024,104.95022471945987,True
kva7500,100,2,2513,19,0.9590140378217331,1.072769719236515,0.9590140378217331,1.0756117374694212,100.25843599582653,True
kva7500,100,2,2513,20,0.9738079970676193,1.066129033394027,0.9692357461525721,1.0684843782373525,84.78560949417937,True
kva7500,100,2,2513,21,0.9795997915701823,1.0531586989107182,0.976775157582341,1.0549319304035218,69.86771231095258,True
kva7500,100,2,2513,22,0.9887727625314984,1.045607215925685,0.9831505482042497,1.0468088293897557,56.14860606100499,True
kva7500,100,2,2513,23,0.9939735847130188,1.0372259924324438,0.9882685587048952,1.0378190619320178,45.42708131664304,True
kva7500,100,3,2513,0,0.9866327727236076,1.0470578733833575,0.9866327727236076,1.0470578733833575,37.061529966423166,True
kva7500,100,3,2513,1,0.9927639143362068,1.0487159992117232,0.9927639143362068,1.0487159992117232,32.52422418284042,True
kva7500,100,3,2513,2,0.997685107283489,1.0485878926548198,0.9951746846400477,1.0485878926548198,28.5552136527695,True
kva7500,100,3,2513,3,0.9971200625236819,1.0428811392761128,0.9968715831116531,1.0428811392761128,24.083349497230383,True
kva7500,100,3,2513,4,0.9952695961540892,1.0405204253356435,0.9952695961540892,1.0405204253356435,23.510521140803917,True
kva7500,100,3,2513,5,0.9903555451890669,1.0374184882334434,0.9903555451890669,1.0374184882334434,25.945255591840805,True
kva7500,100,3,2513,6,0.9866347451552592,1.0357335505498562,0.9866347451552592,1.0357335505498562,27.960638910815117,True
kva7500,100,3,2513,7,0.9823459275396988,1.041451006585292,0.9823459275396988,1.041451006585292,33.764171916219574,True
kva7500,100,3,2513,8,0.9831302258423239,1.0471197906139669,0.9831302258423239,1.0471197906139669,39.90179604749409,True
kva7500,100,3,2513,9,0.9940291345853343,1.0475765636600811,0.9886984630833893,1.0475765636600811,33.0637522534194,True
kva7500,100,3,2513,10,0.9945696577224408,1.0433116299376126,0.991076683050802,1.0433116299376126,29.245864802260865,True
kva7500,100,3,2513,11,0.9955557814033033,1.044589644064906,0.9914275455299628,1.044589644064906,28.72566111055954,True
kva7500,100,3,2513,12,0.9954420111970343,1.0444251919510958,0.9916437113473252,1.0444251919510958,30.170208902406547,True
kva7500,100,3,2513,13,0.9964319679014242,1.0457074920013654,0.9919959806464487,1.0457074920013654,29.656178265771153,True
kva7500,100,3,2513,14,0.9974215731819519,1.0469889313911438,0.9923479850659819,1.0469889313911438,29.143688910354136,True
kva7500,100,3,2513,15,0.986295242029862,1.0444759747579404,0.986295242029862,1.0444759747579404,39.669833932682984,True
kva7500,100,3,2513,16,0.9786609421390753,1.0479609743287368,0.9786609421390753,1.0479609743287368,55.97300284628115,True
kva7500,100,3,2513,17,0.9631473132527796,1.067698151966691,0.9631473132527796,1.0706020461880934,89.90692408004907,True
kva7500,100,3,2513,18,0.9501458338630002,1.0710428619326564,0.9501458338630002,1.0740113314297024,104.95022471945987,True
kva7500,100,3,2513,19,0.9590140378217331,1.072769719236515,0.9590140378217331,1.0756117374694212,100.25843599582653,True
kva7500,100,3,2513,20,0.9738079970676193,1.066129033394027,0.9692357461525721,1.0684843782373525,84.78560949417937,True
kva7500,100,3,2513,21,0.9795997915701823,1.0531586989107182,0.976775157582341,1.0549319304035218,69.86771231095258,True
kva7500,100,3,2513,22,0.9887727625314984,1.045607215925685,0.9831505482042497,1.0468088293897557,56.14860606100499,True
kva7500,100,3,2513,23,0.9939735847130188,1.0372259924324438,0.9882685587048952,1.0378190619320178,45.42708131664304,True
kva7500,100,4,2513,0,0.9866327727236076,1.0470578733833575,0.9866327727236076,1.0470578733833575,37.061529966423166,True
kva7500,100,4,2513,1,0.9927639143362068,1.0487159992117232,0.9927639143362068,1.0487159992117232,32.52422418284042,True
kva7500,100,4,2513,2,0.997685107283489,1.0485878926548198,0.9951746846400477,1.0485878926548198,28.5552136527695,True
kva7500,100,4,2513,3,0.9971200625236819,1.0428811392761128,0.9968715831116531,1.0428811392761128,24.083349497230383,True
kva7500,100,4,2513,4,0.9952695961540892,1.0405204253356435,0.9952695961540892,1.0405204253356435,23.510521140803917,True
kva7500,100,4,2513,5,0.9903555451890669,1.0374184882334434,0.9903555451890669,1.0374184882334434,25.945255591840805,True
kva7500,100,4,2513,6,0.9866347451552592,1.0357335505498562,0.9866347451552592,1.0357335505498562,27.960638910815117,True
kva7500,100,4,2513,7,0.9823459275396988,1.041451006585292,0.9823459275396988,1.041451006585292,33.764171916219574,True
kva7500,100,4,2513,8,0.9831302258423239,1.0471197906139669,0.9831302258423239,1.0471197906139669,39.90179604749409,True
kva7500,100,4,2513,9,0.9940291345853343,1.0475765636600811,0.9886984630833893,1.0475765636600811,33.0637522534194,True
kva7500,100,4,2513,10,0.9945696577224408,1.0433116299376126,0.991076683050802,1.0433116299376126,29.245864802260865,True
kva7500,100,4,2513,11,0.9955557814033033,1.044589644064906,0.9914275455299628,1.044589644064906,28.72566111055954,True
kva7500,100,4,2513,12,0.9954420111970343,1.0444251919510958,0.9916437113473252,1.0444251919510958,30.170208902406547,True
kva7500,100,4,2513,13,0.9964319679014242,1.0457074920013654,0.9919959806464487,1.0457074920013654,29.656178265771153,True
kva7500,100,4,2513,14,0.9974215731819519,1.0469889313911438,0.9923479850659819,1.0469889313911438,29.143688910354136,True
kva7500,100,4,2513,15,0.986295242029862,1.0444759747579404,0.986295242029862,1.0444759747579404,39.669833932682984,True
kva7500,100,4,2513,16,0.9786609421390753,1.0479609743287368,0.9786609421390753,1.0479609743287368,55.97300284628115,True
kva7500,100,4,2513,17,0.9631473132527796,1.067698151966691,0.9631473132527796,1.0706020461880934,89.90692408004907,True
kva7500,100,4,2513,18,0.9501458338630002,1.0710428619326564,0.9501458338630002,1.0740113314297024,104.95022471945987,True
kva7500,100,4,2513,19,0.9590140378217331,1.072769719236515,0.9590140378217331,1.0756117374694212,100.25843599582653,True
kva7500,100,4,2513,20,0.9738079970676193,1.066129033394027,0.9692357461525721,1.0684843782373525,84.78560949417937,True
kva7500,100,4,2513,21,0.9795997915701823,1.0531586989107182,0.976775157582341,1.0549319304035218,69.86771231095258,True
kva7500,100,4,2513,22,0.9887727625314984,1.045607215925685,0.9831505482042497,1.0468088293897557,56.14860606100499,True
kva7500,100,4,2513,23,0.9939735847130188,1.0372259924324438,0.9882685587048952,1.0378190619320178,45.42708131664304,True
kva7500,100,5,2513,0,0.9866327727236076,1.0470578733833575,0.9866327727236076,1.0470578733833575,37.061529966423166,True
kva7500,100,5,2513,1,0.9927639143362068,1.0487159992117232,0.9927639143362068,1.0487159992117232,32.52422418284042,True
kva7500,100,5,2513,2,0.997685107283489,1.0485878926548198,0.9951746846400477,1.0485878926548198,28.5552136527695,True
kva7500,100,5,2513,3,0.9971200625236819,1.0428811392761128,0.9968715831116531,1.0428811392761128,24.083349497230383,True
kva7500,100,5,2513,4,0.9952695961540892,1.0405204253356435,0.9952695961540892,1.0405204253356435,23.510521140803917,True
kva7500,100,5,2513,5,0.9903555451890669,1.0374184882334434,0.9903555451890669,1.0374184882334434,25.945255591840805,True
kva7500,100,5,2513,6,0.9866347451552592,1.0357335505498562,0.9866347451552592,1.0357335505498562,27.960638910815117,True
kva7500,100,5,2513,7,0.9823459275396988,1.041451006585292,0.9823459275396988,1.041451006585292,33.764171916219574,True
kva7500,100,5,2513,8,0.9831302258423239,1.0471197906139669,0.9831302258423239,1.0471197906139669,39.90179604749409,True
kva7500,100,5,2513,9,0.9940291345853343,1.0475765636600811,0.9886984630833893,1.0475765636600811,33.0637522534194,True
kva7500,100,5,2513,10,0.9945696577224408,1.0433116299376126,0.991076683050802,1.0433116299376126,29.245864802260865,True
kva7500,100,5,2513,11,0.9955557814033033,1.044589644064906,0.9914275455299628,1.044589644064906,28.72566111055954,True
kva7500,100,5,2513,12,0.9954420111970343,1.0444251919510958,0.9916437113473252,1.0444251919510958,30.170208902406547,True
kva7500,100,5,2513,13,0.9964319679014242,1.0457074920013654,0.9919959806464487,1.0457074920013654,29.656178265771153,True
kva7500,100,5,2513,14,0.9974215731819519,1.0469889313911438,0.9923479850659819,1.0469889313911438,29.143688910354136,True
kva7500,100,5,2513,15,0.986295242029862,1.0444759747579404,0.986295242029862,1.0444759747579404,39.669833932682984,True
kva7500,100,5,2513,16,0.9786609421390753,1.0479609743287368,0.9786609421390753,1.0479609743287368,55.97300284628115,True
kva7500,100,5,2513,17,0.9631473132527796,1.067698151966691,0.9631473132527796,1.0706020461880934,89.90692408004907,True
kva7500,100,5,2513,18,0.9501458338630002,1.0710428619326564,0.9501458338630002,1.0740113314297024,104.95022471945987,True
kva7500,100,5,2513,19,0.9590140378217331,1.072769719236515,0.9590140378217331,1.0756117374694212,100.25843599582653,True
kva7500,100,5,2513,20,0.9738079970676193,1.066129033394027,0.9692357461525721,1.0684843782373525,84.78560949417937,True
kva7500,100,5,2513,21,0.9795997915701823,1.0531586989107182,0.976775157582341,1.0549319304035218,69.86771231095258,True
kva7500,100,5,2513,22,0.9887727625314984,1.045607215925685,0.9831505482042497,1.0468088293897557,56.14860606100499,True
kva7500,100,5,2513,23,0.9939735847130188,1.0372259924324438,0.9882685587048952,1.0378190619320178,45.42708131664304,True
admd2.0,0,1,0,0,0.9897314177903306,1.0468135283886917,0.9897314177903306,1.0468135283886917,33.069125190719234,True
admd2.0,0,1,0,1,0.994084507935536,1.0476208396678048,0.9936392727105218,1.0476208396678048,30.107063557028475,True
admd2.0,0,1,0,2,0.9973073171694159,1.0456310504993545,0.995033797377616,1.0456310504993545,27.93677395615777,True
admd2.0,0,1,0,3,0.9954405084841969,1.042339849608126,0.9954405084841969,1.042339849608126,25.038448504126077,True
admd2.0,0,1,0,4,0.9909404041306685,1.0367032365125821,0.9909404041306685,1.0367032365125821,27.798460807566038,True
admd2.0,0,1,0,5,0.985499633296039,1.0363195201412578,0.985499633296039,1.0363195201412578,31.437821706040907,True
admd2.0,0,1,0,6,0.9874123875879496,1.0438741602623203,0.9874123875879496,1.0438741602623203,34.57274208538943,True
admd2.0,0,1,0,7,0.9873645472201573,1.047838077075661,0.9850586302332602,1.047838077075661,43.43062125647504,True
admd2.0,0,1,0,8,0.9866721897089956,1.0446961336879959,0.9790680936860043,1.0446961336879959,52.68975600618746,True
admd2.0,0,1,0,9,0.9960388962680686,1.0440581557784288,0.9832940306770942,1.0440581557784288,46.1041356701972,True
admd2.0,0,1,0,10,0.9964497128833442,1.0409219582903377,0.9869266019677453,1.0409219582903377,40.33445230746294,True
admd2.0,0,1,0,11,0.9973750188042098,1.0423951337192885,0.9874604883579717,1.0423951337192885,39.54825921248388,True
admd2.0,0,1,0,12,0.9930093123874564,1.0386186954813224,0.9884676397826291,1.0386186954813224,37.84285681529349,True
admd2.0,0,1,0,13,0.9939244237041873,1.0400802733290786,0.9889952672389098,1.0400802733290786,37.06881335723734,True
admd2.0,0,1,0,14,0.994837524476225,1.0415386520592618,0.9895214538942882,1.0415386520592618,36.298308910604476,True
admd2.0,0,1,0,15,0.9862834739950778,1.0419051507938573,0.981704305151227,1.0419051507938573,48.3985436868026,True
admd2.0,0,1,0,16,0.9787838855978926,1.0495018721073788,0.9734363971622585,1.0495018721073788,61.26555948869055,True
admd2.0,0,1,0,17,0.9746980687272535,1.0491155938274601,0.9614956107452828,1.0506213343659536,79.55097861136667,True
admd2.0,0,1,0,18,0.9790583609454645,1.049754250320723,0.9632908523203463,1.051914929985255,76.86708708168574,True
admd2.0,0,1,0,19,0.9834374421914097,1.0511636616054343,0.9650775811934539,1.053205600349116,74.20490151269414,True
admd2.0,0,1,0,20,0.9932622016007061,1.0497796305151894,0.9715358630471067,1.0514033682810953,64.38669815209457,True
admd2.0,0,1,0,21,0.9924794870021009,1.0423177788769877,0.9776800350378818,1.0434843347115101,54.63508144373697,True
admd2.0,0,1,0,22,0.9958869780226424,1.037193507058662,0.9831836508412177,1.037193507058662,46.079749052006925,True
admd2.0,0,1,0,23,0.9930080447892016,1.0386160717769417,0.9884669389323956,1.0386160717769417,37.843175390847705,True
admd2.0,0,2,0,0,0.9897314177903306,1.0468135283886917,0.9897314177903306,1.0468135283886917,33.069125190719234,True
admd2.0,0,2,0,1,0.994084507935536,1.0476208396678048,0.9936392727105218,1.0476208396678048,30.107063557028475,True
admd2.0,0,2,0,2,0.9973073171694159,1.0456310504993545,0.995033797377616,1.0456310504993545,27.93677395615777,True
admd2.0,0,2,0,3,0.9954405084841969,1.042339849608126,0.9954405084841969,1.042339849608126,25.038448504126077,True
admd2.0,0,2,0,4,0.9909404041306685,1.0367032365125821,0.9909404041306685,1.0367032365125821,27.798460807566038,True
admd2.0,0,2,0,5,0.985499633296039,1.0363195201412578,0.985499633296039,1.0363195201412578,31.437821706040907,True
admd2.0,0,2,0,6,0.9874123875879496,1.0438741602623203,0.9874123875879496,1.0438741602623203,34.57274208538943,True
admd2.0,0,2,0,7,0.9873645472201573,1.047838077075661,0.9850586302332602,1.047838077075661,43.43062125647504,True
admd2.0,0,2,0,8,0.9866721897089956,1.0446961336879959,0.9790680936860043,1.0446961336879959,52.68975600618746,True
admd2.0,0,2,0,9,0.9960388962680686,1.0440581557784288,0.9832940306770942,1.0440581557784288,46.1041356701972,True
admd2.0,0,2,0,10,0.9964497128833442,1.0409219582903377,0.9869266019677453,1.0409219582903377,40.33445230746294,True
admd2.0,0,2,0,11,0.9973750188042098,1.0423951337192885,0.9874604883579717,1.0423951337192885,39.54825921248388,True
admd2.0,0,2,0,12,0.9930093123874564,1.0386186954813224,0.9884676397826291,1.0386186954813224,37.84285681529349,True
admd2.0,0,2,0,13,0.9939244237041873,1.0400802733290786,0.9889952672389098,1.0400802733290786,37.06881335723734,True
admd2.0,0,2,0,14,0.994837524476225,1.0415386520592618,0.9895214538942882,1.0415386520592618,36.298308910604476,True
admd2.0,0,2,0,15,0.9862834739950778,1.0419051507938573,0.981704305151227,1.0419051507938573,48.3985436868026,True
admd2.0,0,2,0,16,0.9787838855978926,1.0495018721073788,0.9734363971622585,1.0495018721073788,61.26555948869055,True
admd2.0,0,2,0,17,0.9746980687272535,1.0491155938274601,0.9614956107452828,1.0506213343659536,79.55097861136667,True
admd2.0,0,2,0,18,0.9790583609454645,1.049754250320723,0.9632908523203463,1.051914929985255,76.86708708168574,True
admd2.0,0,2,0,19,0.9834374421914097,1.0511636616054343,0.9650775811934539,1.053205600349116,74.20490151269414,True
admd2.0,0,2,0,20,0.9932622016007061,1.0497796305151894,0.9715358630471067,1.0514033682810953,64.38669815209457,True
admd2.0,0,2,0,21,0.9924794870021009,1.0423177788769877,0.9776800350378818,1.0434843347115101,54.63508144373697,True
admd2.0,0,2,0,22,0.9958869780226424,1.037193507058662,0.9831836508412177,1.037193507058662,46.079749052006925,True
admd2.0,0,2,0,23,0.9930080447892016,1.0386160717769417,0.9884669389323956,1.0386160717769417,37.843175390847705,True
admd2.0,0,3,0,0,0.9897314177903306,1.0468135283886917,0.9897314177903306,1.0468135283886917,33.069125190719234,True
admd2.0,0,3,0,1,0.994084507935536,1.0476208396678048,0.9936392727105218,1.0476208396678048,30.107063557028475,True
admd2.0,0,3,0,2,0.9973073171694159,1.0456310504993545,0.995033797377616,1.0456310504993545,27.93677395615777,True
admd2.0,0,3,0,3,0.9954405084841969,1.042339849608126,0.9954405084841969,1.042339849608126,25.038448504126077,True
admd2.0,0,3,0,4,0.9909404041306685,1.0367032365125821,0.9909404041306685,1.0367032365125821,27.798460807566038,True
admd2.0,0,3,0,5,0.985499633296039,1.0363195201412578,0.985499633296039,1.0363195201412578,31.437821706040907,True
admd2.0,0,3,0,6,0.9874123875879496,1.0438741602623203,0.9874123875879496,1.0438741602623203,34.57274208538943,True
admd2.0,0,3,0,7,0.9873645472201573,1.047838077075661,0.9850586302332602,1.047838077075661,43.43062125647504,True
admd2.0,0,3,0,8,0.9866721897089956,1.0446961336879959,0.9790680936860043,1.0446961336879959,52.68975600618746,True
admd2.0,0,3,0,9,0.9960388962680686,1.0440581557784288,0.9832940306770942,1.0440581557784288,46.1041356701972,True
admd2.0,0,3,0,10,0.9964497128833442,1.0409219582903377,0.9869266019677453,1.0409219582903377,40.33445230746294,True
admd2.0,0,3,0,11,0.9973750188042098,1.0423951337192885,0.9874604883579717,1.0423951337192885,39.54825921248388,True
admd2.0,0,3,0,12,0.9930093123874564,1.0386186954813224,0.9884676397826291,1.0386186954813224,37.84285681529349,True
admd2.0,0,3,0,13,0.9939244237041873,1.0400802733290786,0.9889952672389098,1.0400802733290786,37.06881335723734,True
admd2.0,0,3,0,14,0.994837524476225,1.0415386520592618,0.9895214538942882,1.0415386520592618,36.298308910604476,True
admd2.0,0,3,0,15,0.9862834739950778,1.0419051507938573,0.981704305151227,1.0419051507938573,48.3985436868026,True
admd2.0,0,3,0,16,0.9787838855978926,1.0495018721073788,0.9734363971622585,1.0495018721073788,61.26555948869055,True
admd2.0,0,3,0,17,0.9746980687272535,1.0491155938274601,0.9614956107452828,1.0506213343659536,79.55097861136667,True
admd2.0,0,3,0,18,0.9790583609454645,1.049754250320723,0.9632908523203463,1.051914929985255,76.86708708168574,True
admd2.0,0,3,0,19,0.9834374421914097,1.0511636616054343,0.9650775811934539,1.053205600349116,74.20490151269414,True
admd2.0,0,3,0,20,0.9932622016007061,1.0497796305151894,0.9715358630471067,1.0514033682810953,64.38669815209457,True
admd2.0,0,3,0,21,0.9924794870021009,1.0423177788769877,0.9776800350378818,1.0434843347115101,54.63508144373697,True
admd2.0,0,3,0,22,0.9958869780226424,1.037193507058662,0.9831836508412177,1.037193507058662,46.079749052006925,True
admd2.0,0,3,0,23,0.9930080447892016,1.0386160717769417,0.9884669389323956,1.0386160717769417,37.843175390847705,True
admd2.0,0,4,0,0,0.9897314177903306,1.0468135283886917,0.9897314177903306,1.0468135283886917,33.069125190719234,True
admd2.0,0,4,0,1,0.994084507935536,1.0476208396678048,0.9936392727105218,1.0476208396678048,30.107063557028475,True
admd2.0,0,4,0,2,0.9973073171694159,1.0456310504993545,0.995033797377616,1.0456310504993545,27.93677395615777,True
admd2.0,0,4,0,3,0.9954405084841969,1.042339849608126,0.9954405084841969,1.042339849608126,25.038448504126077,True
admd2.0,0,4,0,4,0.9909404041306685,1.0367032365125821,0.9909404041306685,1.0367032365125821,27.798460807566038,True
admd2.0,0,4,0,5,0.985499633296039,1.0363195201412578,0.985499633296039,1.0363195201412578,31.437821706040907,True
admd2.0,0,4,0,6,0.9874123875879496,1.0438741602623203,0.9874123875879496,1.0438741602623203,34.57274208538943,True
admd2.0,0,4,0,7,0.9873645472201573,1.047838077075661,0.9850586302332602,1.047838077075661,43.43062125647504,True
admd2.0,0,4,0,8,0.9866721897089956,1.0446961336879959,0.9790680936860043,1.0446961336879959,52.68975600618746,True
admd2.0,0,4,0,9,0.9960388962680686,1.0440581557784288,0.9832940306770942,1.0440581557784288,46.1041356701972,True
admd2.0,0,4,0,10,0.9964497128833442,1.0409219582903377,0.9869266019677453,1.0409219582903377,40.33445230746294,True
admd2.0,0,4,0,11,0.9973750188042098,1.0423951337192885,0.9874604883579717,1.0423951337192885,39.54825921248388,True
admd2.0,0,4,0,12,0.9930093123874564,1.0386186954813224,0.9884676397826291,1.0386186954813224,37.84285681529349,True
admd2.0,0,4,0,13,0.9939244237041873,1.0400802733290786,0.9889952672389098,1.0400802733290786,37.06881335723734,True
admd2.0,0,4,0,14,0.994837524476225,1.0415386520592618,0.9895214538942882,1.0415386520592618,36.298308910604476,True
admd2.0,0,4,0,15,0.9862834739950778,1.0419051507938573,0.981704305151227,1.0419051507938573,48.3985436868026,True
admd2.0,0,4,0,16,0.9787838855978926,1.0495018721073788,0.9734363971622585,1.0495018721073788,61.26555948869055,True
admd2.0,0,4,0,17,0.9746980687272535,1.0491155938274601,0.9614956107452828,1.0506213343659536,79.55097861136667,True
admd2.0,0,4,0,18,0.9790583609454645,1.049754250320723,0.9632908523203463,1.051914929985255,76.86708708168574,True
admd2.0,0,4,0,19,0.9834374421914097,1.0511636616054343,0.9650775811934539,1.053205600349116,74.20490151269414,True
admd2.0,0,4,0,20,0.9932622016007061,1.0497796305151894,0.9715358630471067,1.0514033682810953,64.38669815209457,True
admd2.0,0,4,0,21,0.9924794870021009,1.0423177788769877,0.9776800350378818,1.0434843347115101,54.63508144373697,True
admd2.0,0,4,0,22,0.9958869780226424,1.037193507058662,0.9831836508412177,1.037193507058662,46.079749052006925,True
admd2.0,0,4,0,23,0.9930080447892016,1.0386160717769417,0.9884669389323956,1.0386160717769417,37.843175390847705,True
admd2.0,0,5,0,0,0.9897314177903306,1.0468135283886917,0.9897314177903306,1.0468135283886917,33.069125190719234,True
admd2.0,0,5,0,1,0.994084507935536,1.0476208396678048,0.9936392727105218,1.0476208396678048,30.107063557028475,True
admd2.0,0,5,0,2,0.9973073171694159,1.0456310504993545,0.995033797377616,1.0456310504993545,27.93677395615777,True
admd2.0,0,5,0,3,0.9954405084841969,1.042339849608126,0.9954405084841969,1.042339849608126,25.038448504126077,True
admd2.0,0,5,0,4,0.9909404041306685,1.0367032365125821,0.9909404041306685,1.0367032365125821,27.798460807566038,True
admd2.0,0,5,0,5,0.985499633296039,1.0363195201412578,0.985499633296039,1.0363195201412578,31.437821706040907,True
admd2.0,0,5,0,6,0.9874123875879496,1.0438741602623203,0.9874123875879496,1.0438741602623203,34.57274208538943,True
admd2.0,0,5,0,7,0.9873645472201573,1.047838077075661,0.9850586302332602,1.047838077075661,43.43062125647504,True
admd2.0,0,5,0,8,0.9866721897089956,1.0446961336879959,0.9790680936860043,1.0446961336879959,52.68975600618746,True
admd2.0,0,5,0,9,0.9960388962680686,1.0440581557784288,0.9832940306770942,1.0440581557784288,46.1041356701972,True
admd2.0,0,5,0,10,0.9964497128833442,1.0409219582903377,0.9869266019677453,1.0409219582903377,40.33445230746294,True
admd2.0,0,5,0,11,0.9973750188042098,1.0423951337192885,0.9874604883579717,1.0423951337192885,39.54825921248388,True
admd2.0,0,5,0,12,0.9930093123874564,1.0386186954813224,0.9884676397826291,1.0386186954813224,37.84285681529349,True
admd2.0,0,5,0,13,0.9939244237041873,1.0400802733290786,0.9889952672389098,1.0400802733290786,37.06881335723734,True
admd2.0,0,5,0,14,0.994837524476225,1.0415386520592618,0.9895214538942882,1.0415386520592618,36.298308910604476,True
admd2.0,0,5,0,15,0.9862834739950778,1.0419051507938573,0.981704305151227,1.0419051507938573,48.3985436868026,True
admd2.0,0,5,0,16,0.9787838855978926,1.0495018721073788,0.9734363971622585,1.0495018721073788,61.26555948869055,True
admd2.0,0,5,0,17,0.9746980687272535,1.0491155938274601,0.9614956107452828,1.0506213343659536,79.55097861136667,True
admd2.0,0,5,0,18,0.9790583609454645,1.049754250320723,0.9632908523203463,1.051914929985255,76.86708708168574,True
admd2.0,0,5,0,19,0.9834374421914097,1.0511636616054343,0.9650775811934539,1.053205600349116,74.20490151269414,True
admd2.0,0,5,0,20,0.9932622016007061,1.0497796305151894,0.9715358630471067,1.0514033682810953,64.38669815209457,True
admd2.0,0,5,0,21,0.9924794870021009,1.0423177788769877,0.9776800350378818,1.0434843347115101,54.63508144373697,True
admd2.0,0,5,0,22,0.9958869780226424,1.037193507058662,0.9831836508412177,1.037193507058662,46.079749052006925,True
admd2.0,0,5,0,23,0.9930080447892016,1.0386160717769417,0.9884669389323956,1.0386160717769417,37.843175390847705,True
admd2.0,10,1,175,0,0.9885542576508646,1.045170063324842,0.9885542576508646,1.045170063324842,34.61774887130295,True
admd2.0,10,1,175,1,0.9931256063640437,1.0473643394415304,0.9931256063640437,1.0473643394415304,31.39221194981183,True
admd2.0,10,1,175,2,0.996806442678904,1.049254513917479,0.9949571223015488,1.049254513917479,28.97628840922358,True
admd2.0,10,1,175,3,0.9948855440894661,1.0415698970141447,0.9948855440894661,1.0415698970141447,25.799030452350365,True
admd2.0,10,1,175,4,0.9905628309269819,1.0364165776533618,0.9905628309269819,1.0364165776533618,28.31044263674322,True
admd2.0,10,1,175,5,0.9851118734830118,1.0357799129249274,0.9851118734830118,1.0357799129249274,31.95304335210285,True
admd2.0,10,1,175,6,0.9870270539013866,1.0433182589647862,0.9870270539013866,1.0433182589647862,35.098891034878804,True
admd2.0,10,1,175,7,0.9869493159506613,1.0472579701904645,0.9849272679991948,1.0472579701904645,43.94922424151213,True
admd2.0,10,1,175,8,0.9861208976060705,1.0441076489651673,0.9789073131789887,1.0441076489651673,53.21987339192371,True
admd2.0,10,1,175,9,0.9958331999731307,1.043999359389458,0.9832284400473488,1.043999359389458,46.36279395136332,True
admd2.0,10,1,175,10,0.9962934785494157,1.040644256955533,0.9868640196668539,1.040644256955533,40.59319396907168,True
admd2.0,10,1,175,11,0.997219680218696,1.0421187747341145,0.9873985198645512,1.0421187747341145,39.80693410081819,True
admd2.0,10,1,175,12,0.992701044956065,1.0380683774539001,0.9883456388523406,1.0380683774539001,38.36003956789595,True
admd2.0,10,1,175,13,0.9936179399953425,1.0395326399794915,0.9888744876426884,1.0395326399794915,37.5858254277338,True
admd2.0,10,1,175,14,0.9945328233019795,1.0409937023116134,0.9894018949137344,1.0409937023116134,36.815122775902324,True
admd2.0,10,1,175,15,0.9856428152564698,1.0417387294010554,0.9814959475680746,1.0417387294010554,49.17757062460943,True
admd2.0,10,1,175,16,0.9835298521084621,1.048881308758494,0.9729856290060064,1.048881308758494,63.02649544148323,True
admd2.0,10,1,175,17,0.9762314332944275,1.0538211061136906,0.9600502912773498,1.0560574107624496,83.50075098021615,True
admd2.0,10,1,175,18,0.9791379688050054,1.054831725525357,0.9613757605813382,1.0569481070799676,82.45265455547847,True
admd2.0,10,1,175,19,0.9839253442125304,1.0563140484627065,0.9633218032878433,1.0583042241371208,79.4818095180909,True
admd2.0,10,1,175,20,0.9886333707924397,1.0491232954360363,0.9702340303463033,1.050707194399176,68.57059234724719,True
admd2.0,10,1,175,21,0.9926279683083529,1.0418236244184704,0.9768067858177272,1.0429621374295914,58.055418217466844,True
admd2.0,10,1,175,22,0.993779192998888,1.0366045990848112,0.9825028891973083,1.0366045990848112,48.67673753514812,True
admd2.0,10,1,175,23,0.9917228351435377,1.038761709185113,0.9879706041571186,1.038761709185113,39.91498937424564,True
admd2.0,10,2,175,0,0.9890459541037828,1.045708427567538,0.9890459541037828,1.045708427567538,34.61602096298,True
admd2.0,10,2,175,1,0.9935283697796968,1.0468724399008629,0.9934376478191005,1.0468724399008629,31.391233116883626,True
admd2.0,10,2,175,2,0.9968714355399664,1.045089851755421,0.9948783078501091,1.045089851755421,28.95967524214792,True
admd2.0,10,2,175,3,0.9951213502564453,1.0418235819267383,0.9951213502564453,1.0418235819267383,25.798853358636475,True
admd2.0,10,2,175,4,0.9907221862144265,1.0363518271630823,0.9907221862144265,1.0363518271630823,28.310164837886912,True
admd2.0,10,2,175,5,0.9852743024628198,1.0359563826650426,0.9852743024628198,1.0359563826650426,31.952568141176616,True
admd2.0,10,2,175,6,0.9871912312444819,1.0434979371080382,0.9871912312444819,1.0434979371080382,35.09827699481207,True
admd2.0,10,2,175,7,0.9871190791163506,1.0474458391782213,0.9849630621225097,1.0474458391782213,43.94817583562279,True
admd2.0,10,2,175,8,0.986273472079904,1.0442494975386085,0.9789466312314881,1.0442494975386085,53.21839578223267,True
admd2.0,10,2,175,9,0.9959180487457177,1.0439020512250836,0.9832466156019192,1.0439020512250836,46.36221977877047,True
admd2.0,10,2,175,10,0.9963505733190575,1.040734400754285,0.9868810683957329,1.040734400754285,40.59275050690899,True
admd2.0,10,2,175,11,0.9972765160384446,1.0422085284529892,0.9874154085485646,1.0422085284529892,39.80650877307538,True
admd2.0,10,2,175,12,0.9928142780792879,1.038247446151842,0.9883789679576562,1.038247446151842,38.35925188048591,True
admd2.0,10,2,175,13,0.9937306644323683,1.0397109450080007,0.9889075000461889,1.0397109450080007,37.585077862278816,True
admd2.0,10,2,175,14,0.9946450339832229,1.041171233708707,0.989434588015401,1.041171233708707,36.81441689801558,True
admd2.0,10,2,175,15,0.9859024397452694,1.0414419361710239,0.9815526376868225,1.0414419361710239,49.17560266482412,True
admd2.0,10,2,175,16,0.9840119174814352,1.048285315573904,0.9731155838378601,1.048285315573904,63.020536959013214,True
admd2.0,10,2,175,17,0.9774738286268708,1.0535362704409779,0.9604119222111885,1.0559856314075462,83.47901918634041,True
admd2.0,10,2,175,18,0.9808580745292572,1.0545921356161347,0.9619267783244638,1.0569882338165237,82.39626280007937,True
admd2.0,10,2,175,19,0.9855780794845663,1.0559376659383948,0.9637965144208412,1.058214579115775,79.45233437231806,True
admd2.0,10,2,175,20,0.9899450037601614,1.0488064182177772,0.9705965126718584,1.0506337670991348,68.55306262376635,True
admd2.0,10,2,175,21,0.9912306499228958,1.0415677528535021,0.9770905933974176,1.0429079171908013,58.03390074904075,True
admd2.0,10,2,175,22,0.9946378717623897,1.035632287198434,0.9826899180240529,1.035632287198434,48.67053801815034,True
admd2.0,10,2,175,23,0.9921804259773033,1.0379811548494475,0.9881068010079449,1.0379811548494475,39.91163868269542,True
admd2.0,10,3,175,0,0.9886654553792291,1.0453295011308512,0.9886654553792291,1.0453295011308512,34.6172092544328,True
admd2.0,10,3,175,1,0.9932159320840418,1.0472572866677403,0.9932159320840418,1.0472572866677403,31.39191242211917,True
admd2.0,10,3,175,2,0.9966241624213725,1.0450135500900806,0.994819889359038,1.0450135500900806,28.96013514225206,True
admd2.0,10,3,175,3,0.9949378541421826,1.041644039050883,0.9949378541421826,1.041644039050883,25.798985252436953,True
admd2.0,10,3,175,4,0.9905983482473039,1.0363739863139148,0.9905983482473039,1.0363739863139148,28.310364019824828,True
admd2.0,10,3,175,5,0.985148410928752,1.0358321274692688,0.985148410928752,1.0358321274692688,31.952902371405955,True
admd2.0,10,3,175,6,0.9870641365457118,1.0433715773520615,0.9870641365457118,1.0433715773520615,35.098706940592606,True
admd2.0,10,3,175,7,0.9869881189100254,1.0473141177834766,0.9849298672949078,1.0473141177834766,43.948905995304635,True
admd2.0,10,3,175,8,0.9861644025387218,1.0441131298333242,0.9789111524726887,1.0441131298333242,53.21943323727112,True
admd2.0,10,3,175,9,0.9958525183350749,1.0439787298284688,0.9832298186786183,1.0439787298284688,46.36262358021761,True
admd2.0,10,3,175,10,0.9963102117534511,1.0406708999434968,0.9868649966517252,1.0406708999434968,40.59306287461726,True
admd2.0,10,3,175,11,0.9972363241364813,1.0421452806741565,0.9873994424341359,1.0421452806741565,39.8068071563651,True
admd2.0,10,3,175,12,0.992734273173639,1.0381213125939057,0.9883473358974629,1.0381213125939057,38.359805139908836,True
admd2.0,10,3,175,13,0.9936509906424245,1.0395853017100676,0.9888760759814584,1.0395853017100676,37.585600631629816,True
admd2.0,10,3,175,14,0.9945656891481531,1.0410460779237996,0.9894033706561648,1.0410460779237996,36.8149103080792,True
admd2.0,10,3,175,15,0.9857025219511901,1.0416752357332628,0.9815008921624858,1.0416752357332628,49.17697962722327,True
admd2.0,10,3,175,16,0.9836688012794101,1.0487552834725573,0.973001498829214,1.0487552834725573,63.02466392567795,True
admd2.0,10,3,175,17,0.9765986722927342,1.053857495398823,0.9601085273642795,1.0561407650635164,83.49421899612692,True
admd2.0,10,3,175,18,0.9796675437862096,1.0548833111611133,0.9614606716130507,1.0570671383111467,82.44210593227109,True
admd2.0,10,3,175,19,0.9844119013813815,1.0563640548078974,0.9633960511850433,1.0584177931631287,79.47250488116423,True
admd2.0,10,3,175,20,0.9890140891016878,1.0491636561696003,0.9702825231510251,1.0508013900617132,68.56507962818904,True
admd2.0,10,3,175,21,0.9929176925253906,1.0418553192496935,0.9768363345113824,1.0430377938375959,58.05196875428964,True
admd2.0,10,3,175,22,0.9939764763431681,1.03639894429388,0.9825188952096526,1.03639894429388,48.67480313218728,True
admd2.0,10,3,175,23,0.991857697153775,1.038594648118687,0.9879786105441599,1.038594648118687,39.913936575219445,True
admd2.0,10,4,175,0,0.9886517254974195,1.0455023842629299,0.9886517254974195,1.0455023842629299,34.61732168971637,True
admd2.0,10,4,175,1,0.9932061622802636,1.0476362026714399,0.9932061622802636,1.0476362026714399,31.391921124206437,True
admd2.0,10,4,175,2,0.996617377043503,1.0446363733211357,0.9948036564500949,1.0446363733211357,28.960089665105976,True
admd2.0,10,4,175,3,0.99493396302417,1.0417328722472994,0.99493396302417,1.0417328722472994,25.79894265780882,True
admd2.0,10,4,175,4,0.9905951768029971,1.036523710607515,0.9905951768029971,1.036523710607515,28.31034860315923,True
admd2.0,10,4,175,5,0.9851444368497302,1.0358904126061095,0.9851444368497302,1.0358904126061095,31.952909135806554,True
admd2.0,10,4,175,6,0.9870594233759297,1.0434288931483773,0.9870594233759297,1.0434288931483773,35.09872978810054,True
admd2.0,10,4,175,7,0.9869815041043636,1.0473694241352365,0.9849201116449713,1.0473694241352365,43.94899855918568,True
admd2.0,10,4,175,8,0.9861859932876401,1.044226299968184,0.978900443041573,1.044226299968184,53.219596735093745,True
admd2.0,10,4,175,9,0.9958489719925898,1.0440567007444506,0.9832248646836029,1.0440567007444506,46.362672238532305,True
admd2.0,10,4,175,10,0.996301765078299,1.0406986505987355,0.9868603518852405,1.0406986505987355,40.59309212260817,True
admd2.0,10,4,175,11,0.9972279485166453,1.0421730916626954,0.987394840649395,1.0421730916626954,39.80683417833818,True
admd2.0,10,4,175,12,0.9927177411708196,1.0381775867047585,0.9883382514093498,1.0381775867047585,38.35985300186031,True
admd2.0,10,4,175,13,0.9936346008034245,1.0396416982256984,0.9888670773784461,1.0396416982256984,37.58564413110581,True
admd2.0,10,4,175,14,0.9945494430656152,1.0411025984073776,0.9893944591627747,1.0411025984073776,36.81494819460656,True
admd2.0,10,4,175,15,0.9856909638073484,1.0419141870956545,0.9814854348675137,1.0419141870956545,49.17718078652392,True
admd2.0,10,4,175,16,0.983768193720286,1.0490635647595403,0.9729701736411034,1.0490635647595403,63.03441761212711,True
admd2.0,10,4,175,17,0.9767005142550369,1.0542234451507482,0.9600103179110295,1.0563822238322473,83.49863651328333,True
admd2.0,10,4,175,18,0.9798220306759649,1.0554032216713218,0.9613232670848049,1.0574099174714153,82.44697832035955,True
admd2.0,10,4,175,19,0.9845887275011063,1.0568335692865574,0.9632622492848697,1.058736822245406,79.49920220164537,True
admd2.0,10,4,175,20,0.9891477537310556,1.0495534280208292,0.970181786076857,1.0510528462915518,68.56774985717834,True
admd2.0,10,4,175,21,0.9930508664408847,1.0421583796742695,0.9767633001410918,1.0432301001144375,58.05352126750895,True
admd2.0,10,4,175,22,0.9939384223693114,1.0371807800177124,0.9824675694765868,1.0371807800177124,48.675523804624376,True
admd2.0,10,4,175,23,0.9918328660561487,1.036839704075401,0.987943132634389,1.036839704075401,39.913610425449164,True
admd2.0,10,5,175,0,0.9887518952764608,1.0454450908469046,0.9887518952764608,1.0454450908469046,34.61601275324445,True
admd2.0,10,5,175,1,0.9932860532500666,1.0469602157542506,0.9932860532500666,1.0469602157542506,31.391196875855478,True
admd2.0,10,5,175,2,0.9966793703417768,1.0452556704007705,0.9948538364302664,1.0452556704007705,28.959645488985384,True
admd2.0,10,5,175,3,0.9949779509544989,1.0416967326532736,0.9949779509544989,1.0416967326532736,25.798827988103522,True
admd2.0,10,5,175,4,0.9906257139654716,1.0362664894539064,0.9906257139654716,1.0362664894539064,28.310149660310497,True
admd2.0,10,5,175,5,0.9851766193601906,1.0358696256090405,0.9851766193601906,1.0358696256090405,31.95255720982562,True
admd2.0,10,5,175,6,0.9870930584354922,1.0434103385088218,0.9870930584354922,1.0434103385088218,35.09827574647865,True
admd2.0,10,5,175,7,0.9870190343222052,1.0473558712579283,0.9849487319270365,1.0473558712579283,43.948206428681864,True
admd2.0,10,5,175,8,0.9862162412056721,1.0441577309507588,0.9789311311924737,1.0441577309507588,53.218464310020465,True
admd2.0,10,5,175,9,0.9958681953938672,1.0439184441471492,0.9832393445120916,1.0439184441471492,46.36224289557198,True
admd2.0,10,5,175,10,0.9963294042270672,1.0406906912378777,0.9868741715421141,1.0406906912378777,40.592760768500824,True
admd2.0,10,5,175,11,0.99725542649427,1.0421649290837114,0.9874085637893695,1.0421649290837114,39.806518737069055,True
admd2.0,10,5,175,12,0.9927722531904594,1.0381602474698022,0.9883654412976851,1.0381602474698022,38.35926249866514,True
admd2.0,10,5,175,13,0.9936887950714884,1.039623958288286,0.9888940763447711,1.039623958288286,37.58508628794713,True
admd2.0,10,5,175,14,0.9946033242360617,1.0410844674684512,0.98942126937381,1.0410844674684512,36.81442269638964,True
admd2.0,10,5,175,15,0.9857506826427835,1.0414912848915643,0.9815301593049606,1.0414912848915643,49.17568087317973,True
admd2.0,10,5,175,16,0.9838332071617566,1.0483799193727625,0.9730651504272175,1.0483799193727625,63.02090600361349,True
admd2.0,10,5,175,17,0.9770403267528615,1.0535961081292338,0.9602805705668874,1.055973822637205,83.47494728177718,True
admd2.0,10,5,175,18,0.9801234695817715,1.0546827127577751,0.96168962314477,1.0569683987842449,82.42696445587751,True
admd2.0,10,5,175,19,0.984979362364164,1.0560171074351572,0.963616454755202,1.0581962922595667,79.45477493452022,True
admd2.0,10,5,175,20,0.9894621698638484,1.0488762413137624,0.9704570421997628,1.0506200163721064,68.55410338672644,True
admd2.0,10,5,175,21,0.9932619476141236,1.0416299417814285,0.9769697285417015,1.0428978258338837,58.04489843371776,True
admd2.0,10,5,175,22,0.9941359320989449,1.0357946436116758,0.9826157754171899,1.0357946436116758,48.67071237469546,True
admd2.0,10,5,175,23,0.9920110619762424,1.0381161540310093,0.9880519174039714,1.0381161540310093,39.91166213864497,True
admd2.0,20,1,349,0,0.9879782780881209,1.044497562404814,0.9879782780881209,1.044497562404814,36.16066785906967,True
admd2.0,20,1,349,1,0.9926522126822289,1.0463598277049257,0.9926522126822289,1.0463598277049257,32.67616614452474,True
admd2.0,20,1,349,2,0.9964496392115207,1.0488375771235705,0.994870098693687,1.0488375771235705,29.994363316046492,True
admd2.0,20,1,349,3,0.994624551492781,1.0412669000275814,0.994624551492781,1.0412669000275814,26.556087623416737,True
admd2.0,20,1,349,4,0.9903850542588148,1.0360174266046243,0.9903850542588148,1.0360174266046243,28.819523205502627,True
admd2.0,20,1,349,5,0.9849283254097524,1.0355652586827555,0.9849283254097524,1.0355652586827555,32.465097784182056,True
admd2.0,20,1,349,6,0.9868395446211156,1.043097676817863,0.9868395446211156,1.043097676817863,35.612129689190155,True
admd2.0,20,1,349,7,0.9867500581937249,1.0470221240390307,0.9848694858392908,1.0470221240390307,44.46405451768948,True
admd2.0,20,1,349,8,0.9858742222099566,1.0437895791161935,0.9788379417295722,1.0437895791161935,53.736826699907006,True
admd2.0,20,1,349,9,0.9957330582281839,1.0437941998408813,0.9831988962836298,1.0437941998408813,46.619959236201986,True
admd2.0,20,1,349,10,0.996214764205755,1.0405324448154305,0.9868371657969146,1.0405324448154305,40.85004153692096,True
admd2.0,20,1,349,11,0.9971414872933131,1.042007651217798,0.9873720470881291,1.042007651217798,40.0637366401273,True
admd2.0,20,1,349,12,0.9925456150321239,1.0378471070078907,0.9882936284222663,1.0378471070078907,38.873726895382305,True
admd2.0,20,1,349,13,0.9934635566545765,1.0393127645357516,0.988823238516796,1.0393127645357516,38.0993822542566,True
admd2.0,20,1,349,14,0.9943794780896241,1.040775206773487,0.9893514027334122,1.040775206773487,37.32852400285551,True
admd2.0,20,1,349,15,0.9853330365346714,1.041111834651071,0.9814017814955063,1.041111834651071,49.95087006049666,True
admd2.0,20,1,349,16,0.9828304978414099,1.047398553282546,0.972764350970634,1.047398553282546,64.59026338783609,True
admd2.0,20,1,349,17,0.974489891109335,1.0526803314301987,0.9594424395429539,1.0551500926614308,87.23488761155375,True
admd2.0,20,1,349,18,0.9761444538033393,1.0533722656772277,0.9603974637582187,1.0557848314213043,87.7350259839215,True
admd2.0,20,1,349,19,0.981169343955886,1.0549535878185352,0.9624214577656933,1.0572363715624369,84.50443516568455,True
admd2.0,20,1,349,20,0.9864650448943947,1.0479192531876484,0.9695359069061814,1.049758743036109,72.77375761209959,True
admd2.0,20,1,349,21,0.990918014696484,1.0410834077798519,0.9763358985620714,1.0423992060254583,61.428394886280934,True
admd2.0,20,1,349,22,0.9927449207176444,1.0345395818812544,0.9821864297640938,1.0345395818812544,51.26296193448505,True
admd2.0,20,1,349,23,0.9910991494624672,1.0369409415361492,0.987756050104769,1.0369409415361492,41.98448748395245,True
admd2.0,20,2,349,0,0.9876324623103666,1.0442290852106957,0.9876324623103666,1.0442290852106957,36.17085248311639,True
admd2.0,20,2,349,1,0.992360163558493,1.0468933814516115,0.992360163558493,1.0468933814516115,32.67592073331735,True
admd2.0,20,2,349,2,0.9962196658498295,1.0486709430052121,0.99479316797161,1.0486709430052121,29.99422454794513,True
admd2.0,20,2,349,3,0.9944543598971257,1.0411452055500563,0.9944543598971257,1.0411452055500563,26.555972314174078,True
admd2.0,20,2,349,4,0.9902702005362946,1.0362278894379728,0.9902702005362946,1.0362278894379728,28.81945605829652,True
admd2.0,20,2,349,5,0.984811419293394,1.0354800373934538,0.984811419293394,1.0354800373934538,32.46504824934049,True
admd2.0,20,2,349,6,0.9867219750026851,1.0430112420694384,0.9867219750026851,1.0430112420694384,35.61195610307515,True
admd2.0,20,2,349,7,0.9866277263160204,1.046929395351882,0.9848276179166283,1.046929395351882,44.464102314219396,True
admd2.0,20,2,349,8,0.9857873780690297,1.0439122534470344,0.978794037979134,1.0439122534470344,53.73697424149234,True
admd2.0,20,2,349,9,0.9956717319788871,1.043902641251203,0.9831778146720901,1.043902641251203,46.619990160983754,True
admd2.0,20,2,349,10,0.9961964010426642,1.0404878910515176,0.9868167325265597,1.0404878910515176,40.85004646677943,True
admd2.0,20,2,349,11,0.9971232621359263,1.0419633287010044,0.9873517060253513,1.0419633287010044,40.06373770489273,True
admd2.0,20,2,349,12,0.9925097493445987,1.0377590186189674,0.9882531518210128,1.0377590186189674,38.87372069936688,True
admd2.0,20,2,349,13,0.9934279677421285,1.0392251415725684,0.9887829465020926,1.0392251415725684,38.099369005747455,True
admd2.0,20,2,349,14,0.9943441665648456,1.0406880502340667,0.9893112957001473,1.0406880502340667,37.328503854590785,True
admd2.0,20,2,349,15,0.9851456656946148,1.0414440285787883,0.9813371263469851,1.0414440285787883,49.95103337739128,True
admd2.0,20,2,349,16,0.9825532573861643,1.048082614287548,0.9726252015491447,1.048082614287548,64.5911357570475,True
admd2.0,20,2,349,17,0.9737607331138852,1.0531769335326424,0.9590812037945543,1.0554768888179258,87.23990447707186,True
admd2.0,20,2,349,18,0.9753600614733096,1.0540847073866861,0.9599522713881316,1.0562580243054793,87.7930358707577,True
admd2.0,20,2,349,19,0.9805091581762893,1.055467521439131,0.9619914627619044,1.057536112256055,84.55583426276084,True
admd2.0,20,2,349,20,0.9920488070098626,1.054642978814696,0.9691615631727907,1.0562789164259423,73.00031046739737,True
admd2.0,20,2,349,21,0.9903204603175905,1.0414984949077277,0.9760362824760941,1.04266155853433,61.43249022769879,True
admd2.0,20,2,349,22,0.9923319728436913,1.039364313085417,0.9820884123092118,1.039364313085417,51.27587637158714,True
admd2.0,20,2,349,23,0.9952035584651824,1.041884988873753,0.9876531550451698,1.041884988873753,42.114882404415376,True
admd2.0,20,3,349,0,0.987914168160191,1.0445417337280642,0.987914168160191,1.0445417337280642,36.16903090108306,True
admd2.0,20,3,349,1,0.9925899953781284,1.046656615281158,0.9925899953781284,1.046656615281158,32.6747360722365,True
admd2.0,20,3,349,2,0.9964005766777038,1.0488705410280157,0.9948243210899477,1.0488705410280157,29.993484524255614,True
admd2.0,20,3,349,3,0.9945879182254519,1.0412917965414363,0.9945879182254519,1.0412917965414363,26.555593046872936,True
admd2.0,20,3,349,4,0.9903605888976388,1.0361341374257853,0.9903605888976388,1.0361341374257853,28.819085803523066,True
admd2.0,20,3,349,5,0.9849038792182385,1.0355821610779177,0.9849038792182385,1.0355821610779177,32.4645285029265,True
admd2.0,20,3,349,6,0.9868149329437584,1.043114272876995,0.9868149329437584,1.043114272876995,35.61147326161017,True
admd2.0,20,3,349,7,0.986725188416996,1.04703844112059,0.984846606276324,1.04703844112059,44.463153234096055,True
admd2.0,20,3,349,8,0.9858557893038791,1.0438152469696382,0.9788150620108053,1.0438152469696382,53.73568536083153,True
admd2.0,20,3,349,9,0.9957204244892426,1.043855318974535,0.983187431704086,1.043855318974535,46.61948166214597,True
admd2.0,20,3,349,10,0.9962053411688819,1.040540239039151,0.9868257086241132,1.040540239039151,40.849635398909534,True
admd2.0,20,3,349,11,0.9971320610290954,1.0420154316512418,0.9873605884034686,1.0420154316512418,40.063343084535006,True
admd2.0,20,3,349,12,0.9925269774714106,1.0378631265969573,0.9882707369231422,1.0378631265969573,38.872968186759735,True
admd2.0,20,3,349,13,0.9934449127294226,1.0393287574521224,0.9888003437450409,1.0393287574521224,38.098650158926375,True
admd2.0,20,3,349,14,0.9943608340335927,1.040791183279597,0.9893285082976022,1.040791183279597,37.32781656452257,True
admd2.0,20,3,349,15,0.9852954675226684,1.0412989403670503,0.9813674444742754,1.0412989403670503,49.94929616168237,True
admd2.0,20,3,349,16,0.9827617440639593,1.0477966722698224,0.9726917810446977,1.0477966722698224,64.58800424571179,True
admd2.0,20,3,349,17,0.9743667133189553,1.0530337068211175,0.9592862454755149,1.0554255692070262,87.22064752400792,True
admd2.0,20,3,349,18,0.9759549661991797,1.0538808409738183,0.9601690241881213,1.0561807549836293,87.71806972937034,True
admd2.0,20,3,349,19,0.9811215770793043,1.0552507929622352,0.9622073864540573,1.0574609811632993,84.4909830308532,True
admd2.0,20,3,349,20,0.9863155464878138,1.048301698901518,0.969353892515286,1.0500544872794517,72.76047178753832,True
admd2.0,20,3,349,21,0.9907987006829387,1.0413794620866295,0.9761876706566095,1.0426264494446027,61.420126087359456,True
admd2.0,20,3,349,22,0.9926196358379704,1.0351602971253606,0.982072182540323,1.0351602971253606,51.25775943467025,True
admd2.0,20,3,349,23,0.9955675798310605,1.0423064984973858,0.9877264194042467,1.0423064984973858,42.11165865313602,True
admd2.0,20,4,349,0,0.9880476104692465,1.044810683543859,0.9880476104692465,1.044810683543859,36.17004009045576,True
admd2.0,20,4,349,1,0.9927007543343168,1.0465682475313831,0.9927007543343168,1.0465682475313831,32.675404204925634,True
admd2.0,20,4,349,2,0.9964890484430855,1.049046839709074,0.9948375698223648,1.049046839709074,29.993921199517615,True
admd2.0,20,4,349,3,0.9946543446388617,1.04142334694982,0.9946543446388617,1.04142334694982,26.555819076005417,True
admd2.0,20,4,349,4,0.9904049181860789,1.0360978224842956,0.9904049181860789,1.0360978224842956,28.819299312007452,True
admd2.0,20,4,349,5,0.9849483755558267,1.0356713271484452,0.9849483755558267,1.0356713271484452,32.464822300447736,True
admd2.0,20,4,349,6,0.9868593284325843,1.0432038381601498,0.9868593284325843,1.0432038381601498,35.611818420659425,True
admd2.0,20,4,349,7,0.9867694952923092,1.0471289498246958,0.9848536293480941,1.0471289498246958,44.46364616977775,True
admd2.0,20,4,349,8,0.9859409651870057,1.0438965384518293,0.978822321680552,1.0438965384518293,53.73631914779866,True
admd2.0,20,4,349,9,0.9957423793466134,1.0438386528417178,0.983190953600427,1.0438386528417178,46.619742337394634,True
admd2.0,20,4,349,10,0.9962237793090024,1.0405843323803547,0.9868291526771088,1.0405843323803547,40.84985314366691,True
admd2.0,20,4,349,11,0.9971504809405366,1.0420594641534722,0.9873640240729632,1.0420594641534722,40.06355401339627,True
admd2.0,20,4,349,12,0.9925639067319874,1.037951494950516,0.9882775800808491,1.037951494950516,38.87337494113035,True
admd2.0,20,4,349,13,0.9934818008285171,1.0394169952329593,0.9888071683128242,1.0394169952329593,38.09904137932453,True
admd2.0,20,4,349,14,0.9943976759255608,1.0408792803928753,0.9893353117576554,1.0408792803928753,37.32819336144564,True
admd2.0,20,4,349,15,0.9853619391354844,1.0412494672300552,0.9813781844834617,1.0412494672300552,49.95016135260429,True
admd2.0,20,4,349,16,0.9830197521054512,1.0477051414524112,0.9727144224858778,1.0477051414524112,64.59032025526878,True
admd2.0,20,4,349,17,0.974987592932011,1.0531060468603837,0.9593452166872045,1.0554894825693728,87.22781576500905,True
admd2.0,20,4,349,18,0.976896096357133,1.0539653969144602,0.9602570194657564,1.0562708609624596,87.74407103613906,True
admd2.0,20,4,349,19,0.9819507927018843,1.0553471458830208,0.9622836180695324,1.0575462196409064,84.5019029771146,True
admd2.0,20,4,349,20,0.9870096453219126,1.048375666542668,0.9694161061777788,1.0501203957364933,72.76848845426473,True
admd2.0,20,4,349,21,0.991337661477531,1.0414335212187966,0.9762316917548444,1.042674280964321,61.4265846504926,True
admd2.0,20,4,349,22,0.9928408829663408,1.0349950523721871,0.9821078482814636,1.0349950523721871,51.2606500270997,True
admd2.0,20,4,349,23,0.9911731348721406,1.0372890965530996,0.9876921364447644,1.0372890965530996,41.983019645767534,True
admd2.0,20,5,349,0,0.9880535601676901,1.0448032859382037,0.9880535601676901,1.0448032859382037,36.16897285233457,True
admd2.0,20,5,349,1,0.9927019938452409,1.046292906889345,0.9927019938452409,1.046292906889345,32.67468480627219,True
admd2.0,20,5,349,2,0.996487789916767,1.049035879640608,0.9948266488364321,1.049035879640608,29.9934492182545,True
admd2.0,20,5,349,3,0.9946514125291311,1.0414127511585414,0.9946514125291311,1.0414127511585414,26.555556326181826,True
admd2.0,20,5,349,4,0.9904039447398921,1.0360723632351256,0.9904039447398921,1.0360723632351256,28.819058174406056,True
admd2.0,20,5,349,5,0.9849489590750953,1.0356671752118172,0.9849489590750953,1.0356671752118172,32.46449587643212,True
admd2.0,20,5,349,6,0.9868610656191549,1.0432010993150835,0.9868610656191549,1.0432010993150835,35.611427599289144,True
admd2.0,20,5,349,7,0.9867744067324601,1.047129793825061,0.9848516420144661,1.047129793825061,44.46305360938961,True
admd2.0,20,5,349,8,0.9859368244441614,1.0439012582614684,0.9788223935560133,1.0439012582614684,53.73552266509052,True
admd2.0,20,5,349,9,0.9957449976487587,1.04378419319673,0.9831900966834417,1.04378419319673,46.61942432257998,True
admd2.0,20,5,349,10,0.9962452748610318,1.0405836256143646,0.9868276363334384,1.0405836256143646,40.84959485621157,True
admd2.0,20,5,349,11,0.9971718233250053,1.04205858410779,0.9873624147430015,1.04205858410779,40.06330314709495,True
admd2.0,20,5,349,12,0.9926065429673734,1.0379493735415264,0.9882741551345717,1.0379493735415264,38.87290697041144,True
admd2.0,20,5,349,13,0.9935241335073862,1.0394145316615182,0.9888035581174004,1.0394145316615182,38.098590560737826,True
admd2.0,20,5,349,14,0.9944397029070554,1.0408764709439295,0.9893315149708609,1.0408764709439295,37.327760550629705,True
admd2.0,20,5,349,15,0.9853722272020943,1.0410825667364434,0.9813770320561662,1.0410825667364434,49.94910642761284,True
admd2.0,20,5,349,16,0.9830200809254765,1.047368164527081,0.9727221673037916,1.047368164527081,64.58728527024648,True
admd2.0,20,5,349,17,0.9750553786457736,1.05296626902409,0.9594017259220087,1.055498481666544,87.2161949884617,True
admd2.0,20,5,349,18,0.9769985494256925,1.053764389114478,0.9603401865735203,1.0562827463456346,87.7276190566473,True
admd2.0,20,5,349,19,0.9818983565094959,1.0553393179082309,0.9623505854260502,1.057706593295458,84.48509911864994,True
admd2.0,20,5,349,20,0.9870334403092311,1.0482246020468526,0.9694512627895379,1.0501388167409857,72.75989383890897,True
admd2.0,20,5,349,21,0.9913282869552683,1.041316454573343,0.9762433319563072,1.0426948039161268,61.42105901496677,True
admd2.0,20,5,349,22,0.9928766821141308,1.0344475071174288,0.9821052002125519,1.0344475071174288,51.25743435399783,True
admd2.0,20,5,349,23,0.9913486452440227,1.036850546514932,0.9876816344825396,1.036850546514932,41.9812035933183,True
admd2.0,30,1,524,0,0.987052053095939,1.0436691277887937,0.987052053095939,1.0436691277887937,37.72338576567309,True
admd2.0,30,1,524,1,0.9918950150483482,1.0462398815523262,0.9918950150483482,1.0462398815523262,33.96379606711661,True
admd2.0,30,1,524,2,0.9958589371215973,1.0483314199483889,0.9946550277626907,1.0483314199483889,31.019437091389054,True
admd2.0,30,1,524,3,1.0005676852180847,1.0476700663856013,0.9966789478675094,1.0476700663856013,27.440268762907568,True
admd2.0,30,1,524,4,0.996454957664184,1.0426347574573505,0.9947769802575429,1.0426347574573505,29.45546620287517,True
admd2.0,30,1,524,5,0.9907331974591757,1.0386471998011835,0.9907331974591757,1.0386471998011835,33.08148037284648,True
admd2.0,30,1,524,6,0.9863593384632178,1.0362763533293131,0.9863593384632178,1.0362763533293131,36.0989584210053,True
admd2.0,30,1,524,7,0.986420774641973,1.0467249288992757,0.9847418347333473,1.0467249288992757,44.98266399279982,True
admd2.0,30,1,524,8,0.9855183944851222,1.0436463752643803,0.9786978466830855,1.0436463752643803,54.256777083452626,True
admd2.0,30,1,524,9,0.9955674064765381,1.0437713720324504,0.9831343080166688,1.0437713720324504,46.87894238256099,True
admd2.0,30,1,524,10,0.9961103044132601,1.040393251980523,0.9867764948868654,1.040393251980523,41.108615286099536,True
admd2.0,30,1,524,11,0.9970378297543426,1.0418695802441982,0.9873119383214396,1.0418695802441982,40.3222491716534,True
admd2.0,30,1,524,12,0.9922979818946144,1.0386257369203766,0.9881729281036963,1.0386257369203766,39.39138771893395,True
admd2.0,30,1,524,13,0.9932173149639701,1.0394346985172596,0.9887034654968924,1.0394346985172596,38.6172509038926,True
admd2.0,30,1,524,14,0.9941347414533481,1.040329482327654,0.9892327184882584,1.040329482327654,37.846630460422716,True
admd2.0,30,1,524,15,0.984820071073206,1.041045815348586,0.981198813242392,1.041045815348586,50.73053068577897,True
admd2.0,30,1,524,16,0.9816738572837814,1.0472755069816029,0.9722951712844251,1.0472755069816029,66.16411195050165,True
admd2.0,30,1,524,17,0.9712803093722838,1.0524216121140113,0.9580730199978135,1.0548048748102061,91.01063319511647,True
admd2.0,30,1,524,18,0.9717980229687914,1.0529948376941154,0.9584980896854712,1.0552886015349117,93.19998490787403,True
admd2.0,30,1,524,19,0.9771742795980878,1.0545994670373553,0.9606812140378125,1.0567743670704184,89.67710994939269,True
admd2.0,30,1,524,20,0.9898987591468433,1.0538244373149706,0.9682943606098303,1.0555751468349117,77.27580211215653,True
admd2.0,30,1,524,21,0.9936849354807793,1.0469290953352346,0.9753795082231622,1.0482058829415348,65.03823647181453,True
admd2.0,30,1,524,22,0.9923349160496986,1.0392777004636367,0.9815479518887981,1.0401232044918403,54.037092990178614,True
admd2.0,30,1,524,23,0.9962869715048872,1.0364619150149346,0.9871845361414144,1.0364619150149346,44.18505417164228,True
admd2.0,30,2,524,0,0.9870705894642929,1.043780281697176,0.9870705894642929,1.043780281697176,37.72080442787935,True
admd2.0,30,2,524,1,0.991906640408878,1.045860724906449,0.991906640408878,1.045860724906449,33.962126472720556,True
admd2.0,30,2,524,2,0.9958657344835635,1.0483975004202104,0.9946941223934246,1.0483975004202104,31.018399221232855,True
admd2.0,30,2,524,3,0.9970452965966549,1.0477163691295408,0.9967070673485287,1.0477163691295408,27.43976398783931,True
admd2.0,30,2,524,4,0.9964575888412859,1.0425140273715061,0.9947959169203905,1.0425140273715061,29.45544691349732,True
admd2.0,30,2,524,5,0.990737692110509,1.0384967252450497,0.990737692110509,1.0384967252450497,33.080778888745165,True
admd2.0,30,2,524,6,0.9863650698683641,1.0363126510531213,0.9863650698683641,1.0363126510531213,36.09809659344176,True
admd2.0,30,2,524,7,0.9864304188542615,1.0467666005063063,0.9847642898627549,1.0467666005063063,44.981395880432196,True
admd2.0,30,2,524,8,0.9855521238013567,1.0435136372043863,0.978722105891108,1.0435136372043863,54.255066406404055,True
admd2.0,30,2,524,9,0.9955726542629125,1.043694229596111,0.9831456235605238,1.043694229596111,46.878268232585135,True
admd2.0,30,2,524,10,0.9961069695896755,1.0404124986914367,0.9867872484295008,1.0404124986914367,41.10806540034414,True
admd2.0,30,2,524,11,0.9970343709149284,1.0418886050570908,0.9873226074159412,1.0418886050570908,40.321723000085996,True
admd2.0,30,2,524,12,0.9922906382950603,1.038474060675773,0.9881941694066291,1.038474060675773,39.39037840467101,True
admd2.0,30,2,524,13,0.9932097315673386,1.0392834584444435,0.9887245426207492,1.0392834584444435,38.61628081990214,True
admd2.0,30,2,524,14,0.9941269129189841,1.0403663672700525,0.9892536295760235,1.0403663672700525,37.8457027089282,True
admd2.0,30,2,524,15,0.9848381541965814,1.0408086614306855,0.9812342298971598,1.0408086614306855,50.72819303071179,True
admd2.0,30,2,524,16,0.9817921296136022,1.0467834613417655,0.9723752939461094,1.0467834613417655,66.15737949969697,True
admd2.0,30,2,524,17,0.9716401835463119,1.0520236039891437,0.9582965149041601,1.0545324850987865,90.98669232352903,True
admd2.0,30,2,524,18,0.9723229686726503,1.0524232867077004,0.9588234992900558,1.0548973968342434,93.16426944623261,True
admd2.0,30,2,524,19,0.9776163302879366,1.0540825071907014,0.9609833473697129,1.0564098632472378,89.62558335397001,True
admd2.0,30,2,524,20,0.9902062572305169,1.053415810117745,0.9685203524577193,1.055287561358629,77.24248992248198,True
admd2.0,30,2,524,21,0.9936954276222052,1.0466004959289927,0.9755513164566912,1.0479868224967557,65.02375897127176,True
admd2.0,30,2,524,22,0.9923222894901153,1.0390358058842328,0.9816686257143713,1.0399641287255892,54.028996234435375,True
admd2.0,30,2,524,23,0.9962637833663882,1.0358532782758256,0.9872731791748628,1.0358532782758256,44.180426972638266,True
admd2.0,30,3,524,0,0.9869423299892651,1.0432420730004752,0.9869423299892651,1.0432420730004752,37.72212795953904,True
admd2.0,30,3,524,1,0.9918033613442154,1.0462015400271063,0.9918033613442154,1.0462015400271063,33.96292658694184,True
admd2.0,30,3,524,2,0.9957854029434943,1.0480502163875818,0.994628085572946,1.0480502163875818,31.018826200104634,True
admd2.0,30,3,524,3,0.9970237382059126,1.0474609920329365,0.996658659645464,1.0474609920329365,27.439906435131764,True
admd2.0,30,3,524,4,0.9964178888940745,1.0426206977121015,0.9947631556020281,1.0426206977121015,29.455649924332683,True
admd2.0,30,3,524,5,0.9906965523516563,1.0386321857660001,0.9906965523516563,1.0386321857660001,33.08113323281755,True
admd2.0,30,3,524,6,0.9863227482602474,1.0361346936185298,0.9863227482602474,1.0361346936185298,36.098557449488105,True
admd2.0,30,3,524,7,0.9863845366444128,1.0465819446355171,0.9847283140815992,1.0465819446355171,44.98213301469527,True
admd2.0,30,3,524,8,0.985402256982298,1.043627424790124,0.9786843123472104,1.043627424790124,54.256110460271024,True
admd2.0,30,3,524,9,0.9955493847127472,1.0437627556977138,0.9831275411940211,1.0437627556977138,46.87866719587993,True
admd2.0,30,3,524,10,0.9960888368407692,1.0403233244789682,0.9867697354500068,1.0403233244789682,41.108376326866235,True
admd2.0,30,3,524,11,0.9970163651905471,1.0417997221059216,0.9873051777004975,1.0417997221059216,40.32201852156135,True
admd2.0,30,3,524,12,0.9922549847692673,1.0386098000090762,0.9881594151587747,1.0386098000090762,39.390943944805485,True
admd2.0,30,3,524,13,0.9931743299941842,1.039418910659274,0.9886899535503774,1.039418910659274,38.61681646945469,True
admd2.0,30,3,524,14,0.994091765768609,1.040224896057102,0.9892192068571994,1.040224896057102,37.84620822264286,True
admd2.0,30,3,524,15,0.9847659425854197,1.0410185739655822,0.9811785338326791,1.0410185739655822,50.7296045669667,True
admd2.0,30,3,524,16,0.9812853551409582,1.0472231762530098,0.9722357603424049,1.0472231762530098,66.17341201429852,True
admd2.0,30,3,524,17,0.9704490032902929,1.0523578716635043,0.9579782258270959,1.0547718490672293,91.00242109226538,True
admd2.0,30,3,524,18,0.9706080533335483,1.0529022697687036,0.9583638612933063,1.0552400495522356,93.18678217737799,True
admd2.0,30,3,524,19,0.976006677259882,1.0545349823022596,0.9605531094677819,1.0567333769072669,89.64696065751978,True
admd2.0,30,3,524,20,0.9889193361282769,1.0537841235398515,0.9681825906266912,1.0555501968148127,77.25643889074614,True
admd2.0,30,3,524,21,0.9934086286971606,1.046889313886035,0.9752931304157941,1.0481912337749872,65.03271272319134,True
admd2.0,30,3,524,22,0.9921222668284799,1.039253055973359,0.9814814062233187,1.0401169262112173,54.03368920508749,True
admd2.0,30,3,524,23,0.9961155705216859,1.0363957813876485,0.9871311103477937,1.0363957813876485,44.18299836759756,True
admd2.0,30,4,524,0,0.9868667843559348,1.042976454873007,0.9868667843559348,1.042976454873007,37.72144984036444,True
admd2.0,30,4,524,1,0.9917383050813184,1.045902643778234,0.9917383050813184,1.045902643778234,33.96250340885128,True
admd2.0,30,4,524,2,0.9957320553605744,1.047870639233749,0.9946425596215885,1.047870639233749,31.018580621004652,True
admd2.0,30,4,524,3,0.9971679428684749,1.0473253007661225,0.9966688876603454,1.0473253007661225,27.43979668423895,True
admd2.0,30,4,524,4,0.9963909330102961,1.0425049567255211,0.9947702215965893,1.0425049567255211,29.455529079010187,True
admd2.0,30,4,524,5,0.990670469767035,1.0385139017869736,0.990670469767035,1.0385139017869736,33.08094422915993,True
admd2.0,30,4,524,6,0.9862973260159276,1.0360459406950207,0.9862973260159276,1.0360459406950207,36.098318430061006,True
admd2.0,30,4,524,7,0.9863613694262389,1.0464954529266184,0.9847370672618384,1.0464954529266184,44.98175951947602,True
admd2.0,30,4,524,8,0.9853707163118646,1.0434985001033124,0.9786940335119282,1.0434985001033124,54.25558758094248,True
admd2.0,30,4,524,9,0.9955382065706969,1.0437010500092792,0.9831319771928154,1.0437010500092792,46.878464897203195,True
admd2.0,30,4,524,10,0.9960819902168516,1.0402800641956753,0.9867738630539235,1.0402800641956753,41.10821419044263,True
admd2.0,30,4,524,11,0.997009445278416,1.0417563771636655,0.9873092578231645,1.0417563771636655,40.321864125920705,True
admd2.0,30,4,524,12,0.9922408739034076,1.038489765042049,0.9881675495898865,1.038489765042049,39.39065614664978,True
admd2.0,30,4,524,13,0.9931600821383904,1.0392994015302197,0.9886979979172384,1.0392994015302197,38.61653808144009,True
admd2.0,30,4,524,14,0.9940773817116014,1.0401058997385828,0.9892271613616835,1.0401058997385828,37.845943389717405,True
admd2.0,30,4,524,15,0.9847333927299764,1.0408272925381807,0.981192637043987,1.0408272925381807,50.72890301988875,True
admd2.0,30,4,524,16,0.9811996988965273,1.0468185542112567,0.9722688878138658,1.0468185542112567,66.17132959234293,True
admd2.0,30,4,524,17,0.9702861756193625,1.0519634497375878,0.9580725790502296,1.0545023192660556,90.99590297469418,True
admd2.0,30,4,524,18,0.9703864020061731,1.0523296030720188,0.9585030687089211,1.054847967301059,93.18053731173424,True
admd2.0,30,4,524,19,0.9757900481276013,1.0540022911111948,0.9606837959655496,1.0563697686574731,89.63592716687737,True
admd2.0,30,4,524,20,0.9887105605709057,1.0533648365319155,0.9682801743810988,1.0552678682267789,77.24899802984439,True
admd2.0,30,4,524,21,0.9933311955511964,1.0465907932320277,0.9753581899602405,1.047983252704164,65.0192650701159,True
admd2.0,30,4,524,22,0.9920514933214647,1.0390410836314363,0.9815255445238334,1.0399690789840592,54.02276714205818,True
admd2.0,30,4,524,23,0.996063450309163,1.0359083588458506,0.9871660863897478,1.0359083588458506,44.1817503344982,True
admd2.0,30,5,524,0,0.9864201097890575,1.0427635598321727,0.9864201097890575,1.0427635598321727,37.721166029238645,True
admd2.0,30,5,524,1,0.9913728183669303,1.046144631613011,0.9913728183669303,1.046144631613011,33.96233738495996,True
admd2.0,30,5,524,2,0.9954438032952527,1.0477393892249116,0.9946305660329308,1.0477393892249116,31.018490715455933,True
admd2.0,30,5,524,3,0.9972070015882305,1.0472316075185097,0.9966616468795051,1.0472316075185097,27.439796194437157,True
admd2.0,30,5,524,4,0.9962479565035002,1.0426002874293525,0.9947647602480671,1.0426002874293525,29.455486853804118,True
admd2.0,30,5,524,5,0.9905249683964894,1.038609810841086,0.9905249683964894,1.038609810841086,33.08086171378551,True
admd2.0,30,5,524,6,0.9861497263629851,1.035977037241708,0.9861497263629851,1.035977037241708,36.0982024924617,True
admd2.0,30,5,524,7,0.9862099051182143,1.0464406287093118,0.9847269898345191,1.0464406287093118,44.98160805951797,True
admd2.0,30,5,524,8,0.9852916895556184,1.0435934329510526,0.978681404555553,1.0435934329510526,54.25542319651025,True
admd2.0,30,5,524,9,0.9954629979301176,1.0437477767979224,0.9831268301602873,1.0437477767979224,46.87838113940064,True
admd2.0,30,5,524,10,0.9960704486339381,1.0402453010346882,0.9867695267853703,1.0402453010346882,41.10814525641286,True
admd2.0,30,5,524,11,0.9969980754502415,1.0417218654363656,0.987305038662033,1.0417218654363656,40.321797073283335,True
admd2.0,30,5,524,12,0.9922182804555258,1.0385841549597006,0.9881592324139331,1.0385841549597006,39.39052909504766,True
admd2.0,30,5,524,13,0.9931378260526019,1.0393936783316267,0.9886899122165874,1.0393936783316267,38.61641788955297,True
admd2.0,30,5,524,14,0.9940554655636207,1.040200062953463,0.9892193080229669,1.040200062953463,37.845828930997804,True
admd2.0,30,5,524,15,0.9845018969977437,1.040970696473877,0.9811750468549424,1.040970696473877,50.72866328525968,True
admd2.0,30,5,524,16,0.9809426811594423,1.0471034160198902,0.9722202275847428,1.0471034160198902,66.17097614000723,True
admd2.0,30,5,524,17,0.9697860875962903,1.0520100397973393,0.9579743471772406,1.0544049590608433,91.02733223294538,True
admd2.0,30,5,524,18,0.9695733403156221,1.0523908259882049,0.9583252376746573,1.0547084128338553,93.21068604139857,True
admd2.0,30,5,524,19,0.9750673175194253,1.0540575198528057,0.9605336978295009,1.0562347961067007,89.66839346667608,True
admd2.0,30,5,524,20,0.9879591158927139,1.053393114154311,0.9681146666419121,1.0551452515611577,77.25428351821772,True
admd2.0,30,5,524,21,0.9931121832497212,1.0466097312605263,0.9752545145211651,1.0478805556469417,65.01846716883323,True
admd2.0,30,5,524,22,0.9919079286703633,1.039056691235877,0.9814620864185204,1.0398901883359681,54.022211795173796,True
admd2.0,30,5,524,23,0.9959634364824054,1.0362852424339257,0.9871266214545452,1.0362852424339257,44.18128947206744,True
admd2.0,40,1,699,0,0.9860090539859517,1.0425768173823615,0.9860090539859517,1.0425768173823615,39.27691181344782,True
admd2.0,40,1,699,1,0.9912983434437425,1.0491951543788993,0.9912983434437425,1.0491951543788993,35.27858977789054,True
admd2.0,40,1,699,2,0.995186716479571,1.0476340714459222,0.994479824499668,1.0476340714459222,32.04469737598205,True
admd2.0,40,1,699,3,1.0000723163449017,1.0471603342467102,0.9965531537596677,1.0471603342467102,28.20224771803088,True
admd2.0,40,1,699,4,0.9961215288016675,1.0422012334043065,0.9946911120351313,1.0422012334043065,29.967448708783184,True
admd2.0,40,1,699,5,0.9903939781841548,1.0382085680276416,0.9903939781841548,1.0382085680276416,33.59657232156676,True
admd2.0,40,1,699,6,0.9860152377844358,1.035918027932138,0.9860152377844358,1.035918027932138,36.615389431874135,True
admd2.0,40,1,699,7,0.9860651434275673,1.0463485057934663,0.9846407190275717,1.0463485057934663,45.50081683057329,True
admd2.0,40,1,699,8,0.9851671930734759,1.0431807040784924,0.9785910316563903,1.0431807040784924,54.77525751554064,True
admd2.0,40,1,699,9,0.9953898759219592,1.0435480563917252,0.983083358778728,1.0435480563917252,47.137562882148714,True
admd2.0,40,1,699,10,0.9959849197770984,1.0402127650735948,0.9867282500408615,1.0402127650735948,41.36690950126673,True
admd2.0,40,1,699,11,0.9969129601211115,1.0416897850098439,0.9872640693203082,1.0416897850098439,40.580498244915795,True
admd2.0,40,1,699,12,0.9920484933754895,1.0381848496631054,0.9880776054254129,1.0381848496631054,39.908355803395075,True
admd2.0,40,1,699,13,0.9929689051968172,1.0389948947941805,0.9886089111142146,1.0389948947941805,39.13406097344925,True
admd2.0,40,1,699,14,0.9938873862720139,1.039972963595,0.9891389259978769,1.039972963595,38.36326197280339,True
admd2.0,40,1,699,15,0.9842746140820415,1.0403614823208098,0.9810387937340225,1.0403614823208098,51.50963048693983,True
admd2.0,40,1,699,16,0.9804909271040222,1.0458743203422705,0.9719097273523676,1.0458743203422705,67.74958375620302,True
admd2.0,40,1,699,17,0.9746032425936,1.0573055561765288,0.9570241091978238,1.0599472650159287,95.04875437835513,True
admd2.0,40,1,699,18,0.97381631297621,1.057331100101968,0.9569766869919298,1.0599991513033595,98.8861983330314,True
admd2.0,40,1,699,19,0.9795517952469993,1.0589080649164186,0.9592727118655849,1.0614508068872712,95.05460976028138,True
admd2.0,40,1,699,20,0.9866085220552968,1.0525454996833143,0.9671970131200043,1.0545802121907077,81.5439792572077,True
admd2.0,40,1,699,21,0.9918444346563999,1.0459470976406788,0.9745878948139459,1.047469795890997,68.47154173507133,True
admd2.0,40,1,699,22,0.9954464943660122,1.0387632533690148,0.9809813218863978,1.039757849821657,56.662144187069465,True
admd2.0,40,1,699,23,0.9954642621185037,1.039617773591825,0.9869083033334725,1.039617773591825,46.279818740731315,True
admd2.0,40,2,699,0,0.9858262823182676,1.0421881396433381,0.9858262823182676,1.0421881396433381,39.279567309615764,True
admd2.0,40,2,699,1,0.9911564509030165,1.0484266050026436,0.9911564509030165,1.0484266050026436,35.28018484996476,True
admd2.0,40,2,699,2,0.995080033679061,1.0470324563911122,0.9944270058993142,1.0470324563911122,32.04565306432683,True
admd2.0,40,2,699,3,0.9999983433149031,1.0467205417782155,0.9965169956313661,1.0467205417782155,28.20266364056096,True
admd2.0,40,2,699,4,0.9960702932031448,1.0425159504668566,0.9946659147553211,1.0425159504668566,29.967905793900496,True
admd2.0,40,2,699,5,0.9903390207501976,1.0385253618110433,0.9903390207501976,1.0385253618110433,33.597294977999674,True
admd2.0,40,2,699,6,0.9859571208377115,1.0356086857224684,0.9859571208377115,1.0356086857224684,36.61629716412086,True
admd2.0,40,2,699,7,0.985998648546405,1.0463554962608548,0.9846068339559595,1.0463554962608548,45.50224859784574,True
admd2.0,40,2,699,8,0.9852528374332874,1.0494225912219477,0.9786648206564628,1.0494225912219477,54.7907670461727,True
admd2.0,40,2,699,9,0.995354260846688,1.043707013641922,0.9830656742767692,1.043707013641922,47.13797870842428,True
admd2.0,40,2,699,10,0.9959420020101885,1.0400577627534218,0.9867126753281557,1.0400577627534218,41.3675213924958,True
admd2.0,40,2,699,11,0.9968703998457467,1.0415354524464009,0.9872487187589277,1.0415354524464009,40.581081445976764,True
admd2.0,40,2,699,12,0.9919634624155894,1.0384995419499814,0.9880470625269003,1.0384995419499814,39.90946600287649,True
admd2.0,40,2,699,13,0.9928845556249649,1.0393091772285483,0.9885788010472751,1.0393091772285483,39.13511887500927,True
admd2.0,40,2,699,14,0.9938037275638296,1.0401156431649892,0.9891092518725434,1.0401156431649892,38.36426642300847,True
admd2.0,40,2,699,15,0.9841663068471952,1.040842507315405,0.9809831405325584,1.040842507315405,51.51234896245717,True
admd2.0,40,2,699,16,0.9799887745335468,1.0494588777017932,0.9718717589523389,1.0494588777017932,67.77626858242212,True
admd2.0,40,2,699,17,0.9725756198990494,1.0575689596448863,0.9565907170819462,1.059941277516302,95.06624680072206,True
admd2.0,40,2,699,18,0.9708202216354711,1.0577761608974112,0.9563299906699161,1.0600519802517425,98.9160581397159,True
admd2.0,40,2,699,19,0.9766258079375051,1.0594805945096297,0.9586525113185889,1.0616331163345016,95.11485291443904,True
admd2.0,40,2,699,20,0.9843426671207638,1.0530072050408052,0.9667649500323422,1.0547189686638712,81.57129628060424,True
admd2.0,40,2,699,21,0.9908080955636543,1.0463149867219042,0.9742870583250777,1.0475752284586684,68.48791972339325,True
admd2.0,40,2,699,22,0.9950199892921314,1.0388495289942041,0.9807847679459949,1.039680081819776,56.67291484538798,True
admd2.0,40,2,699,23,0.9951020450071786,1.0383461713023465,0.9867717383789067,1.0383461713023465,46.28515872874429,True
admd2.0,40,3,699,0,0.9865590520931311,1.0428543713982452,0.9865590520931311,1.0428543713982452,39.27628521834086,True
admd2.0,40,3,699,1,0.9917541374433219,1.0494244884170985,0.9917541374433219,1.0494244884170985,35.27821782435423,True
admd2.0,40,3,699,2,0.9955497195284984,1.047814887839334,0.994521489453035,1.047814887839334,32.04449571807308,True
admd2.0,40,3,699,3,1.0003430886392335,1.0472936777477238,0.996583908030047,1.0472936777477238,28.202194184289336,True
admd2.0,40,3,699,4,0.9963024864013276,1.042268018182518,0.9947118143800133,1.042268018182518,29.967366846574766,True
admd2.0,40,3,699,5,0.9905758008126162,1.0382764307527867,0.9905758008126162,1.0382764307527867,33.59642459710433,True
admd2.0,40,3,699,6,0.9861978369856623,1.0360092313090645,0.9861978369856623,1.0360092313090645,36.61519407943581,True
admd2.0,40,3,699,7,0.9862479859569278,1.0464419608918012,0.9846627975016916,1.0464419608918012,45.500505835524756,True
admd2.0,40,3,699,8,0.9852474041623631,1.043261222532202,0.9786109983143393,1.043261222532202,54.77555777843686,True
admd2.0,40,3,699,9,0.9954783896838699,1.0435850526974748,0.9830938300063682,1.0435850526974748,47.13703685214942,True
admd2.0,40,3,699,10,0.9960306648743574,1.0402578659381205,0.9867390700485679,1.0402578659381205,41.36678229222841,True
admd2.0,40,3,699,11,0.9969586462710956,1.0417348221809177,0.9872748558235945,1.0417348221809177,40.58037537752533,True
admd2.0,40,3,699,12,0.99214015083467,1.038253710353812,0.9880991769725872,1.038253710353812,39.90812953749909,True
admd2.0,40,3,699,13,0.9930603677222802,1.0390636074596733,0.9886303848661286,1.0390636074596733,39.13383193722169,True
admd2.0,40,3,699,14,0.9939787244791348,1.040062851039715,0.9891603289954445,1.040062851039715,38.36304545352968,True
admd2.0,40,3,699,15,0.984549716928306,1.0404702549541243,0.9810726604186258,1.0404702549541243,51.50904848161225,True
admd2.0,40,3,699,16,0.9807678239871337,1.0461035178058793,0.9719816760103058,1.0461035178058793,67.74791261695461,True
admd2.0,40,3,699,17,0.975288189229843,1.057545801722178,0.957211306825529,1.0601428390769694,95.04031071432809,True
admd2.0,40,3,699,18,0.974800084575629,1.0576816140295326,0.957246011865579,1.060284631523209,98.87444733569369,True
admd2.0,40,3,699,19,0.9805044270478489,1.0592322154818656,0.9595360196966648,1.061716381683337,95.03787294947388,True
admd2.0,40,3,699,20,0.9871303132684358,1.0527791516976481,0.9673291556292261,1.054781534184247,81.49748517862893,True
admd2.0,40,3,699,21,0.9924450415979479,1.0461433475497912,0.9747372190588284,1.0476268988546662,68.46919987640257,True
admd2.0,40,3,699,22,0.9914200932746701,1.038931420031263,0.9811097306271059,1.0398687378592506,56.65123782989335,True
admd2.0,40,3,699,23,0.9956291289537508,1.03496836361533,0.986868926832566,1.03496836361533,46.26611111706084,True
admd2.0,40,4,699,0,0.985847519082196,1.0416214232341148,0.985847519082196,1.0416214232341148,39.27828877891279,True
admd2.0,40,4,699,1,0.9911595828729708,1.0483942378966515,0.9911595828729708,1.0483942378966515,35.267648218354324,True
admd2.0,40,4,699,2,0.9950887711194802,1.0470007623822293,0.994456920702532,1.0470007623822293,32.04527139883686,True
admd2.0,40,4,699,3,1.0000019098160076,1.046693153787142,0.9965380383695447,1.046693153787142,28.202437534090627,True
admd2.0,40,4,699,4,0.9960735060720466,1.0423355672773134,0.9946803175123944,1.0423355672773134,29.967682721182147,True
admd2.0,40,4,699,5,0.9903438471013425,1.0383418069388872,0.9903438471013425,1.0383418069388872,33.59695497118879,True
admd2.0,40,4,699,6,0.985963195655155,1.0355947962502214,0.985963195655155,1.0355947962502214,36.61587413949784,True
admd2.0,40,4,699,7,0.9860084131530004,1.0461638622867073,0.9846243006728387,1.0461638622867073,45.50160579630149,True
admd2.0,40,4,699,8,0.9852392022388016,1.0494173720247253,0.9786840107649172,1.0494173720247253,54.78985709924074,True
admd2.0,40,4,699,9,0.9953594934381503,1.0436126769847998,0.983074476664206,1.0436126769847998,47.13763049874917,True
admd2.0,40,4,699,10,0.99595413358502,1.0400521701669834,0.9867209364203968,1.0400521701669834,41.36723808290576,True
admd2.0,40,4,699,11,0.9968823944165148,1.0415296535091663,0.9872568973394581,1.0415296535091663,40.58081487844816,True
admd2.0,40,4,699,12,0.9919873100109269,1.038314239285941,0.9880633956885164,1.038314239285941,39.90896038553358,True
admd2.0,40,4,699,13,0.9929081414409988,1.0391245263586204,0.9885949769256961,1.0391245263586204,39.134631186380616,True
admd2.0,40,4,699,14,0.9938270467757064,1.0399316277994304,0.9891252686781288,1.0399316277994304,38.363801997227895,True
admd2.0,40,4,699,15,0.9841847684362339,1.0405508736074607,0.981011158743251,1.0405508736074607,51.511112956814756,True
admd2.0,40,4,699,16,0.9799648726980194,1.0494619317299794,0.971936965463632,1.0494619317299794,67.77276207152183,True
admd2.0,40,4,699,17,0.9724861938662762,1.0573287234741013,0.9567826447166154,1.0598160105919772,95.04816333685032,True
admd2.0,40,4,699,18,0.9707662811240354,1.0573455709552575,0.956614685497661,1.0598018112800538,98.89203093852774,True
admd2.0,40,4,699,19,0.9766753834965917,1.0589159645292516,0.958914308014509,1.0612674165831717,95.0955671090057,True
admd2.0,40,4,699,20,0.9843404091774524,1.0525675275717463,0.9669640472659385,1.0544411052463332,81.55797208989469,True
admd2.0,40,4,699,21,0.9907625491285998,1.0459793149148453,0.9744311436698441,1.0473681698925534,68.48018550652468,True
admd2.0,40,4,699,22,0.994829443848394,1.0391798645053907,0.9808823372164457,1.0396859945903987,56.66768858622583,True
admd2.0,40,4,699,23,0.9952086571512728,1.0383160324525667,0.986843929006034,1.0383160324525667,46.28171421105147,True
admd2.0,40,5,699,0,0.9860880870403005,1.0423316627682895,0.9860880870403005,1.0423316627682895,39.275239757350015,True
admd2.0,40,5,699,1,0.991366917729493,1.0489957263586374,0.991366917729493,1.0489957263586374,35.27738533328992,True
admd2.0,40,5,699,2,0.9952432735239536,1.0474784266979527,0.9944303648168492,1.0474784266979527,32.04388621904036,True
admd2.0,40,5,699,3,1.0001162461886635,1.0470468584624633,0.9965170760393445,1.0470468584624633,28.20178725527482,True
admd2.0,40,5,699,4,0.9961502403792695,1.0423916674906888,0.9946667126330027,1.0423916674906888,29.96708794002331,True
admd2.0,40,5,699,5,0.9904216553611781,1.0384012321190323,0.9904216553611781,1.0384012321190323,33.59613417639086,True
admd2.0,40,5,699,6,0.9860421055058086,1.035837509414479,0.9860421055058086,1.035837509414479,36.61488176888369,True
admd2.0,40,5,699,7,0.9860887793914961,1.0462632272374763,0.9846137015412526,1.0462632272374763,45.50017366210566,True
admd2.0,40,5,699,8,0.9850745811110561,1.0433823820692407,0.9785625187283324,1.0433823820692407,54.774505576788556,True
admd2.0,40,5,699,9,0.9954010757398561,1.0436459863602583,0.983069773006982,1.0436459863602583,47.137239844982844,True
admd2.0,40,5,699,10,0.9959701292532548,1.040171934929892,0.9867151128071672,1.040171934929892,41.36662817033595,True
admd2.0,40,5,699,11,0.9968982970747451,1.041649185266263,0.987251008181671,1.041649185266263,40.580221408986574,True
admd2.0,40,5,699,12,0.9920194292916643,1.0383782771947498,0.9880515710261231,1.0383782771947498,39.907804252015865,True
admd2.0,40,5,699,13,0.9929400451154701,1.0391878686036913,0.9885830054740286,1.0391878686036913,39.133524584385604,True
admd2.0,40,5,699,14,0.993858737407634,1.0399943056409124,0.9891131513978969,1.0399943056409124,38.36273924891759,True
admd2.0,40,5,699,15,0.9843070276687362,1.0406623494043403,0.9809968037637247,1.0406623494043403,51.508552101591796,True
admd2.0,40,5,699,16,0.980197526653667,1.0464956579700988,0.9718177603378169,1.0464956579700988,67.74689932940747,True
admd2.0,40,5,699,17,0.9738415484756453,1.0577835468000547,0.956776849014579,1.0602620566030108,95.04284054661662,True
admd2.0,40,5,699,18,0.9727137202541043,1.058023876382507,0.9566163738433116,1.0604565899946778,98.87690354470207,True
admd2.0,40,5,699,19,0.9785233033926982,1.0595561058240772,0.9589374650434592,1.061877266129633,95.04643445214269,True
admd2.0,40,5,699,20,0.9854788324823137,1.0530456178662273,0.9668316295312162,1.0549072027086204,81.51933056005414,True
admd2.0,40,5,699,21,0.9915979016492912,1.046350925940406,0.9743844454445513,1.0477253772868569,68.46766386907915,True
admd2.0,40,5,699,22,0.995542355230441,1.0395694511317648,0.9808375752581496,1.0399388071225617,56.658054584300515,True
admd2.0,40,5,699,23,0.995341102808719,1.0392832898925564,0.9868000739129693,1.0392832898925564,46.277457780013485,True
admd2.0,50,1,874,0,0.984902147150614,1.041423433180626,0.984902147150614,1.041423433180626,40.8410251753799,True
admd2.0,50,1,874,1,0.9904235271880653,1.0475036971929086,0.9904235271880653,1.0475036971929086,36.56955395271676,True
admd2.0,50,1,874,2,0.994496917224226,1.0463062138066954,0.9942595383954819,1.0463062138066954,33.07399525298563,True
admd2.0,50,1,874,3,0.9995806321756153,1.0461998230835732,0.99640146997905,1.0461998230835732,28.965283549801086,True
admd2.0,50,1,874,4,0.9957885225592589,1.0422684889790796,0.994586900135283,1.0422684889790796,30.48002898929434,True
admd2.0,50,1,874,5,0.9900502054937703,1.03827454063432,0.9900502054937703,1.03827454063432,34.112468565811206,True
admd2.0,50,1,874,6,0.9856623848736558,1.0352393740186008,0.9856623848736558,1.0352393740186008,37.132792646273614,True
admd2.0,50,1,874,7,0.9856891208767276,1.0460959152803695,0.9845096990278766,1.0460959152803695,46.02048935055455,True
admd2.0,50,1,874,8,0.9848820782588528,1.0490095328509246,0.9785573281974169,1.0490095328509246,55.31016161918323,True
admd2.0,50,1,874,9,0.9954164392866358,1.049436922944042,0.9831377832477073,1.049436922944042,47.40921050119076,True
admd2.0,50,1,874,10,0.9958261389364356,1.0398715299281607,0.986667048798217,1.0398715299281607,41.62578524190807,True
admd2.0,50,1,874,11,0.9967552088410148,1.041350173722469,0.9872035617098517,1.041350173722469,40.8392879885598,True
admd2.0,50,1,874,12,0.9917329832042172,1.0382465192323411,0.9879568681690162,1.0382465192323411,40.426523935394876,True
admd2.0,50,1,874,13,0.9926553045782804,1.0390569548835535,0.98848948624717,1.0390569548835535,39.65200265172135,True
admd2.0,50,1,874,14,0.9935757591536389,1.0398641021634678,0.9890208405626858,1.0398641021634678,38.880970177319476,True
admd2.0,50,1,874,15,0.9836859174495299,1.040448516831154,0.9808269197891578,1.040448516831154,52.29192513422329,True
admd2.0,50,1,874,16,0.9787911542705433,1.0481197559974111,0.9715003431751555,1.0481197559974111,69.35271099780121,True
admd2.0,50,1,874,17,0.969373796720349,1.0568879856218667,0.9555028461814393,1.0593524579904392,98.92356492317957,True
admd2.0,50,1,874,18,0.9723037423464338,1.06259802157725,0.9546195975964843,1.0650424805555734,104.69033326255784,True
admd2.0,50,1,874,19,0.9785160430500386,1.064398254995805,0.9571327744259776,1.0667067499976797,100.54573016947506,True
admd2.0,50,1,874,20,0.987439967931551,1.0580758150189475,0.9656590618927839,1.0599598644470152,86.08775629966257,True
admd2.0,50,1,874,21,0.9881320205190289,1.045632962538397,0.9734380069500359,1.0470103922279141,71.95416060192717,True
admd2.0,50,1,874,22,0.9933601265202834,1.0393580150286983,0.9803406866273585,1.0394474008142032,59.31228497258393,True
admd2.0,50,1,874,23,0.9941296141156499,1.0367953384339537,0.9863740603849517,1.0367953384339537,48.37051948698153,True
admd2.0,50,2,874,0,0.985328575519589,1.047661399285177,0.985328575519589,1.047661399285177,40.838088176723694,True
admd2.0,50,2,874,1,0.990802425167205,1.048152355227735,0.990802425167205,1.048152355227735,36.569865665270484,True
admd2.0,50,2,874,2,0.9947944610123299,1.0468153436376795,0.9943260438766441,1.0468153436376795,33.074617369933605,True
admd2.0,50,2,874,3,0.9997993530816595,1.0465740917801742,0.9964490170925827,1.0465740917801742,28.965475652761246,True
admd2.0,50,2,874,4,0.9959355568377108,1.0420313231206753,0.9946192747010606,1.0420313231206753,30.48013351359854,True
admd2.0,50,2,874,5,0.9901999546566139,1.0380362366100795,0.9901999546566139,1.0380362366100795,34.11253648453875,True
admd2.0,50,2,874,6,0.9858144232198859,1.0354989796647027,0.9858144232198859,1.0354989796647027,37.132841442333216,True
admd2.0,50,2,874,7,0.9858463148775702,1.0459026265297648,0.9845481079747259,1.0459026265297648,46.02043650412449,True
admd2.0,50,2,874,8,0.9850834764216831,1.0492864103525636,0.9785991653045746,1.0492864103525636,55.30997826234884,True
admd2.0,50,2,874,9,0.9952779446777937,1.0434610496619992,0.9830361300286727,1.0434610496619992,47.39650170571717,True
admd2.0,50,2,874,10,0.9958979445344587,1.0400013086544402,0.9866852795320589,1.0400013086544402,41.62576472531671,True
admd2.0,50,2,874,11,0.9968267210109091,1.0414794660234112,0.9872216204777494,1.0414794660234112,40.83928549154848,True
admd2.0,50,2,874,12,0.9918764124124352,1.0380100585664447,0.9879929734221186,1.0380100585664447,40.42652807055777,True
admd2.0,50,2,874,13,0.9927982326280412,1.0388207284396003,0.9885252919513495,1.0388207284396003,39.6520157763805,True
admd2.0,50,2,874,14,0.9937181760090091,1.0396281093221025,0.9890563432044583,1.0396281093221025,38.88099302066469,True
admd2.0,50,2,874,15,0.9839276349901032,1.0400896122244014,0.9808880480551392,1.0400896122244014,52.29172327066683,True
admd2.0,50,2,874,16,0.9794310425949693,1.0489939526504055,0.9716425993730793,1.0489939526504055,69.35157419892072,True
admd2.0,50,2,874,17,0.970903851014849,1.05657572218767,0.9558800081369951,1.0592544728735656,98.86694700039881,True
admd2.0,50,2,874,18,0.9683672900091288,1.0562499898618951,0.9552564789063436,1.0589700737167984,104.40312140488803,True
admd2.0,50,2,874,19,0.9746304203681161,1.0580921924072542,0.9577650696338847,1.060653878521567,100.32080256710384,True
admd2.0,50,2,874,20,0.989134381234783,1.0579256422913632,0.9660768943996717,1.0600117824431565,86.09783443781751,True
admd2.0,50,2,874,21,0.9894044890308734,1.045559156756954,0.9737562887001141,1.0470846271098444,71.94414483189921,True
admd2.0,50,2,874,22,0.994021449576842,1.038357870808018,0.9804401164382109,1.039386441139055,59.297972044119646,True
admd2.0,50,2,874,23,0.9947215923854854,1.0378604815916241,0.9865306574847578,1.0378604815916241,48.370479307099565,True
admd2.0,50,3,874,0,0.9847888019140453,1.048162096007788,0.9847888019140453,1.048162096007788,40.84331316970396,True
admd2.0,50,3,874,1,0.9903751038429167,1.0476163479665281,0.9903751038429167,1.0476163479665281,36.56911549176196,True
admd2.0,50,3,874,2,0.9944568446106226,1.0463935007465581,0.9942427180587783,1.0463935007465581,33.07369017178981,True
admd2.0,50,3,874,3,0.999549215095263,1.0462629367734935,0.9963878647811839,1.0462629367734935,28.965149461533095,True
admd2.0,50,3,874,4,0.9957678496860831,1.0421915915950803,0.9945780357986858,1.0421915915950803,30.47987346813872,True
admd2.0,50,3,874,5,0.9900302436152868,1.0381977332996992,0.9900302436152868,1.0381977332996992,34.11222695131132,True
admd2.0,50,3,874,6,0.9856430558627547,1.0352842674322125,0.9856430558627547,1.0352842674322125,37.132498734959455,True
admd2.0,50,3,874,7,0.9856715407583964,1.0460190825180724,0.9845030214388348,1.0460190825180724,46.02004734627282,True
admd2.0,50,3,874,8,0.9848988559582412,1.049059109621011,0.9785519340347092,1.049059109621011,55.30956444609412,True
admd2.0,50,3,874,9,0.9954077399399403,1.0494601586068506,0.9831344914571346,1.0494601586068506,47.40896405515201,True
admd2.0,50,3,874,10,0.9958406208372407,1.0398938590390199,0.9866633513887958,1.0398938590390199,41.625586275566405,True
admd2.0,50,3,874,11,0.9967695976394166,1.0413723758841391,0.9871998090124955,1.0413723758841391,40.83909784837014,True
admd2.0,50,3,874,12,0.991761994206053,1.0381706002038127,0.9879493453705916,1.0381706002038127,40.42616534820738,True
admd2.0,50,3,874,13,0.9926841466138006,1.0389810168569864,0.9884818608169573,1.0389810168569864,39.65165921620379,True
admd2.0,50,3,874,14,0.9936044258877788,1.039788144371533,0.9890131104223049,1.039788144371533,38.88064177401186,True
admd2.0,50,3,874,15,0.9836613032557113,1.0403345398141868,0.9808181416075977,1.0403345398141868,52.29112532727091,True
admd2.0,50,3,874,16,0.9788535404809796,1.0482814248058645,0.9714903860796451,1.0482814248058645,69.35044553462916,True
admd2.0,50,3,874,17,0.9696420594357609,1.0567264242442913,0.9555405127606031,1.0592987405849081,98.89732582152996,True
admd2.0,50,3,874,18,0.9726326251017542,1.0623797071987968,0.9546455330991234,1.0649693545351264,104.67235810998623,True
admd2.0,50,3,874,19,0.9788120136331506,1.0641945110635678,0.9571494305532384,1.0666396032044232,100.52807374404436,True
admd2.0,50,3,874,20,0.9872861070285357,1.0579012386228075,0.9655432983840431,1.0598950183961033,86.05292048367856,True
admd2.0,50,3,874,21,0.9882543769322794,1.0454902025396304,0.9734140576655247,1.046962544699685,71.95259353615002,True
admd2.0,50,3,874,22,0.9930916875736784,1.0384636903930229,0.9801997730179889,1.0394042464113837,59.29613895653759,True
admd2.0,50,3,874,23,0.9942522506388038,1.0369835681770212,0.9863490384948729,1.0369835681770212,48.36906357513461,True
admd2.0,50,4,874,0,0.9844990950507669,1.0483243670235156,0.9844990950507669,1.0483243670235156,40.84775151573758,True
admd2.0,50,4,874,1,0.9901407420219401,1.0472230271378231,0.9901407420219401,1.0472230271378231,36.57198370708504,True
admd2.0,50,4,874,2,0.9942741090654068,1.0460866943142442,0.99422286425767,1.0460866943142442,33.0754930913053,True
admd2.0,50,4,874,3,0.9994163359867136,1.046039635256419,0.996375381499271,1.046039635256419,28.96601661466416,True
admd2.0,50,4,874,4,0.9956782342495746,1.0422462201914509,0.9945691442652529,1.0422462201914509,30.480698490112204,True
admd2.0,50,4,874,5,0.9899382643931607,1.0382516404841582,0.9899382643931607,1.0382516404841582,34.11341653644793,True
admd2.0,50,4,874,6,0.9855490765646204,1.0351273127485967,0.9855490765646204,1.0351273127485967,37.1339452240627,True
admd2.0,50,4,874,7,0.985573077458917,1.0460712486237385,0.9844886059102621,1.0460712486237385,46.02215428841667,True
admd2.0,50,4,874,8,0.9847691762684693,1.048888040132263,0.978534365004874,1.048888040132263,55.31236141480588,True
admd2.0,50,4,874,9,0.9953587807566147,1.0493791168773443,0.9831272019817516,1.0493791168773443,47.41008527984425,True
admd2.0,50,4,874,10,0.9957988288685993,1.0398155610911175,0.9866570661285915,1.0398155610911175,41.62650272412173,True
admd2.0,50,4,874,11,0.9967280259280873,1.0412944080298674,0.9871936634485678,1.0412944080298674,40.83997808261708,True
admd2.0,50,4,874,12,0.9916785027051358,1.038222438307089,0.987937052494171,1.038222438307089,40.42786632197746,True
admd2.0,50,4,874,13,0.9926010839265196,1.039033015296295,0.9884698408474581,1.039033015296295,39.6532914172978,True
admd2.0,50,4,874,14,0.9935217942512549,1.039840290438693,0.9890013639746355,1.039840290438693,38.88220590629683,True
admd2.0,50,4,874,15,0.9835085215602984,1.0404100384902704,0.9807933055428067,1.0404100384902704,52.294980124404994,True
admd2.0,50,4,874,16,0.9784346139163682,1.0477322434471348,0.9714220673690372,1.0477322434471348,69.36151084057079,True
admd2.0,50,4,874,17,0.968445547196322,1.0569040324129912,0.9552710499853101,1.0592757873915088,98.95566281735883,True
admd2.0,50,4,874,18,0.9709475356013123,1.0626176806966787,0.954272322618221,1.0649295221084176,104.7377379610753,True
admd2.0,50,4,874,19,0.9772306924033854,1.064421558324488,0.9568035040715177,1.0666019180673498,100.59354934503052,True
admd2.0,50,4,874,20,0.9863871163936694,1.0581192701237052,0.9654136818288135,1.0598787092199298,86.10694722232047,True
admd2.0,50,4,874,21,0.9876715104973787,1.04567577655754,0.9733696874195699,1.046954314306818,71.99062376766616,True
admd2.0,50,4,874,22,0.9927853742003203,1.0387472443136327,0.9802205374832554,1.0394014345618432,59.32424020915965,True
admd2.0,50,4,874,23,0.9939039182554387,1.0363379844543528,0.9862890510287723,1.0363379844543528,48.37685326844956,True
admd2.0,50,5,874,0,0.985284399161257,1.0479063335034673,0.985284399161257,1.0479063335034673,40.83987906800895,True
admd2.0,50,5,874,1,0.9907814196272424,1.047558839805108,0.9907814196272424,1.047558839805108,36.566999444697124,True
admd2.0,50,5,874,2,0.9947772898552926,1.0463428194354685,0.9942956890433361,1.0463428194354685,33.072808835825,True
admd2.0,50,5,874,3,0.999786127085723,1.0462215549876168,0.9964261624782329,1.0462215549876168,28.96461264360049,True
admd2.0,50,5,874,4,0.9959268617177183,1.0421132773030641,0.9946039853918657,1.0421132773030641,30.479333427263906,True
admd2.0,50,5,874,5,0.9901915220602882,1.038117858079756,0.9901915220602882,1.038117858079756,34.111395635642594,True
admd2.0,50,5,874,6,0.9858061845343322,1.035261052252607,0.9858061845343322,1.035261052252607,37.13144064032214,True
admd2.0,50,5,874,7,0.9858382569336752,1.0459336642248231,0.9845328518204269,1.0459336642248231,46.01841140341945,True
admd2.0,50,5,874,8,0.9849435522941143,1.0490466289516776,0.9785839076070226,1.0490466289516776,55.30732489399314,True
admd2.0,50,5,874,9,0.9954905782869782,1.0494514507173311,0.9831494276461639,1.0494514507173311,47.408103072717104,True
admd2.0,50,5,874,10,0.9958657236909493,1.0398833423729372,0.986677597101132,1.0398833423729372,41.624907229865755,True
admd2.0,50,5,874,11,0.9967945461687613,1.0413616823072855,0.9872139573161648,1.0413616823072855,40.83844319009398,True
admd2.0,50,5,874,12,0.9918118809512178,1.0380899985659624,0.9879776791067701,1.0380899985659624,40.42489905690049,True
admd2.0,50,5,874,13,0.9927337158916818,1.0389007346312678,0.9885099941506871,1.0389007346312678,39.650448011434015,True
admd2.0,50,5,874,14,0.9936536837746321,1.03970817996299,0.9890410452759822,1.03970817996299,38.879488672110895,True
admd2.0,50,5,874,15,0.9839157522512015,1.0402047223090756,0.9808651970767698,1.0402047223090756,52.28806311416731,True
admd2.0,50,5,874,16,0.9790095770185049,1.0482687728882367,0.9715973162787851,1.0482687728882367,69.34122788845606,True
admd2.0,50,5,874,17,0.9699020376570936,1.0563072604682275,0.9557715260160156,1.0590432640881435,98.83534259857025,True
admd2.0,50,5,874,18,0.9669399638403647,1.0558590740939986,0.9551077274302268,1.0586625114134949,104.35227139492221,True
admd2.0,50,5,874,19,0.9732274365717707,1.057744738325483,0.9576205142602453,1.0603667894294677,100.25731049321791,True
admd2.0,50,5,874,20,0.9879633110429282,1.057649436894488,0.965952350257524,1.0597813542485717,86.05460044926154,True
admd2.0,50,5,874,21,0.9886370248709244,1.0451490379656965,0.9736631818581336,1.0467592027232335,71.92463907398103,True
admd2.0,50,5,874,22,0.9933305072706098,1.0381905890422014,0.9803663153346472,1.0392561648832899,59.28541517085165,True
admd2.0,50,5,874,23,0.9944645671273288,1.03691316032448,0.9864705885145617,1.03691316032448,48.36265258915081,True
admd2.0,60,1,1048,0,0.9841123368893901,1.04762574200624,0.9841123368893901,1.04762574200624,42.408963973822736,True
admd2.0,60,1,1048,1,0.9896393146748251,1.0466543552161092,0.9896393146748251,1.0466543552161092,37.854814114150194,True
admd2.0,60,1,1048,2,0.9938259093737689,1.0476680712753985,0.9938259093737689,1.0476680712753985,34.104069240091896,True
admd2.0,60,1,1048,3,0.999134514822321,1.0457255569063397,0.9962755774010265,1.0457255569063397,29.724802587924838,True
admd2.0,60,1,1048,4,0.9954877909567125,1.0420154497332972,0.9945011407581381,1.0420154497332972,30.989999273842468,True
admd2.0,60,1,1048,5,0.9897419578588246,1.0380191299438484,0.9897419578588246,1.0380191299438484,34.625672669723876,True
admd2.0,60,1,1048,6,0.9853478311269347,1.0348997535873845,0.9853478311269347,1.0348997535873845,37.64750251080468,True
admd2.0,60,1,1048,7,0.9853589131731672,1.0458338933287383,0.9844052578472352,1.0458338933287383,46.53740692508726,True
admd2.0,60,1,1048,8,0.9845149231337662,1.0486233341323727,0.9784422520938948,1.0486233341323727,55.828713119236404,True
admd2.0,60,1,1048,9,0.9952516674978903,1.0492567354160833,0.9830853853692471,1.0492567354160833,47.66709427467357,True
admd2.0,60,1,1048,10,0.9957238706486217,1.0396999460604315,0.986618046203424,1.0396999460604315,41.88318280995419,True
admd2.0,60,1,1048,11,0.9966535898569081,1.041179529012705,0.9871550240177429,1.041179529012705,41.09661904950943,True
admd2.0,60,1,1048,12,0.9915293835389373,1.037989732053466,0.9878595528933313,1.037989732053466,40.94194846705751,True
admd2.0,60,1,1048,13,0.9924530380833825,1.0388006950699449,0.9883931119225302,1.0388006950699449,40.167221767276665,True
admd2.0,60,1,1048,14,0.9933748081573763,1.0396083251914192,0.9889254032626695,1.0396083251914192,39.395959896317706,True
admd2.0,60,1,1048,15,0.9831727821419383,1.0400523048237278,0.9806588974808181,1.0400523048237278,53.07035314524311,True
admd2.0,60,1,1048,16,0.9775705331405661,1.046822980080885,0.9710910625891892,1.046822980080885,70.93709599607294,True
admd2.0,60,1,1048,17,0.9722833332309019,1.061806569949974,0.9542245008818401,1.0644441800504316,102.97008390626381,True
admd2.0,60,1,1048,18,0.9673397212264707,1.0611423377440468,0.9527584217193785,1.0637941579811843,110.22194698853728,True
admd2.0,60,1,1048,19,0.9741563129699811,1.0630586711696766,0.9554824278870679,1.0655628194560838,105.82810885321477,True
admd2.0,60,1,1048,20,0.9837007550614806,1.0571927538308836,0.9643646004694987,1.0592131353868497,90.43046869261752,True
admd2.0,60,1,1048,21,0.9919479765024198,1.0510587736631762,0.9725935116280991,1.0525687668162513,75.59382320693081,True
admd2.0,60,1,1048,22,0.9914709626132377,1.0379888842627107,0.9797296443839935,1.0389850247351249,61.944855498691474,True
admd2.0,60,1,1048,23,0.9932559441641512,1.0353503613261668,0.9859412390425629,1.0353503613261668,50.45467278516367,True
admd2.0,60,2,1048,0,0.9842625108728847,1.0470511629969952,0.9842625108728847,1.0470511629969952,42.393342663018714,True
admd2.0,60,2,1048,1,0.9899554796084651,1.047199175644325,0.9899554796084651,1.047199175644325,37.8536433921834,True
admd2.0,60,2,1048,2,0.9940762032886263,1.0473021335789234,0.9940762032886263,1.0473021335789234,34.1031253994563,True
admd2.0,60,2,1048,3,0.9993185929924454,1.0460417846704004,0.9963100478731132,1.0460417846704004,29.72439649868678,True
admd2.0,60,2,1048,4,0.9956113695551077,1.0418337296421905,0.9945245358856097,1.0418337296421905,30.989600361735864,True
admd2.0,60,2,1048,5,0.9898675713295071,1.0378366449265668,0.9898675713295071,1.0378366449265668,34.62506305900376,True
admd2.0,60,2,1048,6,0.9854751130677917,1.0351184351715104,0.9854751130677917,1.0351184351715104,37.64674056330227,True
admd2.0,60,2,1048,7,0.9854899102333021,1.0456498281451474,0.9844327796673079,1.0456498281451474,46.536240428705334,True
admd2.0,60,2,1048,8,0.9846829969314256,1.048855438013153,0.9784720980773085,1.048855438013153,55.82712708763826,True
admd2.0,60,2,1048,9,0.9953167487391913,1.0493683951807564,0.983099154169682,1.0493683951807564,47.666485657399264,True
admd2.0,60,2,1048,10,0.9957611921817031,1.0398087946472776,0.9866310626095243,1.0398087946472776,41.882700890501155,True
admd2.0,60,2,1048,11,0.9966907467411821,1.0412880631559656,0.9871679384774765,1.0412880631559656,41.0961566746885,True
admd2.0,60,2,1048,12,0.9916040121286901,1.037808768924239,0.9878854658521803,1.037808768924239,40.941032497843295,True
admd2.0,60,2,1048,13,0.9925273310956563,1.038619881763114,0.9884188170302958,1.038619881763114,40.16634968282658,True
admd2.0,60,2,1048,14,0.9934487623597194,1.0394276720126414,0.9889508991562134,1.0394276720126414,39.39513026074164,True
admd2.0,60,2,1048,15,0.9833736540847037,1.0397772272251875,0.9807026634232301,1.0397772272251875,53.06814012446269,True
admd2.0,60,2,1048,16,0.9781287608335167,1.0475833746252434,0.9712031529390761,1.0475833746252434,70.92738326627833,True
admd2.0,60,2,1048,17,0.9736688216870403,1.0615121505495937,0.9545263650526932,1.0642605461960173,102.94157785473482,True
admd2.0,60,2,1048,18,0.9694280349285992,1.0607193618785373,0.9532346355488726,1.0635343826962818,110.16714924738666,True
admd2.0,60,2,1048,19,0.9758909183534848,1.062639836857881,0.955854956068392,1.0653117852586271,105.74005403062124,True
admd2.0,60,2,1048,20,0.9852535886467165,1.0568602522643031,0.9646991635935952,1.0590100720974391,90.39103128457083,True
admd2.0,60,2,1048,21,0.9930518006383334,1.0508071090917102,0.9728122006251988,1.0524024835774075,75.56801742304363,True
admd2.0,60,2,1048,22,0.9923240562339792,1.0385649920701905,0.9798862944605539,1.0388564599619539,61.93637410430998,True
admd2.0,60,2,1048,23,0.9935691072216207,1.0362448740041597,0.9860543331823646,1.0362448740041597,50.449951778113345,True
admd2.0,60,3,1048,0,0.9838400418618188,1.0474964230936141,0.9838400418618188,1.0474964230936141,42.40789176894933,True
admd2.0,60,3,1048,1,0.9894149003609033,1.046254685065711,0.9894149003609033,1.046254685065711,37.85414034133842,True
admd2.0,60,3,1048,2,0.9936478331664605,1.0475919287229138,0.9936478331664605,1.0475919287229138,34.10367654758168,True
admd2.0,60,3,1048,3,0.9990022237792372,1.0454919493486732,0.9962725743756027,1.0454919493486732,29.724633769147285,True
admd2.0,60,3,1048,4,0.995399401906178,1.0419794745766988,0.9944989911034888,1.0419794745766988,30.98983046007613,True
admd2.0,60,3,1048,5,0.9896529670033539,1.037981077275784,0.9896529670033539,1.037981077275784,34.625409239908265,True
admd2.0,60,3,1048,6,0.9852582859388885,1.034740851536373,0.9852582859388885,1.034740851536373,37.64716260798058,True
admd2.0,60,3,1048,7,0.9852689478804321,1.045788793211085,0.9844017453013139,1.045788793211085,46.53690225662921,True
admd2.0,60,3,1048,8,0.9843576895592561,1.0484603987937682,0.9784379597573878,1.0484603987937682,55.8280322997896,True
admd2.0,60,3,1048,9,0.9952072183667896,1.0491773874304162,0.9830836115005135,1.0491773874304162,47.666828167575595,True
admd2.0,60,3,1048,10,0.9956870416639886,1.0396217988414242,0.9866165229172199,1.0396217988414242,41.88296628688048,True
admd2.0,60,3,1048,11,0.9966168244304601,1.0411015006122621,0.9871535347521105,1.0411015006122621,41.09641229894837,True
admd2.0,60,3,1048,12,0.9914553964581293,1.037948959148136,0.9878565743333225,1.037948959148136,40.941554203386424,True
admd2.0,60,3,1048,13,0.9923791691024383,1.0387603477061285,0.9883901984730855,1.0387603477061285,40.166841326538865,True
admd2.0,60,3,1048,14,0.9933010629565313,1.039568392339056,0.9889225568125949,1.039568392339056,39.39559679894041,True
admd2.0,60,3,1048,15,0.9830368342993159,1.0399806019249411,0.980652830719511,1.0399806019249411,53.069423386695654,True
admd2.0,60,3,1048,16,0.9771058863069028,1.0463401329515452,0.9710792965732628,1.0463401329515452,70.93200081877072,True
admd2.0,60,3,1048,17,0.9711117603276193,1.0614936445023277,0.9541599095448984,1.0641457999172041,102.96365040221367,True
admd2.0,60,3,1048,18,0.9656400946875346,1.0606742209917852,0.9526600336268598,1.0633501830437169,110.21183434753085,True
admd2.0,60,3,1048,19,0.9725438544188036,1.0626296740787298,0.9553883072914634,1.0651530793934365,105.81913424006575,True
admd2.0,60,3,1048,20,0.9823939677878555,1.0568612971553124,0.9643056172592179,1.0588934520040785,90.42117081203273,True
admd2.0,60,3,1048,21,0.990855884524785,1.050834405512654,0.9725472398870328,1.0523316789592398,75.57729351254312,True
admd2.0,60,3,1048,22,0.9906788596347103,1.0378183902025555,0.9797058718316058,1.0388157067744748,61.94145779794396,True
admd2.0,60,3,1048,23,0.9929554496213845,1.0347126412989984,0.985926273331349,1.0347126412989984,50.4526889967932,True
admd2.0,60,4,1048,0,0.9842799397712151,1.0469871314942563,0.9842799397712151,1.0469871314942563,42.40667259330161,True
admd2.0,60,4,1048,1,0.9897735461524363,1.0466967170662353,0.9897735461524363,1.0466967170662353,37.85326987019041,True
admd2.0,60,4,1048,2,0.9939292897801651,1.0472579713476404,0.9939292897801651,1.0472579713476404,34.10311523324308,True
admd2.0,60,4,1048,3,0.9992085513801953,1.045742841147841,0.9963065372402342,1.045742841147841,29.72434628456561,True
admd2.0,60,4,1048,4,0.9955380218133302,1.0418139613230828,0.9945221234150107,1.0418139613230828,30.989585260160094,True
admd2.0,60,4,1048,5,0.9897942268722982,1.0378145550497337,0.9897942268722982,1.0378145550497337,34.625068763061854,True
admd2.0,60,4,1048,6,0.9854017838664944,1.0349169027016634,0.9854017838664944,1.0349169027016634,37.64675003100452,True
admd2.0,60,4,1048,7,0.9854172112975875,1.0456209794730458,0.9844299053249985,1.0456209794730458,46.536269265125085,True
admd2.0,60,4,1048,8,0.9845318625029545,1.0486523666743979,0.9784689513020193,1.0486523666743979,55.82715892681249,True
admd2.0,60,4,1048,9,0.9952808697295009,1.0492683680042343,0.983097711473945,1.0492683680042343,47.666498762750706,True
admd2.0,60,4,1048,10,0.9957283578152866,1.0397096376366468,0.9866297193179635,1.0397096376366468,41.8827107281973,True
admd2.0,60,4,1048,11,0.9966579261348499,1.0411889686344253,0.9871666020981605,1.0411889686344253,41.09616401147112,True
admd2.0,60,4,1048,12,0.9915379451171775,1.0377837470754616,0.9878828125596976,1.0377837470754616,40.941060887878386,True
admd2.0,60,4,1048,13,0.9924613034119636,1.0385953451102834,0.9884161827493224,1.0385953451102834,40.166368551425826,True
admd2.0,60,4,1048,14,0.9933827769436073,1.0394035991798518,0.988948284945084,1.0394035991798518,39.39514564879049,True
admd2.0,60,4,1048,15,0.9832651000152453,1.0397288730366867,0.9806981720254981,1.0397288730366867,53.068213843873096,True
admd2.0,60,4,1048,16,0.9776728791232552,1.0469683612021328,0.9711925899731388,1.0469683612021328,70.92755308709928,True
admd2.0,60,4,1048,17,0.9725933890115048,1.0613826590738227,0.9544924034210462,1.0641407325225927,102.94206142225943,True
admd2.0,60,4,1048,18,0.9678860246102544,1.0605053543113978,0.9531881863223046,1.0633397687182276,110.16573990014513,True
admd2.0,60,4,1048,19,0.9745901987522203,1.0624796632606497,0.9558538873244007,1.0651479388019423,105.78637884451486,True
admd2.0,60,4,1048,20,0.9839999276151633,1.0567383110622364,0.9646478265312708,1.0588916659203114,90.40245738110532,True
admd2.0,60,4,1048,21,0.9920737978974303,1.0507316905153135,0.9727903169314629,1.0523281582504898,75.56844753054506,True
admd2.0,60,4,1048,22,0.9915698041282276,1.0377407940954573,0.9798710979501232,1.0388144756827558,61.93667166607825,True
admd2.0,60,4,1048,23,0.993305185064474,1.0354461096067753,0.9860434303296545,1.0354461096067753,50.4501180079285,True
admd2.0,60,5,1048,0,0.9837282548715662,1.0455174220080068,0.9837282548715662,1.0455174220080068,42.405985004229365,True
admd2.0,60,5,1048,1,0.9892824472109855,1.0461313161100325,0.9892824472109855,1.0461313161100325,37.85490667043047,True
admd2.0,60,5,1048,2,0.9936071286000281,1.0452421754441794,0.9936071286000281,1.0452421754441794,34.09667188758844,True
admd2.0,60,5,1048,3,0.9989337619365457,1.0454311572917927,0.9962409064031199,1.0454311572917927,29.724801627180497,True
admd2.0,60,5,1048,4,0.9953528147443639,1.0423636198355513,0.9944773673227003,1.0423636198355513,30.989972245819896,True
admd2.0,60,5,1048,5,0.9896031370311913,1.0383693673250385,0.9896031370311913,1.0383693673250385,34.625691473301785,True
admd2.0,60,5,1048,6,0.985205841434425,1.0349909870631624,0.985205841434425,1.0349909870631624,37.64753646001528,True
admd2.0,60,5,1048,7,0.9852095238065507,1.0461880498026015,0.9843730967910197,1.0461880498026015,46.53756861115714,True
admd2.0,60,5,1048,8,0.9843465512525487,1.0483946469500385,0.9784053638156535,1.0483946469500385,55.82906095955806,True
admd2.0,60,5,1048,9,0.9951774929756867,1.0491490344421828,0.9830692999571184,1.0491490344421828,47.66720419990386,True
admd2.0,60,5,1048,10,0.9956788734264229,1.0395962296125707,0.986603462269949,1.0395962296125707,41.88324294369379,True
admd2.0,60,5,1048,11,0.9966089318276112,1.0410763401680234,0.987140657997474,1.0410763401680234,41.096671768266454,True
admd2.0,60,5,1048,12,0.9914395402638789,1.0383374903009985,0.9878306137387186,1.0383374903009985,40.942044737510265,True
admd2.0,60,5,1048,13,0.992363831844843,1.03914803685258,0.9883645905234699,1.03914803685258,40.16730803664589,True
admd2.0,60,5,1048,14,0.9932862474348111,1.039955251766168,0.9888973022373465,1.039955251766168,39.39603476280337,True
admd2.0,60,5,1048,15,0.9829396977969647,1.0405832897301996,0.980605427156353,1.0405832897301996,53.07077393823746,True
admd2.0,60,5,1048,16,0.9770313208956138,1.0463379538165218,0.9709594612056676,1.0463379538165218,70.93661607727047,True
admd2.0,60,5,1048,17,0.9706963450007936,1.0624172098049398,0.9537599497031632,1.0646921885373035,102.99794518049069,True
admd2.0,60,5,1048,18,0.9714466570323448,1.06786607111114,0.9520539653427083,1.070040875591602,110.58658877165826,True
admd2.0,60,5,1048,19,0.9782311865162352,1.0696869957537263,0.9547997879824979,1.0717566785233197,106.14771760049044,True
admd2.0,60,5,1048,20,0.9821747390178645,1.0577043940440405,0.9639066844034558,1.0593410463554525,90.44494762390856,True
admd2.0,60,5,1048,21,0.9908520862389564,1.051420899027453,0.9722812253534651,1.052627817606579,75.59984533000828,True
admd2.0,60,5,1048,22,0.9905808813048337,1.0393056578100586,0.9795187965573536,1.0393056578100586,61.950215673938885,True
admd2.0,60,5,1048,23,0.9928630364568191,1.0352962892827662,0.985802751057081,1.0352962892827662,50.455261984543114,True
admd2.0,70,1,1223,0,0.9825792571681169,1.0472194306336993,0.9825792571681169,1.0472194306336993,43.95611064584948,True
admd2.0,70,1,1223,1,0.9885904738323554,1.0456376982850066,0.9885904738323554,1.0456376982850066,39.14781675342857,True
admd2.0,70,1,1223,2,0.9930085835737691,1.0474204223382357,0.9930085835737691,1.0474204223382357,35.132328436253914,True
admd2.0,70,1,1223,3,0.9985391930886099,1.0451623234473506,0.9961389806903426,1.0451623234473506,30.488854023220036,True
admd2.0,70,1,1223,4,0.9950877503439565,1.0418938509451214,0.9944083452094953,1.0418938509451214,31.502596499139145,True
admd2.0,70,1,1223,5,0.9893333365687578,1.0378948794071239,0.9893333365687578,1.0378948794071239,35.1415259668366,True
admd2.0,70,1,1223,6,0.984930673084873,1.0345136159228778,0.984930673084873,1.0345136159228778,38.16448611653317,True
admd2.0,70,1,1223,7,0.9849234229145281,1.045702825102157,0.9842902406253591,1.045702825102157,47.056342078653934,True
admd2.0,70,1,1223,8,0.9840659063600732,1.0481685682841864,0.978314607512748,1.0481685682841864,56.34902677385735,True
admd2.0,70,1,1223,9,0.995035059471986,1.0490448372330943,0.9830278743967931,1.0490448372330943,47.925881775794686,True
admd2.0,70,1,1223,10,0.9955898661166682,1.0394979688043806,0.9865645485009862,1.0394979688043806,42.1415766367784,True
admd2.0,70,1,1223,11,0.9965203886275502,1.0409786659020333,0.9871020863677753,1.0409786659020333,41.354960675072235,True
admd2.0,70,1,1223,12,0.9912617000527274,1.0378623125249664,0.9877529966558345,1.0378623125249664,41.459574418561274,True
admd2.0,70,1,1223,13,0.9921869585246499,1.038673796359309,0.9882876708739577,1.038673796359309,40.68466998111667,True
admd2.0,70,1,1223,14,0.9931103241491382,1.03948190634969,0.9888210763535535,1.03948190634969,39.913207091543946,True
admd2.0,70,1,1223,15,0.9824969455096415,1.039850378929111,0.9804721907661833,1.039850378929111,53.85184936208313,True
admd2.0,70,1,1223,16,0.9761127326464324,1.045329851148348,0.9706414803960776,1.045329851148348,72.52125717415167,True
admd2.0,70,1,1223,17,0.9684070663129768,1.0610885920752504,0.9528533568938747,1.0636818064259153,106.8754797092921,True
admd2.0,70,1,1223,18,0.967703410867463,1.066127909184213,0.95061082491025,1.0686938479713373,116.1521402294256,True
admd2.0,70,1,1223,19,0.974974220542596,1.0679006089288183,0.9534940619336633,1.0703842122571692,111.41642169172322,True
admd2.0,70,1,1223,20,0.9858945309541048,1.0623752272936229,0.9629404135780261,1.0643778537270487,95.02248839665239,True
admd2.0,70,1,1223,21,0.9886680353059305,1.0504997111745706,0.9715495338330706,1.051970787322057,79.08079912701125,True
admd2.0,70,1,1223,22,0.9926174656588658,1.0436814195730668,0.9789810821221783,1.0446766895891355,64.73181493067098,True
admd2.0,70,1,1223,23,0.9917176734207381,1.0336015629421669,0.9854448858151251,1.0336015629421669,52.55492989177449,True
admd2.0,70,2,1223,0,0.983310597173669,1.0467025907795902,0.983310597173669,1.0467025907795902,43.969291747242046,True
admd2.0,70,2,1223,1,0.9889959584403164,1.0455342874069093,0.9889959584403164,1.0455342874069093,39.1476245981029,True
admd2.0,70,2,1223,2,0.9933269166720821,1.0470779742218925,0.9933269166720821,1.0470779742218925,35.132535757016335,True
admd2.0,70,2,1223,3,0.9987740777342503,1.04509342274207,0.9961748343850682,1.04509342274207,30.488993761154934,True
admd2.0,70,2,1223,4,0.9952450392778914,1.0417261055265306,0.994432477793901,1.0417261055265306,31.502709094389445,True
admd2.0,70,2,1223,5,0.9894927097052597,1.0377248160564894,0.9894927097052597,1.0377248160564894,35.14165076916825,True
admd2.0,70,2,1223,6,0.9850917821638755,1.034454999902891,0.9850917821638755,1.034454999902891,38.16460628789778,True
admd2.0,70,2,1223,7,0.9850877715735645,1.045526196948916,0.9843178156628146,1.045526196948916,47.056428002732844,True
admd2.0,70,2,1223,8,0.9840757050385786,1.048133637436763,0.9783441068996748,1.048133637436763,56.34905516443341,True
admd2.0,70,2,1223,9,0.9951166258853155,1.0490256770000856,0.9830416411873206,1.0490256770000856,47.92592300125628,True
admd2.0,70,2,1223,10,0.9956120192021246,1.039477490586153,0.9865777022123376,1.039477490586153,42.141635400508115,True
admd2.0,70,2,1223,11,0.9965424153418339,1.040958071338627,0.9871151561668264,1.040958071338627,41.35501769330326,True
admd2.0,70,2,1223,12,0.9913058781567734,1.0376915051798246,0.9877792758431052,1.0376915051798246,41.45968886478673,True
admd2.0,70,2,1223,13,0.9922308854787208,1.038503484732376,0.9883137803153318,1.038503484732376,40.68477991658772,True
admd2.0,70,2,1223,14,0.9931539900050543,1.0393120653721613,0.9888470124040126,1.0393120653721613,39.9133182697652,True
admd2.0,70,2,1223,15,0.9826595497870213,1.0395825883921872,0.9805157954514582,1.0395825883921872,53.85192547610681,True
admd2.0,70,2,1223,16,0.976162709239306,1.045246827925239,0.9707414943591122,1.045246827925239,72.52085001228497,True
admd2.0,70,2,1223,17,0.9685096247615382,1.0608866888290558,0.9531444299361921,1.0636196983686539,106.86551378778339,True
admd2.0,70,2,1223,18,0.9680856161083711,1.0655726911273367,0.9510567821326185,1.0683855355329497,116.13248094098059,True
admd2.0,70,2,1223,19,0.9751431260013167,1.0675889438977175,0.9539044600559194,1.0702539738775627,111.37058783346447,True
admd2.0,70,2,1223,20,0.9860801985629026,1.0619919466384424,0.9632493343390355,1.0641684628421466,94.99388157204133,True
admd2.0,70,2,1223,21,0.9887957653521932,1.0501853345593366,0.9717771443497153,1.0518112792881218,79.07935933628394,True
admd2.0,70,2,1223,22,0.9928592370714019,1.0434774341606599,0.979132708833781,1.0445712579739317,64.72323761509006,True
admd2.0,70,2,1223,23,0.9922868006730995,1.0334655442716236,0.9855657516354059,1.0334655442716236,52.55223056177335,True
admd2.0,70,3,1223,0,0.9829340823467883,1.04731016212765,0.9829340823467883,1.04731016212765,43.95839083211836,True
admd2.0,70,3,1223,1,0.988885162585908,1.0454387693204537,0.988885162585908,1.0454387693204537,39.149260803507964,True
admd2.0,70,3,1223,2,0.9932435678690315,1.0474773706371459,0.9932435678690315,1.0474773706371459,35.13320521280207,True
admd2.0,70,3,1223,3,0.9987148233208158,1.045046353309995,0.9961233202688852,1.045046353309995,30.48925231025657,True
admd2.0,70,3,1223,4,0.9952049381824868,1.0419217419430984,0.9943978208614331,1.0419217419430984,31.502977296306646,True
admd2.0,70,3,1223,5,0.9894508557252965,1.0379235520774377,0.9894508557252965,1.0379235520774377,35.14208796976976,True
admd2.0,70,3,1223,6,0.9850484693100153,1.034542806796049,0.9850484693100153,1.034542806796049,38.16518500269791,True
admd2.0,70,3,1223,7,0.9850400935256354,1.0457335916005783,0.9842791486122731,1.0457335916005783,47.057363515932586,True
admd2.0,70,3,1223,8,0.9840262899680126,1.0480843552812455,0.9783031761222983,1.0480843552812455,56.350371475029156,True
admd2.0,70,3,1223,9,0.995092539009826,1.0490039923967682,0.9830223085204737,1.0490039923967682,47.926411534077765,True
admd2.0,70,3,1223,10,0.9955895553022234,1.0394579609315062,0.9865590942559743,1.0394579609315062,42.142008802325726,True
admd2.0,70,3,1223,11,0.996520102126896,1.0409387727679047,0.9870966469002643,1.0409387727679047,41.35537761840261,True
admd2.0,70,3,1223,12,0.9912612576584434,1.0378919583617472,0.9877421199042612,1.0378919583617472,41.46039080173886,True
admd2.0,70,3,1223,13,0.9921865655282748,1.03870328509582,0.9882768245628789,1.03870328509582,40.68545274284191,True
admd2.0,70,3,1223,14,0.9931099780003282,1.0395112366141024,0.9888102595614378,1.0395112366141024,39.913955573318916,True
admd2.0,70,3,1223,15,0.9825879291271602,1.0398982404012396,0.9804552330730096,1.0398982404012396,53.853729962593285,True
admd2.0,70,3,1223,16,0.9759866324856864,1.045067177529165,0.9706056762776862,1.045067177529165,72.52662427127268,True
admd2.0,70,3,1223,17,0.9680756173075774,1.06117936275489,0.9527608904685881,1.063764340266705,106.89557962131254,True
admd2.0,70,3,1223,18,0.9672171509799942,1.0662614075481618,0.9504766563688568,1.0688149753242784,116.18456440114542,True
admd2.0,70,3,1223,19,0.9745227739042297,1.0680260304657838,0.9533687210283803,1.07049839279585,111.44510280767376,True
admd2.0,70,3,1223,20,0.9855456884139874,1.0624749645977316,0.9628413709880901,1.06446945226358,95.04110481919594,True
admd2.0,70,3,1223,21,0.9883971316067098,1.0505715051546531,0.9714724507687161,1.0520379392545802,79.09284052717271,True
admd2.0,70,3,1223,22,0.9926094418868264,1.0437318199203791,0.9789242916728178,1.0447246651211053,64.7387902033641,True
admd2.0,70,3,1223,23,0.9920907184638991,1.0334944960834345,0.985405628111298,1.0334944960834345,52.55617494350395,True
admd2.0,70,4,1223,0,0.9825589599759761,1.0475727263971164,0.9825589599759761,1.0475727263971164,43.961180083292355,True
admd2.0,70,4,1223,1,0.9885780992263563,1.0453266694199406,0.9885780992263563,1.0453266694199406,39.151068801711396,True
admd2.0,70,4,1223,2,0.9930015163960133,1.0476472102534773,0.9930015163960133,1.0476472102534773,35.13432049575083,True
admd2.0,70,4,1223,3,0.9985363990953781,1.0449851314825638,0.9960914933383193,1.0449851314825638,30.489794466628855,True
admd2.0,70,4,1223,4,0.9950853743492553,1.0420054862459038,0.9943764004837781,1.0420054862459038,31.503444527657614,True
admd2.0,70,4,1223,5,0.9893296035771221,1.0380082281433385,0.9893296035771221,1.0380082281433385,35.142751737630256,True
admd2.0,70,4,1223,6,0.9849258107468537,1.0346282760010947,0.9849258107468537,1.0346282760010947,38.16599072565703,True
admd2.0,70,4,1223,7,0.9849125313508241,1.0458228439844228,0.9842538841873507,1.0458228439844228,47.058791689652125,True
admd2.0,70,4,1223,8,0.9839842882708338,1.0480325311728165,0.9782770544989146,1.0480325311728165,56.35193279795797,True
admd2.0,70,4,1223,9,0.9950302750833439,1.0489801182779395,0.9830101217589804,1.0489801182779395,47.927019058738644,True
admd2.0,70,4,1223,10,0.9955681398011784,1.0394353346154992,0.986547440987638,1.0394353346154992,42.14250240743137,True
admd2.0,70,4,1223,11,0.9964987955931172,1.0409162925117657,0.9870850668784819,1.0409162925117657,41.35585045035424,True
admd2.0,70,4,1223,12,0.9912185181926473,1.0379773001500516,0.9877188422728873,1.0379773001500516,41.46132681391936,True
admd2.0,70,4,1223,13,0.9921440521032847,1.0387884348511245,0.9882536963051819,1.0387884348511245,40.686353547900545,True
admd2.0,70,4,1223,14,0.9930676953788923,1.0395961939932503,0.9887872827072017,1.0395961939932503,39.91481912226401,True
admd2.0,70,4,1223,15,0.9824797513509219,1.040030784337642,0.9804166231093856,1.040030784337642,53.85592092748373,True
admd2.0,70,4,1223,16,0.975841524579864,1.0452126964108792,0.9705172309226895,1.0452126964108792,72.53323245123723,True
admd2.0,70,4,1223,17,0.9676379264762143,1.0615336971413465,0.9525039289874098,1.0639616767532014,106.92020761489952,True
admd2.0,70,4,1223,18,0.9665847775103001,1.0667452091837786,0.9500832013334831,1.0690937529134368,116.25637127988276,True
admd2.0,70,4,1223,19,0.9738963391796286,1.0684852120966144,0.9530075667441148,1.0707504251730446,111.49167275086565,True
admd2.0,70,4,1223,20,0.985073727890779,1.0628597677956257,0.9625656844219463,1.064678313602384,95.06908898087286,True
admd2.0,70,4,1223,21,0.9880628945059898,1.0508791456471125,0.9712707574301942,1.0522013464712472,79.1082642725734,True
admd2.0,70,4,1223,22,0.9923598062083187,1.0439575814534237,0.9787836528876257,1.0448407691302612,64.74824571611413,True
admd2.0,70,4,1223,23,0.9916889347743906,1.0344057826954531,0.9853020081881914,1.0344057826954531,52.57288350604816,True
admd2.0,70,5,1223,0,0.9828261954378306,1.047763867256138,0.9828261954378306,1.047763867256138,43.95950773862649,True
admd2.0,70,5,1223,1,0.988800519036596,1.045370211660332,0.988800519036596,1.045370211660332,39.150013066112855,True
admd2.0,70,5,1223,2,0.993179215671852,1.047770515844955,0.993179215671852,1.047770515844955,35.133702998853245,True
admd2.0,70,5,1223,3,0.998669510754091,1.0450120307166342,0.9961068216524565,1.0450120307166342,30.489544312181607,True
admd2.0,70,5,1223,4,0.9951741596543103,1.0420660840145972,0.9943866201697049,1.0420660840145972,31.503197716524888,True
admd2.0,70,5,1223,5,0.9894184797737241,1.0380695159461133,0.9894184797737241,1.0380695159461133,35.142370533133125,True
admd2.0,70,5,1223,6,0.9850147868448264,1.034690172943183,0.9850147868448264,1.034690172943183,38.16550967050941,True
admd2.0,70,5,1223,7,0.9850009453749273,1.0458860553346498,0.9842640681665021,1.0458860553346498,47.05808333802081,True
admd2.0,70,5,1223,8,0.9839775492925034,1.0480489167262859,0.9782872307505626,1.0480489167262859,56.35100252633517,True
admd2.0,70,5,1223,9,0.9950741179987266,1.0489885599549886,0.9830152247917142,1.0489885599549886,47.92665319074448,True
admd2.0,70,5,1223,10,0.99558253177965,1.0394439233239923,0.9865525413576326,1.0394439233239923,42.14220467179467,True
admd2.0,70,5,1223,11,0.9965131972830974,1.0409249182951352,0.9870901709143518,1.0409249182951352,41.355563562339164,True
admd2.0,70,5,1223,12,0.9912473367555881,1.0380382582293273,0.9877290348011228,1.0380382582293273,41.46076149789481,True
admd2.0,70,5,1223,13,0.9921728816829265,1.0388492550669886,0.9882638924643022,1.0388492550669886,40.68581192030656,True
admd2.0,70,5,1223,14,0.9930965369842386,1.0396568788385472,0.9887974824468925,1.0396568788385472,39.91430137736878,True
admd2.0,70,5,1223,15,0.9825157782964917,1.0401256563339616,0.980431842650315,1.0401256563339616,53.85461505966225,True
admd2.0,70,5,1223,16,0.9758190066711425,1.045407339636894,0.9705476555897288,1.045407339636894,72.52945671052113,True
admd2.0,70,5,1223,17,0.9675775573255089,1.0615641269912701,0.9525746543312147,1.0639858160644455,106.90772688227926,True
admd2.0,70,5,1223,18,0.9664982286286716,1.0668020648747745,0.9501841264202004,1.0691389487877176,116.23300607551292,True
admd2.0,70,5,1223,19,0.9738185637391806,1.068536066550464,0.9531034635500366,1.0707907021134793,111.47036803549128,True
admd2.0,70,5,1223,20,0.9850146413650621,1.0628890738439534,0.962646879662468,1.064701368278543,95.0565097249881,True
admd2.0,70,5,1223,21,0.988015154486324,1.0508980219690118,0.9713362000294038,1.0522156696891087,79.09963975109393,True
admd2.0,70,5,1223,22,0.9925008081470308,1.0439677600132844,0.9788341622576381,1.044848196732698,64.74310264101106,True
admd2.0,70,5,1223,23,0.9920356412088668,1.0345048302643038,0.9853491152830783,1.0345048302643038,52.56543855111991,True
admd2.0,80,1,1398,0,0.9882776735729197,1.0461171263482747,0.9882776735729197,1.0461171263482747,45.6416594402115,True
admd2.0,80,1,1398,1,0.9941833073470235,1.0447588443160203,0.9917603146432667,1.0447588443160203,40.53230467652273,True
admd2.0,80,1,1398,2,0.9971240906562339,1.0467243604114473,0.993621274637663,1.0467243604114473,36.246910680149334,True
admd2.0,80,1,1398,3,0.9980118926750488,1.0378649767932118,0.995855331682721,1.0378649767932118,31.210040209296555,True
admd2.0,80,1,1398,4,0.9946777855198874,1.0347969083180286,0.9941780678109813,1.0347969083180286,31.976827360483032,True
admd2.0,80,1,1398,5,0.9891176866002468,1.0376200734444294,0.9891176866002468,1.0376200734444294,35.65327608175686,True
admd2.0,80,1,1398,6,0.9846917032934029,1.0342424532979808,0.9846917032934029,1.0342424532979808,38.6833568512121,True
admd2.0,80,1,1398,7,0.9846646728104986,1.0454284004647125,0.9841672217233067,1.0454284004647125,47.57811713538208,True
admd2.0,80,1,1398,8,0.9834730283332941,1.0496160975675015,0.9781792921517183,1.0496160975675015,56.86954513229833,True
admd2.0,80,1,1398,9,0.9949070205710319,1.0488099893369303,0.9829669551132008,1.0488099893369303,48.185899533925884,True
admd2.0,80,1,1398,10,0.9954479560651736,1.0392727747191401,0.986507332069239,1.0392727747191401,42.40100238078187,True
admd2.0,80,1,1398,11,0.9963792173039615,1.040754546381142,0.9870453809922536,1.040754546381142,41.61429925432272,True
admd2.0,80,1,1398,12,0.9972360070019638,1.0420646010624217,0.9876985843401591,1.0420646010624217,42.12133046829706,True
admd2.0,80,1,1398,13,0.9919045451941805,1.0384017435015014,0.9881744899431725,1.0384017435015014,41.204108964118895,True
admd2.0,80,1,1398,14,0.9928293430393639,1.0392128111934706,0.9887087537918089,1.0392128111934706,40.432419326934536,True
admd2.0,80,1,1398,15,0.9819576782829422,1.0394318186511364,0.980275340641421,1.0394318186511364,54.63831228538707,True
admd2.0,80,1,1398,16,0.9807082404487597,1.0504638401745074,0.9701059635310948,1.0504638401745074,74.30385367698942,True
admd2.0,80,1,1398,17,0.9702633730628536,1.066320600587103,0.9513115315932698,1.0689432501968235,111.040631350327,True
admd2.0,80,1,1398,18,0.9610964639488178,1.0648793834565335,0.9482502621970141,1.067497670604917,121.81107380376076,True
admd2.0,80,1,1398,19,0.9688533674301006,1.066968952623653,0.9513608833164181,1.0694470501552573,116.7937771520044,True
admd2.0,80,1,1398,20,0.9812843766868166,1.0615214546744927,0.9613648295698894,1.0635551873446818,99.46495406445608,True
admd2.0,80,1,1398,21,0.9855297584824462,1.0498823517388538,0.97053353268943,1.0513757063560083,82.63937277446135,True
admd2.0,80,1,1398,22,0.9932809875405991,1.043253268453628,0.9783441309074197,1.044268424630567,67.42680216256962,True
admd2.0,80,1,1398,23,0.996994611191058,1.0388269063006728,0.9849913797618922,1.0388269063006728,54.80249020382847,True
admd2.0,80,2,1398,0,0.9879875788769867,1.0465378520349722,0.9879875788769867,1.0465378520349722,45.64552110621017,True
admd2.0,80,2,1398,1,0.9939584723611723,1.0445021355947555,0.9917214295856158,1.0445021355947555,40.53317836012856,True
admd2.0,80,2,1398,2,0.9972500601273425,1.0469949185362875,0.993592363342161,1.0469949185362875,36.24742545771982,True
admd2.0,80,2,1398,3,0.9978830625808581,1.0377212706912522,0.9958354186155413,1.0377212706912522,31.210257788818325,True
admd2.0,80,2,1398,4,0.9945915251892166,1.0349314293082221,0.9941645921003196,1.0349314293082221,31.977031819730712,True
admd2.0,80,2,1398,5,0.989029604805493,1.0377562530076947,0.989029604805493,1.0377562530076947,35.65358776749766,True
admd2.0,80,2,1398,6,0.9846021238900483,1.0343795472831057,0.9846021238900483,1.0343795472831057,38.68375226061005,True
admd2.0,80,2,1398,7,0.9845719002828155,1.0455666707281566,0.9841500130331858,1.0455666707281566,47.57874786187106,True
admd2.0,80,2,1398,8,0.9834939211077359,1.0475592353521452,0.978161959335977,1.0475592353521452,56.87350137519208,True
admd2.0,80,2,1398,9,0.99486114855725,1.0487568207745224,0.9829584297354523,1.0487568207745224,48.18622341135554,True
admd2.0,80,2,1398,10,0.9954327934364768,1.0392218984425534,0.9864994744298212,1.0392218984425534,42.40124768489305,True
admd2.0,80,2,1398,11,0.9963641999666865,1.0407039252876082,0.9870376161855239,1.0407039252876082,41.61453657852775,True
admd2.0,80,2,1398,12,0.9972057349299797,1.0419630778171334,0.987682916225498,1.0419630778171334,42.12179158015379,True
admd2.0,80,2,1398,13,0.9918744195795217,1.0385367888654387,0.9881589296793887,1.0385367888654387,41.204564564829184,True
admd2.0,80,2,1398,14,0.9927994970150334,1.039347682141796,0.9886933764513395,1.039347682141796,40.43285294750496,True
admd2.0,80,2,1398,15,0.9817902176811448,1.0396390964882998,0.9802470631059935,1.0396390964882998,54.63954061907851,True
admd2.0,80,2,1398,16,0.9804630671574656,1.0438189217945644,0.9700335118160716,1.044694743904953,74.31558912752786,True
admd2.0,80,2,1398,17,0.9694161181011429,1.0664873626834324,0.95112670400115,1.0690071995818309,111.10460300489457,True
admd2.0,80,2,1398,18,0.9597909746214631,1.065108926423737,0.9479492815843988,1.0675878947974964,121.87756466290685,True
admd2.0,80,2,1398,19,0.9676633066373058,1.0671760192858095,0.9510961739081786,1.0695253152896977,116.85704813940765,True
admd2.0,80,2,1398,20,0.9801912042095143,1.061680965746709,0.9611214129316104,1.0636161129305381,99.4860475861747,True
admd2.0,80,2,1398,21,0.9847076273183368,1.0500135232149053,0.9703647792832231,1.051425847915276,82.64940370635809,True
admd2.0,80,2,1398,22,0.9926939417113355,1.0433509313448535,0.978234285656978,1.0443045067252217,67.43210101685304,True
admd2.0,80,2,1398,23,0.9966747045398926,1.038200636048858,0.9849200028830962,1.038200636048858,54.80267861794565,True
admd2.0,80,3,1398,0,0.988152319810673,1.046731816272447,0.988152319810673,1.046731816272447,45.64647958826922,True
admd2.0,80,3,1398,1,0.9940989060970807,1.0447051816809598,0.9917274625166087,1.0447051816809598,40.53382753558764,True
admd2.0,80,3,1398,2,0.9970648006137618,1.0471139523650161,0.9935984092325687,1.0471139523650161,36.247851196563964,True
admd2.0,80,3,1398,3,0.9979713624771867,1.0378454475550831,0.9958409481027057,1.0378454475550831,31.2105280220985,True
admd2.0,80,3,1398,4,0.9946501879373737,1.0349889633007892,0.9941682494082345,1.0349889633007892,31.977227501872356,True
admd2.0,80,3,1398,5,0.9890873547140182,1.0378160143069894,0.9890873547140182,1.0378160143069894,35.653827230240594,True
admd2.0,80,3,1398,6,0.9846590439926959,1.0344407759648966,0.9846590439926959,1.0344407759648966,38.684036535116995,True
admd2.0,80,3,1398,7,0.9846262255778083,1.0456314575659456,0.9841518561252041,1.0456314575659456,47.57914557647211,True
admd2.0,80,3,1398,8,0.9835897139976453,1.0476374447434367,0.9781627832130461,1.0476374447434367,56.87404627451663,True
admd2.0,80,3,1398,9,0.9948880307559818,1.048796393490278,0.9829593962863732,1.048796393490278,48.186433268544995,True
admd2.0,80,3,1398,10,0.9954540979717837,1.0392616060625464,0.9865007575042848,1.0392616060625464,42.40142090899661,True
admd2.0,80,3,1398,11,0.9963855683650829,1.040743724750381,0.9870389457239632,1.040743724750381,41.614701853852736,True
admd2.0,80,3,1398,12,0.9972482509611207,1.0420424063146303,0.9876854119642264,1.0420424063146303,42.122121876806396,True
admd2.0,80,3,1398,13,0.9919173839695353,1.038597800450472,0.9881615299452976,1.038597800450472,41.204871541159775,True
admd2.0,80,3,1398,14,0.9928425894588512,1.039408313773326,0.988696068190816,1.039408313773326,40.433155110271514,True
admd2.0,80,3,1398,15,0.9819352025564452,1.0397399216808503,0.9802485022605832,1.0397399216808503,54.640270554802825,True
admd2.0,80,3,1398,16,0.9807353695730255,1.044039830265131,0.970029065836612,1.0447013516132295,74.31788239746494,True
admd2.0,80,3,1398,17,0.9699843243002895,1.0666319638670534,0.9510820968420127,1.0690666831146862,111.11576741946975,True
admd2.0,80,3,1398,18,0.9605742999952626,1.0653459855369287,0.9478644230291894,1.0676972387365404,121.8970071658019,True
admd2.0,80,3,1398,19,0.9685564710818358,1.0672093592159893,0.951027022018626,1.069471757131349,116.87630086918213,True
admd2.0,80,3,1398,20,0.9808589394203525,1.0618296950521822,0.9610792949354617,1.0636699006630175,99.49686866914499,True
admd2.0,80,3,1398,21,0.9852819531416637,1.0501141490340264,0.9703448560265211,1.051452280618432,82.654938776981,True
admd2.0,80,3,1398,22,0.9931543154567529,1.0434112789365793,0.9782290050890949,1.0443108295155363,67.4351949528619,True
admd2.0,80,3,1398,23,0.9968785962536147,1.0384982873050042,0.98492068235576,1.0384982873050042,54.80571712800453,True
admd2.0,80,4,1398,0,0.9881304706601308,1.0464439033987416,0.9881304706601308,1.0464439033987416,45.64267930245927,True
admd2.0,80,4,1398,1,0.9940650395626514,1.0447558104552368,0.9917226188448705,1.0447558104552368,40.53294717488352,True
admd2.0,80,4,1398,2,0.997059240941805,1.0469316869591647,0.9935925651579098,1.0469316869591647,36.247296018476824,True
admd2.0,80,4,1398,3,0.9979454755112077,1.0378682910115282,0.9958349169382226,1.0378682910115282,31.210241876820803,True
admd2.0,80,4,1398,4,0.9946331484146065,1.0348987076298326,0.9941643462873417,1.0348987076298326,31.97698532016482,True
admd2.0,80,4,1398,5,0.9890717600411646,1.0377242247072211,0.9890717600411646,1.0377242247072211,35.653493266683455,True
admd2.0,80,4,1398,6,0.9846446248991617,1.0343482787520135,0.9846446248991617,1.0343482787520135,38.68362882272855,True
admd2.0,80,4,1398,7,0.9846149743553612,1.0455377948730247,0.98415116105889,1.0455377948730247,47.578535366160885,True
admd2.0,80,4,1398,8,0.9836039704656023,1.0476653540208056,0.9781638381049459,1.0476653540208056,56.87321653819805,True
admd2.0,80,4,1398,9,0.994882284032729,1.0488077546325387,0.9829589542297701,1.0488077546325387,48.18611301805307,True
admd2.0,80,4,1398,10,0.9954591337324549,1.0392716470325571,0.9864997535908814,1.0392716470325571,42.40116616491127,True
admd2.0,80,4,1398,11,0.9963904655573862,1.040753543292441,0.9870378579164278,1.040753543292441,41.614456324960855,True
admd2.0,80,4,1398,12,0.99725831400346,1.042062407550862,0.9876834248331171,1.042062407550862,42.12164216969647,True
admd2.0,80,4,1398,13,0.9919273673496873,1.0385066599557204,0.9881594498546046,1.0385066599557204,41.2044082967542,True
admd2.0,80,4,1398,14,0.9928523081416111,1.0393173864562102,0.9886938256795581,1.0393173864562102,40.432709151811146,True
admd2.0,80,4,1398,15,0.9819557922381976,1.0395983728922358,0.9802496903353023,1.0395983728922358,54.63911867266678,True
admd2.0,80,4,1398,16,0.9808118702567845,1.0441129796261812,0.9700471180540249,1.0447207723918612,74.30949606810722,True
admd2.0,80,4,1398,17,0.9701048375335971,1.066546285015531,0.9511274394333282,1.0690855796195047,111.05891130647701,True
admd2.0,80,4,1398,18,0.9608169457090764,1.0652251402794422,0.9479608399186801,1.0677186037484443,121.84229922623918,True
admd2.0,80,4,1398,19,0.9686120543704583,1.067278019562355,0.9510979365100843,1.0696423514799884,116.8259427090432,True
admd2.0,80,4,1398,20,0.9811385445530747,1.0617659918417,0.9611685744302452,1.0637059888762868,99.48240783607507,True
admd2.0,80,4,1398,21,0.9854558521271687,1.0500680223268728,0.970392413420599,1.051486518524287,82.64625977660742,True
admd2.0,80,4,1398,22,0.9932517019205693,1.0433820250974937,0.978248097901937,1.044342220722221,67.43038328135894,True
admd2.0,80,4,1398,23,0.996790495923543,1.0392600462879675,0.9849238380055866,1.0392600462879675,54.80260298860876,True
admd2.0,80,5,1398,0,0.9880002380600015,1.046359538525769,0.9880002380600015,1.046359538525769,45.64515226485231,True
admd2.0,80,5,1398,1,0.9939702110587414,1.0442871962346316,0.9917363966022917,1.0442871962346316,40.53299144301482,True
admd2.0,80,5,1398,2,0.9973463454627298,1.0468843131147898,0.9936050011541074,1.0468843131147898,36.24735533944726,True
admd2.0,80,5,1398,3,0.997891368716843,1.0375954564707885,0.9958454162492616,1.0375954564707885,31.210264851464327,True
admd2.0,80,5,1398,4,0.9945971087673109,1.0348778073345595,0.9941712034897403,1.0348778073345595,31.977021418678465,True
admd2.0,80,5,1398,5,0.9890349551146275,1.0377006012139576,0.9890349551146275,1.0377006012139576,35.65354127741243,True
admd2.0,80,5,1398,6,0.9846072068877892,1.0343226441018696,0.9846072068877892,1.0343226441018696,38.68367358772183,True
admd2.0,80,5,1398,7,0.9845765473158937,1.045506052382507,0.9841555574173706,1.045506052382507,47.57860432691576,True
admd2.0,80,5,1398,8,0.9834450988518196,1.0474661470701636,0.9781664021779811,1.0474661470701636,56.87328667917354,True
admd2.0,80,5,1398,9,0.9948635872219844,1.0487140455514,0.9829611999291977,1.0487140455514,48.18615127570819,True
admd2.0,80,5,1398,10,0.9954167129095053,1.0391796649127125,0.9865024389921752,1.0391796649127125,42.4011965481768,True
admd2.0,80,5,1398,11,0.9963481582529,1.0406617627610235,0.987040605574676,1.0406617627610235,41.61448798216808,True
admd2.0,80,5,1398,12,0.9971735988480048,1.0418786074868254,0.987688861102299,1.0418786074868254,42.1216925203264,True
admd2.0,80,5,1398,13,0.9918421090894606,1.0384795846444237,0.9881649345189596,1.0384795846444237,41.20447234156127,True
admd2.0,80,5,1398,14,0.9927672656821912,1.039290832637059,0.9886994309643392,1.039290832637059,40.43276550429654,True
admd2.0,80,5,1398,15,0.9817228351588109,1.0395446531711505,0.9802546823427543,1.0395446531711505,54.63923340240612,True
admd2.0,80,5,1398,16,0.9803213946527728,1.0437353197621608,0.9700440441978309,1.0446099334901002,74.31493658821869,True
admd2.0,80,5,1398,17,0.969038119703975,1.0662678701865351,0.9511279647712035,1.0687735075504137,111.10148649500846,True
admd2.0,80,5,1398,18,0.959209001382698,1.0647756981765466,0.9479371673724225,1.067237369597446,121.87231996765023,True
admd2.0,80,5,1398,19,0.9671285258744586,1.0668718302024562,0.9510908912513528,1.0692023569799074,116.85131723728277,True
admd2.0,80,5,1398,20,0.980078810176139,1.0614642002923853,0.9612322226052982,1.0633697062975982,99.49816052780804,True
admd2.0,80,5,1398,21,0.9843930509011942,1.0498377039527855,0.9703851539143361,1.0512328165372002,82.64593189239886,True
admd2.0,80,5,1398,22,0.9924598787121846,1.0432297925577523,0.9782546044545911,1.0441672724521822,67.43064871709237,True
admd2.0,80,5,1398,23,0.9966326408707498,1.0391230018765372,0.9849378259185738,1.0391230018765372,54.80284422395058,True
admd2.0,90,1,1572,0,0.9872544761142261,1.046023220475318,0.9872544761142261,1.046023220475318,47.206141813866104,True
admd2.0,90,1,1572,1,0.9933798423595147,1.0436970190270232,0.9914645015841295,1.0436970190270232,41.82486003605542,True
admd2.0,90,1,1572,2,0.9981163761947073,1.0466545731610288,0.9933994745172484,1.0466545731610288,37.274021685688616,True
admd2.0,90,1,1572,3,0.9975738805925198,1.0386801727905222,0.9957034105444083,1.0386801727905222,31.987441859107825,True
admd2.0,90,1,1572,4,0.9943867257760827,1.035842371479602,0.9940765009917859,1.035842371479602,32.500785369022836,True
admd2.0,90,1,1572,5,0.9888081481562842,1.0375868510062536,0.9888081481562842,1.0375868510062536,36.16784222469161,True
admd2.0,90,1,1572,6,0.9843748913233608,1.0342088754248555,0.9843748913233608,1.0342088754248555,39.199797953087696,True
admd2.0,90,1,1572,7,0.9843264342435034,1.0453945703051717,0.9840392454878343,1.0453945703051717,48.09744140929665,True
admd2.0,90,1,1572,8,0.9830397006855734,1.0495818401124701,0.9780376211384242,1.0495818401124701,57.39126787330594,True
admd2.0,90,1,1572,9,0.9947570108024948,1.04859448375696,0.9829078043401016,1.04859448375696,48.45263920220646,True
admd2.0,90,1,1572,10,0.9953379120909668,1.0390611640792755,0.9864481752774632,1.0390611640792755,42.65916999767931,True
admd2.0,90,1,1572,11,0.9962700337255977,1.0405442411842885,0.9869868240029132,1.0405442411842885,41.87237180466031,True
admd2.0,90,1,1572,12,0.9970159000481623,1.0416419624777058,0.9875801848423105,1.0416419624777058,42.638543880125,True
admd2.0,90,1,1572,13,0.9916857274249425,1.038366859723844,0.9880569403734912,1.038366859723844,41.721225065391955,True
admd2.0,90,1,1572,14,0.9926122593173862,1.0391779480317265,0.9885924058959453,1.0391779480317265,40.94924342911311,True
admd2.0,90,1,1572,15,0.9813148829252338,1.0393803529721928,0.9800666442218731,1.0393803529721928,55.42209787275514,True
admd2.0,90,1,1572,16,0.9795300575340165,1.0504148278838066,0.9696882578730643,1.0504148278838066,75.92803673194737,True
admd2.0,90,1,1572,17,0.9661543392578165,1.065758193459637,0.949695101019691,1.06832738051264,115.03534830551541,True
admd2.0,90,1,1572,18,0.9547690446760358,1.0640506902588003,0.945692741231411,1.0665598040312536,127.66316033614294,True
admd2.0,90,1,1572,19,0.9631725041721989,1.0662012620138885,0.9490803601995622,1.0685854311305885,122.29478788390647,True
admd2.0,90,1,1572,20,0.9833984772779342,1.0669659407917529,0.9597432066157521,1.0689645316300924,104.2380719053376,True
admd2.0,90,1,1572,21,0.988459752588917,1.0554369880447718,0.9692698699716162,1.056929305657734,86.34424809701589,True
admd2.0,90,1,1572,22,0.9909324924737766,1.0429359406069978,0.9775317406743439,1.0439298634565162,70.09816242632381,True
admd2.0,90,1,1572,23,0.9955670520824393,1.038679012573061,0.9844285573688668,1.038679012573061,56.90680773942303,True
admd2.0,90,2,1572,0,0.9872842843376946,1.0458698649112428,0.9872842843376946,1.0458698649112428,47.20550501672428,True
admd2.0,90,2,1572,1,0.9934033317209929,1.0436943792426885,0.9915007404058254,1.0436943792426885,41.82448192804333,True
admd2.0,90,2,1572,2,0.9981343464282862,1.04656020419092,0.9934281072023476,1.04656020419092,37.273814988550825,True
admd2.0,90,2,1572,3,0.9975863844000614,1.0387940962446789,0.9957245701257526,1.0387940962446789,31.987364154554683,True
admd2.0,90,2,1572,4,0.994395260095387,1.0359184903898266,0.9940906500795997,1.0359184903898266,32.50069769898512,True
admd2.0,90,2,1572,5,0.9888172035058782,1.0375397127444699,0.9888172035058782,1.0375397127444699,36.16769326598653,True
admd2.0,90,2,1572,6,0.9843843021727663,1.034160710609275,0.9843843021727663,1.034160710609275,39.19959977447079,True
admd2.0,90,2,1572,7,0.9843371176797738,1.0453432876852657,0.9840540726544277,1.0453432876852657,48.09713235869832,True
admd2.0,90,2,1572,8,0.9830476379674012,1.049527881977321,0.9780528350534997,1.049527881977321,57.39083499994491,True
admd2.0,90,2,1572,9,0.9947624879925799,1.0485950456553663,0.9829151998049018,1.0485950456553663,48.452476022085335,True
admd2.0,90,2,1572,10,0.9953372719927778,1.039061218019492,0.9864554631108479,1.039061218019492,42.659038552521864,True
admd2.0,90,2,1572,11,0.9962693615953068,1.040544230488526,0.9869940924271152,1.040544230488526,41.872247727281604,True
admd2.0,90,2,1572,12,0.9970145742949129,1.041641898838358,0.9875947428636618,1.041641898838358,42.63830820862897,True
admd2.0,90,2,1572,13,0.9916841845732589,1.038318701078335,0.9880714868403698,1.038318701078335,41.72099851554036,True
admd2.0,90,2,1572,14,0.9926106585988637,1.0391300601992144,0.9886069171179124,1.0391300601992144,40.94902700595636,True
admd2.0,90,2,1572,15,0.9813259736091965,1.039300741138493,0.9800893399612762,1.039300741138493,55.421495219118356,True
admd2.0,90,2,1572,16,0.9795589885927921,1.0502378864135151,0.9697357581858823,1.0502378864135151,75.92642994260555,True
admd2.0,90,2,1572,17,0.9662543793458458,1.065553237914477,0.949818550906593,1.0681575328706563,115.02439404445938,True
admd2.0,90,2,1572,18,0.9549171425558763,1.0637353721607594,0.9458748467672706,1.066299340405648,127.64624112786719,True
admd2.0,90,2,1572,19,0.9633203129311059,1.0659109130060564,0.9492543991039987,1.0683457008901105,122.27675088888398,True
admd2.0,90,2,1572,20,0.9834972087961023,1.0667506138196299,0.959878613796197,1.068785547704365,104.22578922690755,True
admd2.0,90,2,1572,21,0.9885266892245562,1.0552723099072578,0.9693757889797073,1.0567933066334751,86.33891814217604,True
admd2.0,90,2,1572,22,0.9909749235683296,1.0428211134608831,0.9776099442197639,1.0438353011423567,70.09572486477055,True
admd2.0,90,2,1572,23,0.9956062281201193,1.038476819351389,0.9844866466992691,1.038476819351389,56.906890242035686,True
admd2.0,90,3,1572,0,0.9874053997353054,1.045725796550935,0.9874053997353054,1.045725796550935,47.20283874990705,True
admd2.0,90,3,1572,1,0.9934995471968252,1.0438341610308621,0.9915351220493649,1.0438341610308621,41.822757793427925,True
admd2.0,90,3,1572,2,0.9982081611957252,1.0464675668221974,0.9934539061352544,1.0464675668221974,37.27274636577893,True
admd2.0,90,3,1572,3,0.9976394032018244,1.0388329357034882,0.9957425470397512,1.0388329357034882,31.986817384578533,True
admd2.0,90,3,1572,4,0.9944307618996752,1.0359443274773288,0.9941027299945471,1.0359443274773288,32.50026448324844,True
admd2.0,90,3,1572,5,0.9888538881199141,1.0374932241558839,0.9888538881199141,1.0374932241558839,36.16709903562277,True
admd2.0,90,3,1572,6,0.9844220078755583,1.0341137288980211,0.9844220078755583,1.0341137288980211,39.19888167362123,True
admd2.0,90,3,1572,7,0.9843773271554835,1.0452955958680552,0.9840688473011127,1.0452955958680552,48.09609314070604,True
admd2.0,90,3,1572,8,0.9831017613624583,1.0494795305308826,0.9780691262114306,1.0494795305308826,57.389462144252505,True
admd2.0,90,3,1572,9,0.9947823928737756,1.0486240651376464,0.9829225128926338,1.0486240651376464,48.451955282312674,True
admd2.0,90,3,1572,10,0.9953498544297453,1.039088797572407,0.9864623042333667,1.039088797572407,42.658611734093256,True
admd2.0,90,3,1572,11,0.9962818379022087,1.0405716360624353,0.9870008638098037,1.0405716360624353,41.871838517554835,True
admd2.0,90,3,1572,12,0.9970397802043597,1.041697060707986,0.9876084412170968,1.041697060707986,42.637495757686054,True
admd2.0,90,3,1572,13,0.9917092284187595,1.0382721404995836,0.9880850955069658,1.0382721404995836,41.720201831652204,True
admd2.0,90,3,1572,14,0.9926355009261456,1.039083614400977,0.9886203922462066,1.039083614400977,40.94826099714605,True
admd2.0,90,3,1572,15,0.9814065203116529,1.0392281412872157,0.9801134119953395,1.0392281412872157,55.41953817357055,True
admd2.0,90,3,1572,16,0.9797440547441679,1.0500874311966746,0.9697948571836785,1.0500874311966746,75.92041995157057,True
admd2.0,90,3,1572,17,0.9668008750676829,1.0654816930520046,0.9500084735172829,1.0681471746795475,114.99639288889638,True
admd2.0,90,3,1572,18,0.9556169188746927,1.063595560742318,0.94613058894056,1.0662684742574546,127.56404660152793,True
admd2.0,90,3,1572,19,0.9639102959752383,1.0657851747885907,0.9494690383684845,1.0683202612061358,122.2019333100741,True
admd2.0,90,3,1572,20,0.9840935256043859,1.0666743653983761,0.9600806535821771,1.0687782931828516,104.19619295003616,True
admd2.0,90,3,1572,21,0.9889578755467715,1.0552068242780324,0.9695173732741464,1.0567849910619274,86.32387355329604,True
admd2.0,90,3,1572,22,0.9912727777781456,1.0427727159800624,0.9777038447418054,1.0438304536287588,70.08727428909845,True
admd2.0,90,3,1572,23,0.9957786482055007,1.0382836933136395,0.9845521287805431,1.0382836933136395,56.90204972265194,True
admd2.0,90,4,1572,0,0.9871269411270709,1.0455324479831798,0.9871269411270709,1.0455324479831798,47.20546325998685,True
admd2.0,90,4,1572,1,0.993271092515424,1.0437119995451964,0.9915059158154839,1.0437119995451964,41.82445241680422,True
admd2.0,90,4,1572,2,0.9980278152281884,1.046340934383351,0.9934314939234747,1.046340934383351,37.27377738021463,True
admd2.0,90,4,1572,3,0.9975053980392422,1.0388723206905892,0.9957264962031275,1.0388723206905892,31.987327015042847,True
admd2.0,90,4,1572,4,0.9943413175307357,1.0359706517283103,0.9940919712949935,1.0359706517283103,32.50068108108875,True
admd2.0,90,4,1572,5,0.9887635168633445,1.037429435953146,0.9887635168633445,1.037429435953146,36.167680735642016,True
admd2.0,90,4,1572,6,0.9843308655366578,1.0340495807004406,0.9843308655366578,1.0340495807004406,39.19959471565504,True
admd2.0,90,4,1572,7,0.9842850144313475,1.0452304958430672,0.9840565694549848,1.0452304958430672,48.09712307271717,True
admd2.0,90,4,1572,8,0.9830548931299165,1.0494138058597688,0.9780559861814566,1.0494138058597688,57.39081727759333,True
admd2.0,90,4,1572,9,0.9947367525931566,1.0485991313677905,0.9829164178709038,1.0485991313677905,48.45247536864788,True
admd2.0,90,4,1572,10,0.9953397839719658,1.0390647593840476,0.9864564652025593,1.0390647593840476,42.65903961088502,True
admd2.0,90,4,1572,11,0.9962718322913134,1.0405477166614572,0.9869950680669369,1.0405477166614572,41.87224807914914,True
admd2.0,90,4,1572,12,0.997019608273992,1.0416489813852294,0.9875967757772548,1.0416489813852294,42.63830604196252,True
admd2.0,90,4,1572,13,0.9916891373609515,1.0382084928212303,0.988073467675232,1.0382084928212303,41.72099388032697,True
admd2.0,90,4,1572,14,0.9926155221352867,1.0390200569529797,0.9886088411782146,1.0390200569529797,40.94902084413861,True
admd2.0,90,4,1572,15,0.9813364612472962,1.0391304024166113,0.9800939048201666,1.0391304024166113,55.42147413287096,True
admd2.0,90,4,1572,16,0.979589281296262,1.0498891564677562,0.969749563806363,1.0498891564677562,75.92629652337126,True
admd2.0,90,4,1572,17,0.966372013748468,1.065311741914604,0.9498731952481593,1.0680018042925206,115.02098021132515,True
admd2.0,90,4,1572,18,0.9551155814856371,1.0633764829444534,0.9459683182546642,1.066066079840786,127.6390505024075,True
admd2.0,90,4,1572,19,0.9634921895860541,1.0655764431910808,0.9493359774926701,1.0681290283445013,122.27147886962253,True
admd2.0,90,4,1572,20,0.9836150692172972,1.0664869339901277,0.9599337530667589,1.0686176518467772,104.22158067337101,True
admd2.0,90,4,1572,21,0.9886046465691238,1.0550651896438132,0.969411933454377,1.056664216282537,86.33758264636685,True
admd2.0,90,4,1572,22,0.9910196533511257,1.0426688719570962,0.9776310605661551,1.0437426281342534,70.09558156457261,True
admd2.0,90,4,1572,23,0.9954028784281198,1.0380298198391662,0.9844994403323694,1.0380298198391662,56.906846386521366,True
admd2.0,90,5,1572,0,0.9872446313868836,1.0456275270481037,0.9872446313868836,1.0456275270481037,47.203003721404144,True
admd2.0,90,5,1572,1,0.9933672018308047,1.0435920314940959,0.9914901000842272,1.0435920314940959,41.82282754804305,True
admd2.0,90,5,1572,2,0.9981033583432067,1.0464048916572182,0.9934183747791058,1.0464048916572182,37.27275958595692,True
admd2.0,90,5,1572,3,0.9975614888007341,1.038979969037006,0.995716319573374,1.038979969037006,31.986799254618766,True
admd2.0,90,5,1572,4,0.9943787563273129,1.036042632928738,0.9940851598719845,1.036042632928738,32.50026420458633,True
admd2.0,90,5,1572,5,0.9888014515624515,1.037461590132981,0.9888014515624515,1.037461590132981,36.16712199316851,True
admd2.0,90,5,1572,6,0.9843692089077579,1.034081539300483,0.9843692089077579,1.034081539300483,39.198923083406186,True
admd2.0,90,5,1572,7,0.9843237594646356,1.0452625247050087,0.9840502902782171,1.0452625247050087,48.09618228027328,True
admd2.0,90,5,1572,8,0.9830200307305774,1.0494457199042484,0.9780499863571612,1.0494457199042484,57.389602208197374,True
admd2.0,90,5,1572,9,0.9947557555534381,1.0485751005963981,0.9829132407453292,1.0485751005963981,48.45199894384877,True
admd2.0,90,5,1572,10,0.9953287470902241,1.0390407434918196,0.9864531940814233,1.0390407434918196,42.658648495975875,True
admd2.0,90,5,1572,11,0.9962607781730862,1.0405236787056555,0.9869917830508608,1.0405236787056555,41.871868767868676,True
admd2.0,90,5,1572,12,0.9969928053521839,1.0415919468863537,0.9875876048096072,1.0415919468863537,42.64070030282617,True
admd2.0,90,5,1572,13,0.9916670959428953,1.0382402967969768,0.9880669595400567,1.0382402967969768,41.72025703431537,True
admd2.0,90,5,1572,14,0.9925934461835729,1.039051885293216,0.988602304409478,1.039051885293216,40.94830938631425,True
admd2.0,90,5,1572,15,0.9812842374137375,1.0391777937640243,0.9800849478446159,1.0391777937640243,55.41973495615594,True
admd2.0,90,5,1572,16,0.9794894277182494,1.049982134121166,0.9697338936800983,1.049982134121166,75.92128892551021,True
admd2.0,90,5,1572,17,0.9661231319929757,1.0654679346152658,0.9498520013285316,1.0681127255625398,114.97745455774488,True
admd2.0,90,5,1572,18,0.9548016159661514,1.0635907039542682,0.9459474061812706,1.0662242154192196,127.58343624004544,True
admd2.0,90,5,1572,19,0.96319282030307,1.0657802899788171,0.9493147286029383,1.068278761796019,122.2193672198015,True
admd2.0,90,5,1572,20,0.9833465837492857,1.0666598610484654,0.959906364628574,1.0687415587569669,104.1861723051164,True
admd2.0,90,5,1572,21,0.9883432924003911,1.0552076631765703,0.9693743863203887,1.056762620979637,86.31744362097281,True
admd2.0,90,5,1572,22,0.9908555082754631,1.0427655153588637,0.9776055961979395,1.0438176704645705,70.08811712699682,True
admd2.0,90,5,1572,23,0.9955664102757636,1.038145661724307,0.9844790362518931,1.038145661724307,56.90112675582257,True
admd2.0,100,1,1747,0,0.9863393581890618,1.0476106679798765,0.9863393581890618,1.0476106679798765,48.788601842137254,True
admd2.0,100,1,1747,1,0.9926976763841424,1.0493489651077301,0.9913508903118537,1.0493489651077301,43.13744469515874,True
admd2.0,100,1,1747,2,0.9976475425059835,1.0491137854507389,0.9933517238161934,1.0491137854507389,38.321054027818086,True
admd2.0,100,1,1747,3,0.9970483201893386,1.0384201101574027,0.9955753922753817,1.0384201101574027,32.75457261455966,True
admd2.0,100,1,1747,4,0.994035478941664,1.0356686990769122,0.9939906812791967,1.0356686990769122,33.014697258008255,True
admd2.0,100,1,1747,5,0.988691177167574,1.0390887647982712,0.988691177167574,1.0390887647982712,36.69769404253794,True
admd2.0,100,1,1747,6,0.9840110121641651,1.03392754368314,0.9840110121641651,1.03392754368314,39.71769994856021,True
admd2.0,100,1,1747,7,0.9839450584542648,1.045110169170563,0.9839332044229114,1.045110169170563,48.61785729274315,True
admd2.0,100,1,1747,8,0.9825773640626091,1.0492861588032163,0.9779197962261826,1.0492861588032163,57.913884877057406,True
admd2.0,100,1,1747,9,0.9945404389508298,1.048325535958509,0.9828413256814108,1.048325535958509,48.72101016026613,True
admd2.0,100,1,1747,10,0.9962690002150971,1.038806241401597,0.9863873018110166,1.038806241401597,42.92576597973295,True
admd2.0,100,1,1747,11,0.9974558461269951,1.040290847219747,0.9869266886019648,1.040290847219747,42.13874392384594,True
admd2.0,100,1,1747,12,0.9981664778798724,1.0411512623273618,0.9874684451168645,1.0411512623273618,43.16730517143967,True
admd2.0,100,1,1747,13,0.9929845211663121,1.0380951021058666,0.9879484311173748,1.0380951021058666,42.24713084063486,True
admd2.0,100,1,1747,14,0.9941672679133385,1.0389070029399288,0.9884851404776228,1.0389070029399288,41.474743881134735,True
admd2.0,100,1,1747,15,0.9809468242356948,1.0389858174972502,0.9799938453981081,1.0389858174972502,56.22974767131163,True
admd2.0,100,1,1747,16,0.9779668726939184,1.0494911169978605,0.9692366461691686,1.0494911169978605,77.54163223111654,True
admd2.0,100,1,1747,17,0.9618744808329541,1.0646306187152836,0.9482629548996812,1.067265584411235,119.02209328007054,True
admd2.0,100,1,1747,18,0.9480234564715977,1.0622889233481714,0.9433397514912428,1.0649009291823706,133.49147905236654,True
admd2.0,100,1,1747,19,0.9570262979963381,1.0645855864448632,0.9469667078659215,1.0670657398407721,127.77702275732949,True
admd2.0,100,1,1747,20,0.9786266692186558,1.0657488987393315,0.9582142459137856,1.0678250109521612,108.66470340439528,True
admd2.0,100,1,1747,21,0.9850905268289748,1.0547179028605171,0.9682911149062571,1.0562469537849157,89.92141834764088,True
admd2.0,100,1,1747,22,0.9882965571584653,1.0424839929894139,0.9768286046293704,1.0435064573604573,72.7818921734853,True
admd2.0,100,1,1747,23,0.9939516965755459,1.037517858066183,0.9839476494480034,1.037517858066183,59.02097450785665,True
admd2.0,100,2,1747,0,0.9863393581890618,1.0476106679798765,0.9863393581890618,1.0476106679798765,48.788601842137254,True
admd2.0,100,2,1747,1,0.9926976763841424,1.0493489651077301,0.9913508903118537,1.0493489651077301,43.13744469515874,True
admd2.0,100,2,1747,2,0.9976475425059835,1.0491137854507389,0.9933517238161934,1.0491137854507389,38.321054027818086,True
admd2.0,100,2,1747,3,0.9970483201893386,1.0384201101574027,0.9955753922753817,1.0384201101574027,32.75457261455966,True
admd2.0,100,2,1747,4,0.994035478941664,1.0356686990769122,0.9939906812791967,1.0356686990769122,33.014697258008255,True
admd2.0,100,2,1747,5,0.988691177167574,1.0390887647982712,0.988691177167574,1.0390887647982712,36.69769404253794,True
admd2.0,100,2,1747,6,0.9840110121641651,1.03392754368314,0.9840110121641651,1.03392754368314,39.71769994856021,True
admd2.0,100,2,1747,7,0.9839450584542648,1.045110169170563,0.9839332044229114,1.045110169170563,48.61785729274315,True
admd2.0,100,2,1747,8,0.9825773640626091,1.0492861588032163,0.9779197962261826,1.0492861588032163,57.913884877057406,True
admd2.0,100,2,1747,9,0.9945404389508298,1.048325535958509,0.9828413256814108,1.048325535958509,48.72101016026613,True
admd2.0,100,2,1747,10,0.9962690002150971,1.038806241401597,0.9863873018110166,1.038806241401597,42.92576597973295,True
admd2.0,100,2,1747,11,0.9974558461269951,1.040290847219747,0.9869266886019648,1.040290847219747,42.13874392384594,True
admd2.0,100,2,1747,12,0.9981664778798724,1.0411512623273618,0.9874684451168645,1.0411512623273618,43.16730517143967,True
admd2.0,100,2,1747,13,0.9929845211663121,1.0380951021058666,0.9879484311173748,1.0380951021058666,42.24713084063486,True
admd2.0,100,2,1747,14,0.9941672679133385,1.0389070029399288,0.9884851404776228,1.0389070029399288,41.474743881134735,True
admd2.0,100,2,1747,15,0.9809468242356948,1.0389858174972502,0.9799938453981081,1.0389858174972502,56.22974767131163,True
admd2.0,100,2,1747,16,0.9779668726939184,1.0494911169978605,0.9692366461691686,1.0494911169978605,77.54163223111654,True
admd2.0,100,2,1747,17,0.9618744808329541,1.0646306187152836,0.9482629548996812,1.067265584411235,119.02209328007054,True
admd2.0,100,2,1747,18,0.9480234564715977,1.0622889233481714,0.9433397514912428,1.0649009291823706,133.49147905236654,True
admd2.0,100,2,1747,19,0.9570262979963381,1.0645855864448632,0.9469667078659215,1.0670657398407721,127.77702275732949,True
admd2.0,100,2,1747,20,0.9786266692186558,1.0657488987393315,0.9582142459137856,1.0678250109521612,108.66470340439528,True
admd2.0,100,2,1747,21,0.9850905268289748,1.0547179028605171,0.9682911149062571,1.0562469537849157,89.92141834764088,True
admd2.0,100,2,1747,22,0.9882965571584653,1.0424839929894139,0.9768286046293704,1.0435064573604573,72.7818921734853,True
admd2.0,100,2,1747,23,0.9939516965755459,1.037517858066183,0.9839476494480034,1.037517858066183,59.02097450785665,True
admd2.0,100,3,1747,0,0.9863393581890618,1.0476106679798765,0.9863393581890618,1.0476106679798765,48.788601842137254,True
admd2.0,100,3,1747,1,0.9926976763841424,1.0493489651077301,0.9913508903118537,1.0493489651077301,43.13744469515874,True
admd2.0,100,3,1747,2,0.9976475425059835,1.0491137854507389,0.9933517238161934,1.0491137854507389,38.321054027818086,True
admd2.0,100,3,1747,3,0.9970483201893386,1.0384201101574027,0.9955753922753817,1.0384201101574027,32.75457261455966,True
admd2.0,100,3,1747,4,0.994035478941664,1.0356686990769122,0.9939906812791967,1.0356686990769122,33.014697258008255,True
admd2.0,100,3,1747,5,0.988691177167574,1.0390887647982712,0.988691177167574,1.0390887647982712,36.69769404253794,True
admd2.0,100,3,1747,6,0.9840110121641651,1.03392754368314,0.9840110121641651,1.03392754368314,39.71769994856021,True
admd2.0,100,3,1747,7,0.9839450584542648,1.045110169170563,0.9839332044229114,1.045110169170563,48.61785729274315,True
admd2.0,100,3,1747,8,0.9825773640626091,1.0492861588032163,0.9779197962261826,1.0492861588032163,57.913884877057406,True
admd2.0,100,3,1747,9,0.9945404389508298,1.048325535958509,0.9828413256814108,1.048325535958509,48.72101016026613,True
admd2.0,100,3,1747,10,0.9962690002150971,1.038806241401597,0.9863873018110166,1.038806241401597,42.92576597973295,True
admd2.0,100,3,1747,11,0.9974558461269951,1.040290847219747,0.9869266886019648,1.040290847219747,42.13874392384594,True
admd2.0,100,3,1747,12,0.9981664778798724,1.0411512623273618,0.9874684451168645,1.0411512623273618,43.16730517143967,True
admd2.0,100,3,1747,13,0.9929845211663121,1.0380951021058666,0.9879484311173748,1.0380951021058666,42.24713084063486,True
admd2.0,100,3,1747,14,0.9941672679133385,1.0389070029399288,0.9884851404776228,1.0389070029399288,41.474743881134735,True
admd2.0,100,3,1747,15,0.9809468242356948,1.0389858174972502,0.9799938453981081,1.0389858174972502,56.22974767131163,True
admd2.0,100,3,1747,16,0.9779668726939184,1.0494911169978605,0.9692366461691686,1.0494911169978605,77.54163223111654,True
admd2.0,100,3,1747,17,0.9618744808329541,1.0646306187152836,0.9482629548996812,1.067265584411235,119.02209328007054,True
admd2.0,100,3,1747,18,0.9480234564715977,1.0622889233481714,0.9433397514912428,1.0649009291823706,133.49147905236654,True
admd2.0,100,3,1747,19,0.9570262979963381,1.0645855864448632,0.9469667078659215,1.0670657398407721,127.77702275732949,True
admd2.0,100,3,1747,20,0.9786266692186558,1.0657488987393315,0.9582142459137856,1.0678250109521612,108.66470340439528,True
admd2.0,100,3,1747,21,0.9850905268289748,1.0547179028605171,0.9682911149062571,1.0562469537849157,89.92141834764088,True
admd2.0,100,3,1747,22,0.9882965571584653,1.0424839929894139,0.9768286046293704,1.0435064573604573,72.7818921734853,True
admd2.0,100,3,1747,23,0.9939516965755459,1.037517858066183,0.9839476494480034,1.037517858066183,59.02097450785665,True
admd2.0,100,4,1747,0,0.9863393581890618,1.0476106679798765,0.9863393581890618,1.0476106679798765,48.788601842137254,True
admd2.0,100,4,1747,1,0.9926976763841424,1.0493489651077301,0.9913508903118537,1.0493489651077301,43.13744469515874,True
admd2.0,100,4,1747,2,0.9976475425059835,1.0491137854507389,0.9933517238161934,1.0491137854507389,38.321054027818086,True
admd2.0,100,4,1747,3,0.9970483201893386,1.0384201101574027,0.9955753922753817,1.0384201101574027,32.75457261455966,True
admd2.0,100,4,1747,4,0.994035478941664,1.0356686990769122,0.9939906812791967,1.0356686990769122,33.014697258008255,True
admd2.0,100,4,1747,5,0.988691177167574,1.0390887647982712,0.988691177167574,1.0390887647982712,36.69769404253794,True
admd2.0,100,4,1747,6,0.9840110121641651,1.03392754368314,0.9840110121641651,1.03392754368314,39.71769994856021,True
admd2.0,100,4,1747,7,0.9839450584542648,1.045110169170563,0.9839332044229114,1.045110169170563,48.61785729274315,True
admd2.0,100,4,1747,8,0.9825773640626091,1.0492861588032163,0.9779197962261826,1.0492861588032163,57.913884877057406,True
admd2.0,100,4,1747,9,0.9945404389508298,1.048325535958509,0.9828413256814108,1.048325535958509,48.72101016026613,True
admd2.0,100,4,1747,10,0.9962690002150971,1.038806241401597,0.9863873018110166,1.038806241401597,42.92576597973295,True
admd2.0,100,4,1747,11,0.9974558461269951,1.040290847219747,0.9869266886019648,1.040290847219747,42.13874392384594,True
admd2.0,100,4,1747,12,0.9981664778798724,1.0411512623273618,0.9874684451168645,1.0411512623273618,43.16730517143967,True
admd2.0,100,4,1747,13,0.9929845211663121,1.0380951021058666,0.9879484311173748,1.0380951021058666,42.24713084063486,True
admd2.0,100,4,1747,14,0.9941672679133385,1.0389070029399288,0.9884851404776228,1.0389070029399288,41.474743881134735,True
admd2.0,100,4,1747,15,0.9809468242356948,1.0389858174972502,0.9799938453981081,1.0389858174972502,56.22974767131163,True
admd2.0,100,4,1747,16,0.9779668726939184,1.0494911169978605,0.9692366461691686,1.0494911169978605,77.54163223111654,True
admd2.0,100,4,1747,17,0.9618744808329541,1.0646306187152836,0.9482629548996812,1.067265584411235,119.02209328007054,True
admd2.0,100,4,1747,18,0.9480234564715977,1.0622889233481714,0.9433397514912428,1.0649009291823706,133.49147905236654,True
admd2.0,100,4,1747,19,0.9570262979963381,1.0645855864448632,0.9469667078659215,1.0670657398407721,127.77702275732949,True
admd2.0,100,4,1747,20,0.9786266692186558,1.0657488987393315,0.9582142459137856,1.0678250109521612,108.66470340439528,True
admd2.0,100,4,1747,21,0.9850905268289748,1.0547179028605171,0.9682911149062571,1.0562469537849157,89.92141834764088,True
admd2.0,100,4,1747,22,0.9882965571584653,1.0424839929894139,0.9768286046293704,1.0435064573604573,72.7818921734853,True
admd2.0,100,4,1747,23,0.9939516965755459,1.037517858066183,0.9839476494480034,1.037517858066183,59.02097450785665,True
admd2.0,100,5,1747,0,0.9863393581890618,1.0476106679798765,0.9863393581890618,1.0476106679798765,48.788601842137254,True
admd2.0,100,5,1747,1,0.9926976763841424,1.0493489651077301,0.9913508903118537,1.0493489651077301,43.13744469515874,True
admd2.0,100,5,1747,2,0.9976475425059835,1.0491137854507389,0.9933517238161934,1.0491137854507389,38.321054027818086,True
admd2.0,100,5,1747,3,0.9970483201893386,1.0384201101574027,0.9955753922753817,1.0384201101574027,32.75457261455966,True
admd2.0,100,5,1747,4,0.994035478941664,1.0356686990769122,0.9939906812791967,1.0356686990769122,33.014697258008255,True
admd2.0,100,5,1747,5,0.988691177167574,1.0390887647982712,0.988691177167574,1.0390887647982712,36.69769404253794,True
admd2.0,100,5,1747,6,0.9840110121641651,1.03392754368314,0.9840110121641651,1.03392754368314,39.71769994856021,True
admd2.0,100,5,1747,7,0.9839450584542648,1.045110169170563,0.9839332044229114,1.045110169170563,48.61785729274315,True
admd2.0,100,5,1747,8,0.9825773640626091,1.0492861588032163,0.9779197962261826,1.0492861588032163,57.913884877057406,True
admd2.0,100,5,1747,9,0.9945404389508298,1.048325535958509,0.9828413256814108,1.048325535958509,48.72101016026613,True
admd2.0,100,5,1747,10,0.9962690002150971,1.038806241401597,0.9863873018110166,1.038806241401597,42.92576597973295,True
admd2.0,100,5,1747,11,0.9974558461269951,1.040290847219747,0.9869266886019648,1.040290847219747,42.13874392384594,True
admd2.0,100,5,1747,12,0.9981664778798724,1.0411512623273618,0.9874684451168645,1.0411512623273618,43.16730517143967,True
admd2.0,100,5,1747,13,0.9929845211663121,1.0380951021058666,0.9879484311173748,1.0380951021058666,42.24713084063486,True
admd2.0,100,5,1747,14,0.9941672679133385,1.0389070029399288,0.9884851404776228,1.0389070029399288,41.474743881134735,True
admd2.0,100,5,1747,15,0.9809468242356948,1.0389858174972502,0.9799938453981081,1.0389858174972502,56.22974767131163,True
admd2.0,100,5,1747,16,0.9779668726939184,1.0494911169978605,0.9692366461691686,1.0494911169978605,77.54163223111654,True
admd2.0,100,5,1747,17,0.9618744808329541,1.0646306187152836,0.9482629548996812,1.067265584411235,119.02209328007054,True
admd2.0,100,5,1747,18,0.9480234564715977,1.0622889233481714,0.9433397514912428,1.0649009291823706,133.49147905236654,True
admd2.0,100,5,1747,19,0.9570262979963381,1.0645855864448632,0.9469667078659215,1.0670657398407721,127.77702275732949,True
admd2.0,100,5,1747,20,0.9786266692186558,1.0657488987393315,0.9582142459137856,1.0678250109521612,108.66470340439528,True
admd2.0,100,5,1747,21,0.9850905268289748,1.0547179028605171,0.9682911149062571,1.0562469537849157,89.92141834764088,True
admd2.0,100,5,1747,22,0.9882965571584653,1.0424839929894139,0.9768286046293704,1.0435064573604573,72.7818921734853,True
admd2.0,100,5,1747,23,0.9939516965755459,1.037517858066183,0.9839476494480034,1.037517858066183,59.02097450785665,True
fine,25,1,628,0,0.9859004406236814,1.0433201839514494,0.9859004406236814,1.0433201839514494,38.651520012517494,True
fine,25,1,628,1,0.9912090088546291,1.0484201211823085,0.9912090088546291,1.0484201211823085,34.7471282537429,True
fine,25,1,628,2,0.9951312379953701,1.0470257442032116,0.9944159020570553,1.0470257442032116,31.63043858587356,True
fine,25,1,628,3,1.00003665295872,1.046716347522996,0.9965082319142574,1.046716347522996,27.893819824658205,True
fine,25,1,628,4,0.9960956485688375,1.0428804426972313,0.9946601339415859,1.0428804426972313,29.760546441762045,True
fine,25,1,628,5,0.9903640984303117,1.0388946356746427,0.9903640984303117,1.0388946356746427,33.38887706129334,True
fine,25,1,628,6,0.9859818908127549,1.0356028884028652,0.9859818908127549,1.0356028884028652,36.407496948545436,True
fine,25,1,628,7,0.9860225174890757,1.046737280752472,0.9846017428158668,1.046737280752472,45.29315651754096,True
fine,25,1,628,8,0.9852316120984037,1.0494117861804508,0.9786601658123274,1.0494117861804508,54.5816563455294,True
fine,25,1,628,9,0.9953660359567067,1.0438949082146152,0.9830631834188591,1.0438949082146152,47.0336503441864,True
fine,25,1,628,10,0.9959569299628422,1.04005447828466,0.9867100504414139,1.04005447828466,41.26319455299051,True
fine,25,1,628,11,0.9968853373149853,1.0415322813577683,0.9872460762501529,1.0415322813577683,40.47675678159166,True
fine,25,1,628,12,0.9920385248857914,1.036903147618866,0.9880449183623036,1.036903147618866,39.69843731535691,True
fine,25,1,628,13,0.9929568461260128,1.0383684537407962,0.9885751319123194,1.0383684537407962,38.92546166059922,True
fine,25,1,628,14,0.9938761217062697,1.0398360862322793,0.9891055751711586,1.0398360862322793,38.15421598194434,True
fine,25,1,628,15,0.984201080476279,1.041419816974166,0.9809758327401443,1.041419816974166,51.198412623882376,True
fine,25,1,628,16,0.9799139347158302,1.0494134777071313,0.9718586483802798,1.0494134777071313,67.14489471253108,True
fine,25,1,628,17,0.9723525144924279,1.0582903697573707,0.9565671092959728,1.0604454687016553,93.56849776266051,True
fine,25,1,628,18,0.9705064376180322,1.0588275838371828,0.9563014833724303,1.060790680764006,96.7592505674439,True
fine,25,1,628,19,0.9764626557699037,1.0602742411441073,0.958625029291669,1.062166147031322,93.07746475202129,True
fine,25,1,628,20,0.9842666402567409,1.0535972006749974,0.966740679175531,1.0550971450880016,79.86457277734695,True
fine,25,1,628,21,0.9906536306742231,1.046891418269995,0.9742616419706837,1.0479564096891436,67.1087209160604,True
fine,25,1,628,22,0.9949195471595097,1.0392612906447027,0.9807632384359843,1.0399440678202196,55.61793322017523,True
fine,25,1,628,23,0.9952239839160464,1.0383226754478792,0.9867533116041363,1.0383226754478792,45.44361535450916,True
fine,25,2,628,0,0.9862172735753111,1.0420856527822253,0.9862172735753111,1.0420856527822253,38.64346059756749,True
fine,25,2,628,1,0.9914575174121308,1.0487909175024563,0.9914575174121308,1.0487909175024563,34.741957698724754,True
fine,25,2,628,2,0.9953199340131773,1.047307798287577,0.9945413016644794,1.047307798287577,31.627283304737492,True
fine,25,2,628,3,0.9970438828492446,1.0469149344210016,0.9965975322705539,1.0469149344210016,27.89231658591046,True
fine,25,2,628,4,0.9961868611775049,1.0424632040966764,0.9947209138780164,1.0424632040966764,29.759574179545233,True
fine,25,2,628,5,0.9904613064198401,1.0384707876422812,0.9904613064198401,1.0384707876422812,33.38678448091273,True
fine,25,2,628,6,0.9860838279043185,1.0357543080554665,0.9860838279043185,1.0357543080554665,36.40490139437894,True
fine,25,2,628,7,0.9861375160924811,1.0462965894843848,0.9846747834835947,1.0462965894843848,45.28928467323297,True
fine,25,2,628,8,0.9850609443263609,1.0434399815139461,0.9786273525197399,1.0434399815139461,54.56294445208544,True
fine,25,2,628,9,0.9954263847569661,1.043676617738045,0.9831005220948329,1.043676617738045,47.031960594551315,True
fine,25,2,628,10,0.9959948584437893,1.0401332694502978,0.9867446913603221,1.0401332694502978,41.26154334730235,True
fine,25,2,628,11,0.9969227984081088,1.0416103007942046,0.9872804155882591,1.0416103007942046,40.47517103843818,True
fine,25,2,628,12,0.9920677997798745,1.038443871511843,0.9881102393809424,1.038443871511843,39.69753626329598,True
fine,25,2,628,13,0.992987963747641,1.0392538127622617,0.9886413375498212,1.0392538127622617,38.923335551684126,True
fine,25,2,628,14,0.9939062117431275,1.0400605884162186,0.9891711493986731,1.0400605884162186,38.15264442216385,True
fine,25,2,628,15,0.984386982931255,1.0407519554103366,0.9810922011310105,1.0407519554103366,51.191196324950816,True
fine,25,2,628,16,0.9801834104602887,1.0466481687690372,0.9720290325593447,1.0466481687690372,67.10460349870164,True
fine,25,2,628,17,0.9738980359427057,1.057563684116202,0.9573501642541656,1.0601032003862063,93.48275415893384,True
fine,25,2,628,18,0.9728331677344162,1.0576941476309225,0.9574548596056341,1.0602251399958706,96.63614596055966,True
fine,25,2,628,19,0.9786087963806019,1.0592498654159188,0.9597149990654017,1.0616601394864973,92.9272406527097,True
fine,25,2,628,20,0.9858827492379882,1.0527983106378092,0.9675692398669529,1.054737211310056,79.77702559514664,True
fine,25,2,628,21,0.9918773062381244,1.0461514879190406,0.9748490602371762,1.047588440023873,67.06327244065758,True
fine,25,2,628,22,0.9911236181460262,1.0387224306729352,0.9811832013770019,1.0396893929880568,55.58327107597714,True
fine,25,2,628,23,0.9955520680621138,1.0389879070855514,0.987046959411887,1.0389879070855514,45.42898514184137,True
fine,25,3,628,0,0.9864526642622857,1.042309613845421,0.9864526642622857,1.042309613845421,38.64376855616729,True
fine,25,3,628,1,0.9916508350618072,1.0489741843732396,0.9916508350618072,1.0489741843732396,34.74213855634655,True
fine,25,3,628,2,0.9954730572493319,1.0474521126170107,0.9945269936326396,1.0474521126170107,31.62738917790951,True
fine,25,3,628,3,1.0002824745938859,1.0470207429200693,0.9965861298886057,1.0470207429200693,27.892345844196768,True
fine,25,3,628,4,0.9962630661265505,1.0424791462659062,0.9947137843779488,1.0424791462659062,29.759154849168482,True
fine,25,3,628,5,0.9905381543635222,1.0384882662083472,0.9905381543635222,1.0384882662083472,33.38686687300904,True
fine,25,3,628,6,0.9861615435484684,1.0358277200178434,0.9861615435484684,1.0358277200178434,36.405009921675976,True
fine,25,3,628,7,0.9862161389040812,1.046318044909917,0.9846690391585505,1.046318044909917,45.289433914587754,True
fine,25,3,628,8,0.9851434788844345,1.0434645853284479,0.9786225122091353,1.0434645853284479,54.563145342209026,True
fine,25,3,628,9,0.9954651827180176,1.0436877543114764,0.9830976622025618,1.0436877543114764,47.03204170486275,True
fine,25,3,628,10,0.9960104025933456,1.0401694746778742,0.9867415435176728,1.0401694746778742,41.26161288897125,True
fine,25,3,628,11,0.9969382705576513,1.0416463951644213,0.9872772272561953,1.0416463951644213,40.47523402041528,True
fine,25,3,628,12,0.9920989259031369,1.038463619512596,0.9881038202764276,1.038463619512596,39.69765559358111,True
fine,25,3,628,13,0.9930189497823594,1.0392732918019731,0.9886348375613223,1.0392732918019731,38.92345112958439,True
fine,25,3,628,14,0.9939370587421419,1.0400798115579208,0.9891645689320119,1.0400798115579208,38.15275425815603,True
fine,25,3,628,15,0.9845061973757688,1.0407871308824017,0.9810844577761089,1.0407871308824017,51.19146721003588,True
fine,25,3,628,16,0.9804384304333876,1.0467337882186958,0.9720186047879711,1.0467337882186958,67.10527128563213,True
fine,25,3,628,17,0.9746618087866601,1.0576416969386595,0.9573497409740046,1.060197506439631,93.48523264012681,True
fine,25,3,628,18,0.9738812616773115,1.057885693642974,0.9574584780495371,1.0604256183141865,96.6379714839608,True
fine,25,3,628,19,0.9795295310837386,1.0595739173929577,0.9597202211154804,1.0619823630134229,92.94205827246928,True
fine,25,3,628,20,0.9865874084039699,1.053070910234575,0.9675594417252554,1.0549957397257461,79.77220741274087,True
fine,25,3,628,21,0.992259814037574,1.0463605912966532,0.9748263371734406,1.0477872597726776,67.06455746014338,True
fine,25,3,628,22,0.991290076214334,1.0388738331314784,0.9811596343842321,1.0398343514289021,55.58411331974375,True
fine,25,3,628,23,0.9956803697867558,1.039283978329722,0.9870239721360001,1.039283978329722,45.42951202808071,True
fine,25,4,628,0,0.9860733083773335,1.0418412150199738,0.9860733083773335,1.0418412150199738,38.64565458001324,True
fine,25,4,628,1,0.9913381233949181,1.0485369497777335,0.9913381233949181,1.0485369497777335,34.74333351239757,True
fine,25,4,628,2,0.995225130550173,1.0471063954077362,0.9945045576146018,1.0471063954077362,31.62812126291752,True
fine,25,4,628,3,0.9970468890994518,1.0467649108781436,0.9965702235340616,1.0467649108781436,27.892671988407518,True
fine,25,4,628,4,0.9961394898375927,1.042407821826212,0.9947025909336333,1.042407821826212,29.759961182373324,True
fine,25,4,628,5,0.990413563624442,1.038414362380764,0.990413563624442,1.038414362380764,33.387373980281396,True
fine,25,4,628,6,0.9860358658317844,1.0356526364212308,0.9860358658317844,1.0356526364212308,36.40563853523992,True
fine,25,4,628,7,0.9860888310557181,1.0462374339124068,0.9846556938399615,1.0462374339124068,45.29037109638528,True
fine,25,4,628,8,0.9853390074601749,1.0494959006355993,0.9787204118244848,1.0494959006355993,54.57785261817564,True
fine,25,4,628,9,0.9954020126578381,1.0436477106727875,0.9830909327323935,1.0436477106727875,47.03254436481055,True
fine,25,4,628,10,0.9959773930555557,1.0400825913542997,0.9867352383768165,1.0400825913542997,41.262018595491256,True
fine,25,4,628,11,0.99690535172342,1.0415596768236117,0.9872709803829383,1.0415596768236117,40.475625662693254,True
fine,25,4,628,12,0.9920329494875441,1.0383870434501798,0.9880914110249506,1.0383870434501798,39.69840828094799,True
fine,25,4,628,13,0.9929531651381616,1.0391972114034715,0.9886225497864128,1.0391972114034715,38.92416739544431,True
fine,25,4,628,14,0.9938714601593334,1.0400042009397223,0.9891524004546612,1.0400042009397223,38.15343850230535,True
fine,25,4,628,15,0.9843132379605207,1.040662226070834,0.9810631468974103,1.040662226070834,51.19319196453818,True
fine,25,4,628,16,0.9799992971640583,1.0464583737167372,0.9719658515005707,1.0464583737167372,67.11397008073895,True
fine,25,4,628,17,0.9734734343275778,1.0576256665512418,0.9572001186557528,1.060125022135231,93.50137568412605,True
fine,25,4,628,18,0.9722260329548301,1.0577792537500021,0.9572398166737854,1.0602533352641672,96.66260375570982,True
fine,25,4,628,19,0.9780339289883926,1.0593345760772708,0.959512290459401,1.061689931894686,92.95048810337428,True
fine,25,4,628,20,0.9853705331592563,1.0528846238861753,0.9673837790010958,1.0547709385127166,79.80584241078236,True
fine,25,4,628,21,0.9914497316481569,1.046241770659764,0.9747121477087182,1.047620604657585,67.0661321647856,True
fine,25,4,628,22,0.9953347973329442,1.0395533035986197,0.9810697999389616,1.0398657429834441,55.59803540285702,True
fine,25,4,628,23,0.9954119820779185,1.038581361684998,0.9869709798398083,1.038581361684998,45.43296990903833,True
fine,25,5,628,0,0.986825438599192,1.0429811637587347,0.986825438599192,1.0429811637587347,38.64137972948479,True
fine,25,5,628,1,0.9917092384879957,1.0452085585323305,0.9917092384879957,1.0452085585323305,34.72620733059142,True
fine,25,5,628,2,0.9957119709872394,1.0478810291246037,0.9946452275186956,1.0478810291246037,31.626916829206067,True
fine,25,5,628,3,1.0004591972346832,1.0473364271193444,0.9966731902195678,1.0473364271193444,27.89218305196763,True
fine,25,5,628,4,0.9963821362674531,1.0422588372795791,0.9947725928480546,1.0422588372795791,29.758847296760138,True
fine,25,5,628,5,0.9906594390683808,1.0382386550906033,0.9906594390683808,1.0382386550906033,33.38627061200211,True
fine,25,5,628,6,0.9862846311915875,1.03604868008608,0.9862846311915875,1.03604868008608,36.404207339740736,True
fine,25,5,628,7,0.986344312674665,1.046493873346163,0.98473322189102,1.046493873346163,45.28810153274544,True
fine,25,5,628,8,0.9853627756202687,1.0432337174577182,0.9786868399131431,1.0432337174577182,54.56196202562093,True
fine,25,5,628,9,0.9955294563787261,1.0435615911539176,0.9831298769896923,1.0435615911539176,47.03132704786406,True
fine,25,5,628,10,0.9960846930943981,1.0402804355233115,0.9867728217498795,1.0402804355233115,41.26105910022604,True
fine,25,5,628,11,0.9970123197851308,1.0417569399379758,0.9873083642263817,1.0417569399379758,40.47470892785282,True
fine,25,5,628,12,0.9922469270425645,1.0382134642346028,0.9881659457059397,1.0382134642346028,39.69665609075613,True
fine,25,5,628,13,0.9931664957431096,1.0390236866290425,0.9886966931383353,1.0390236866290425,38.922504814346084,True
fine,25,5,628,14,0.9940841390718054,1.0401043186265935,0.9892261504218578,1.0401043186265935,38.15186433576586,True
fine,25,5,628,15,0.9847034882062133,1.0404003533527655,0.9811836517786098,1.0404003533527655,51.18889448834375,True
fine,25,5,628,16,0.9811574484326531,1.0459414414292703,0.9722329459840456,1.0459414414292703,67.09749678362623,True
fine,25,5,628,17,0.9699729894747937,1.0513649464002501,0.9579191130983787,1.054058184429974,93.19632616300989,True
fine,25,5,628,18,0.9699727169859713,1.051390071586665,0.9582701910488891,1.0541422362858963,96.34110332817727,True
fine,25,5,628,19,0.9755756056098421,1.0529357335284981,0.9604758075110101,1.0555730901305245,92.6581961837733,True
fine,25,5,628,20,0.9884679076122062,1.0526948852977913,0.968150059238931,1.0547924381040412,79.76282426639247,True
fine,25,5,628,21,0.9933096049204684,1.045930597233318,0.9752871324752803,1.0475128041642554,67.04889695310247,True
fine,25,5,628,22,0.9920186890954701,1.0387425031644228,0.9814904807550703,1.0397833522143818,55.57549741530919,True
fine,25,5,628,23,0.9960770011222762,1.0347963224992693,0.9871509195376962,1.0347963224992693,45.41269523539973,True
fine,26,1,653,0,0.9856891723197996,1.0427413221917938,0.9856891723197996,1.0427413221917938,38.871161096084116,True
fine,26,1,653,1,0.9910333887354197,1.048214785612082,0.9910333887354197,1.048214785612082,34.92970978269169,True
fine,26,1,653,2,0.9949910413921754,1.0468623855585881,0.9944113012014001,1.0468623855585881,31.776054661358653,True
fine,26,1,653,3,0.999931817768011,1.0465946690317849,0.9965051360280187,1.0465946690317849,28.002258537788638,True
fine,26,1,653,4,0.9960256955979849,1.0426955195803769,0.9946579481619297,1.0426955195803769,29.833291728326863,True
fine,26,1,653,5,0.9902940275226407,1.038706179215139,0.9902940275226407,1.038706179215139,33.46189081080431,True
fine,26,1,653,6,0.9859116697404651,1.035521749924549,0.9859116697404651,1.035521749924549,36.48056047940691,True
fine,26,1,653,7,0.9859526698334744,1.046540074753017,0.9845986442642892,1.046540074753017,45.36613536931933,True
fine,26,1,653,8,0.9851268683465769,1.0493309905382207,0.9786565168153439,1.0493309905382207,54.654451801420926,True
fine,26,1,653,9,0.995333600366851,1.0437956037153886,0.9830621966154593,1.0437956037153886,47.07040809801479,True
fine,26,1,653,10,0.995926661544832,1.040014952165332,0.9867086295844897,1.040014952165332,41.29965323781855,True
fine,26,1,653,11,0.9968550963850882,1.0414927335528388,0.9872446782870382,1.0414927335528388,40.51322460212697,True
fine,26,1,653,12,0.9919328514515954,1.038679475252173,0.9880390143535064,1.038679475252173,39.77361512080819,True
fine,26,1,653,13,0.9928540032262783,1.039488848974411,0.9885707594571878,1.039488848974411,38.99930219244254,True
fine,26,1,653,14,0.9937732436172302,1.04029505637013,0.9891012200145922,1.04029505637013,38.22849000771313,True
fine,26,1,653,15,0.984096769671888,1.0411189482585372,0.9809708350625164,1.0411189482585372,51.30775257985612,True
fine,26,1,653,16,0.9796017251277115,1.0491717125112965,0.9718452926577105,1.0491717125112965,67.36435310114368,True
fine,26,1,653,17,0.9716286508773178,1.057926723379695,0.9565189298061366,1.0601435170662297,94.0889530568995,True
fine,26,1,653,18,0.9694435965143902,1.0583005823237974,0.9562228329231979,1.0603512648935831,97.51154293705005,True
fine,26,1,653,19,0.9753654204305267,1.0599631293260132,0.9585671005865178,1.0619063677841254,93.77830415908633,True
fine,26,1,653,20,0.9833181139382846,1.0533956889217688,0.9666998964913853,1.0549295744721003,80.45164904416734,True
fine,26,1,653,21,0.9899496618252147,1.0466145819152717,0.9742171592667657,1.0477269190673655,67.59776639562692,True
fine,26,1,653,22,0.9944004191202501,1.0390662452900816,0.9807454781373474,1.0397852615335137,55.9849275087621,True
fine,26,1,653,23,0.994981178668162,1.0380066572449387,0.986741302489481,1.0380066572449387,45.73690735213279,True
fine,26,2,653,0,0.9862595073241505,1.0422442314671336,0.9862595073241505,1.0422442314671336,38.867466299637044,True
fine,26,2,653,1,0.9914959363222048,1.0489259132815991,0.9914959363222048,1.0489259132815991,34.92741071639159,True
fine,26,2,653,2,0.9953527625459945,1.047416555195016,0.9945396580968406,1.047416555195016,31.7746961210258,True
fine,26,2,653,3,1.0001956306157678,1.0469972668139775,0.9965974153453111,1.0469972668139775,28.001652104203664,True
fine,26,2,653,4,0.99620400281291,1.0424979691558665,0.9947207616960059,1.0424979691558665,29.832673570284072,True
fine,26,2,653,5,0.9904769230999081,1.0385065117845276,0.9904769230999081,1.0385065117845276,33.46094938222946,True
fine,26,2,653,6,0.9860985139651314,1.0358073462317179,0.9860985139651314,1.0358073462317179,36.479374660841685,True
fine,26,2,653,7,0.9861492788942787,1.0463340199081381,0.9846715713025146,1.0463340199081381,45.36429918593604,True
fine,26,2,653,8,0.9851286027527789,1.0434787064784956,0.9786225918824871,1.0434787064784956,54.63840889582344,True
fine,26,2,653,9,0.9954319657493966,1.0436953701413387,0.9830988474131389,1.0436953701413387,47.06943166911723,True
fine,26,2,653,10,0.996001942851928,1.0401586599984676,0.9867435108168402,1.0401586599984676,41.29887885459994,True
fine,26,2,653,11,0.9969299781017344,1.0416357932358746,0.9872793066790225,1.0416357932358746,40.51248426453817,True
fine,26,2,653,12,0.9920823146887644,1.038480275703442,0.9881080520169496,1.038480275703442,39.77219451617139,True
fine,26,2,653,13,0.9930026735117228,1.0392900808423144,0.988639294365051,1.0392900808423144,38.997943170781085,True
fine,26,2,653,14,0.9939211101541174,1.0400967206930392,0.9891692480977522,1.0400967206930392,38.2271967499536,True
fine,26,2,653,15,0.9844017407436555,1.0408093216096903,0.9810857990238884,1.0408093216096903,51.30427292456349,True
fine,26,2,653,16,0.9803761224819503,1.0467688917196252,0.972007705416732,1.0467688917196252,67.33433845680001,True
fine,26,2,653,17,0.9743036516030377,1.0577451269781153,0.9572695167263596,1.0602169844629608,94.03556677080202,True
fine,26,2,653,18,0.9733989222951775,1.057955261433909,0.9573296418491845,1.0603884718433494,97.4327066227105,True
fine,26,2,653,19,0.9791916732059781,1.0594776390210106,0.9596012807208278,1.0618131654652887,93.70047493777187,True
fine,26,2,653,20,0.9863731171036711,1.052999712427842,0.9674987452274374,1.0548641957941218,80.39638754021777,True
fine,26,2,653,21,0.9920811028359718,1.0463120245603923,0.9748016142599772,1.0476890349819716,67.56396510642082,True
fine,26,2,653,22,0.9911753651454035,1.038842835258921,0.9811572094621712,1.0397646736491113,55.963504429810286,True
fine,26,2,653,23,0.9956039708352294,1.0391868216781952,0.9870333936931829,1.0391868216781952,45.73000440983714,True
fine,26,3,653,0,0.9862072210467546,1.0424292155038952,0.9862072210467546,1.0424292155038952,38.86724285075653,True
fine,26,3,653,1,0.9914547817742178,1.0487763603456124,0.9914547817742178,1.0487763603456124,34.92721885868033,True
fine,26,3,653,2,0.9953215986801937,1.047300923622209,0.9944827105571604,1.047300923622209,31.77454428983154,True
fine,26,3,653,3,1.0001737506105939,1.0469138578044521,0.9965557318554362,1.0469138578044521,28.00155185546671,True
fine,26,3,653,4,0.9961889436640423,1.042594442002826,0.994692619584174,1.042594442002826,29.832602481242763,True
fine,26,3,653,5,0.990460969977284,1.0386045818856644,0.990460969977284,1.0386045818856644,33.46087395948772,True
fine,26,3,653,6,0.9860817835069742,1.0357474025099347,0.9860817835069742,1.0357474025099347,36.47930177350026,True
fine,26,3,653,7,0.9861298233803231,1.0464368868121854,0.9846407335097774,1.0464368868121854,45.364242117511054,True
fine,26,3,653,8,0.9853649218453463,1.0495794437015264,0.9787028279302374,1.0495794437015264,54.651876062940175,True
fine,26,3,653,9,0.9954198101486917,1.0437473000035715,0.9830827731379557,1.0437473000035715,47.06905249571485,True
fine,26,3,653,10,0.9959763355496656,1.0401282311314812,0.9867285128239753,1.0401282311314812,41.29884940558254,True
fine,26,3,653,11,0.9969044637803615,1.041605502423548,0.9872643708510097,1.041605502423548,40.51245174274011,True
fine,26,3,653,12,0.9920314577395776,1.038579172401534,0.988078256578675,1.038579172401534,39.77212398011391,True
fine,26,3,653,13,0.99295201697051,1.0393886403989898,0.988609629445798,1.0393886403989898,38.99787456317625,True
fine,26,3,653,14,0.9938706611491328,1.0401949539967659,0.9891397163367582,1.0401949539967659,38.22712696478516,True
fine,26,3,653,15,0.9843701529274906,1.0409652693895095,0.981038109260561,1.0409652693895095,51.30422594053146,True
fine,26,3,653,16,0.9800625368430488,1.0470955641921407,0.9719041048619252,1.0470955641921407,67.33452248139221,True
fine,26,3,653,17,0.9736162115374698,1.0578072619204721,0.9569934269966116,1.0601843969743814,94.04037063207167,True
fine,26,3,653,18,0.9723552199461453,1.058125755041774,0.9569290187621464,1.0604086405245718,97.4394581683282,True
fine,26,3,653,19,0.9780945292274538,1.059801239059204,0.9592263520280482,1.0619649325096612,93.70492900730214,True
fine,26,3,653,20,0.9854381772600657,1.053261626655772,0.9671748150593454,1.0549778320922654,80.41540270449588,True
fine,26,3,653,21,0.9916122155674162,1.0465041683202285,0.9745771816148611,1.0477676786145556,67.56499065685745,True
fine,26,3,653,22,0.995588839301913,1.0389861714159294,0.9809802033938254,1.0398183591547905,55.972139111252034,True
fine,26,3,653,23,0.9953919453511778,1.0389316473398649,0.986909097028596,1.0389316473398649,45.7307477746077,True
fine,26,4,653,0,0.9855971519449138,1.0426070505965916,0.9855971519449138,1.0426070505965916,38.8695417381697,True
fine,26,4,653,1,0.9909526060106933,1.0483490393240138,0.9909526060106933,1.0483490393240138,34.92863099729138,True
fine,26,4,653,2,0.9949242621846303,1.0469648350030238,0.9944333373163213,1.0469648350030238,31.775356979837884,True
fine,26,4,653,3,0.9998793812014077,1.0466659575630335,0.9965201731261887,1.0466659575630335,28.00187483555749,True
fine,26,4,653,4,0.9959913771556218,1.0426541928460613,0.994668432960639,1.0426541928460613,29.83296792860473,True
fine,26,4,653,5,0.990260985676868,1.0386639823066879,0.990260985676868,1.0386639823066879,33.46146193615382,True
fine,26,4,653,6,0.9858798742003023,1.0355761923038247,0.9858798742003023,1.0355761923038247,36.48004464532736,True
fine,26,4,653,7,0.9859244572846014,1.0464950560937818,0.9846128192833002,1.0464950560937818,45.36539340365022,True
fine,26,4,653,8,0.9852668811061327,1.049398262026799,0.9786727704684829,1.049398262026799,54.653455828766056,True
fine,26,4,653,9,0.9953177365852166,1.043775924432979,0.9830687322653471,1.043775924432979,47.06966699102771,True
fine,26,4,653,10,0.995942388095037,1.0400424636913284,0.9867151160356112,1.0400424636913284,41.29933528688408,True
fine,26,4,653,11,0.9968706756436622,1.0415200057019387,0.9872510747746163,1.0415200057019387,40.512917486425025,True
fine,26,4,653,12,0.9919638604559132,1.0386375088636868,0.9880517340135496,1.0386375088636868,39.77302374648205,True
fine,26,4,653,13,0.9928847100708593,1.039447057940465,0.9885832956052469,1.039447057940465,38.998730343328475,True
fine,26,4,653,14,0.993803646310403,1.0402534422285543,0.9891135718953136,1.0402534422285543,38.22794023265806,True
fine,26,4,653,15,0.9840578907915892,1.041051374864642,0.9809941075460057,1.041051374864642,51.30638859608552,True
fine,26,4,653,16,0.9800449525962128,1.0494012348603716,0.9719038353857758,1.0494012348603716,67.35992070449139,True
fine,26,4,653,17,0.9727904610617012,1.0579973032786867,0.9567112424629277,1.0602704288611666,94.06746681818026,True
fine,26,4,653,18,0.9711466353917653,1.0583950493866248,0.956513556039077,1.0605287203335212,97.47715831835428,True
fine,26,4,653,19,0.9769152684137676,1.0600624764315374,0.9588163648846625,1.0620800262308494,93.75521403074362,True
fine,26,4,653,20,0.984548716035083,1.0534837969837478,0.9668806729850027,1.0550791316319184,80.43765343405961,True
fine,26,4,653,21,0.9909344114327451,1.0466883711510302,0.9743602547006953,1.047852654373995,67.57853130109933,True
fine,26,4,653,22,0.994771247889785,1.0391295252599426,0.9808284287760671,1.0398848633258837,55.979959943189904,True
fine,26,4,653,23,0.9951149136161928,1.0382389035030297,0.9867981943664401,1.0382389035030297,45.73405334342524,True
fine,26,5,653,0,0.986081392033809,1.0424322225377276,0.986081392033809,1.0424322225377276,38.86839254680888,True
fine,26,5,653,1,0.9913536202980862,1.0487435814143962,0.9913536202980862,1.0487435814143962,34.92804637536122,True
fine,26,5,653,2,0.9952427941359155,1.0472762684260712,0.9945299410224028,1.0472762684260712,31.7751068574282,True
fine,26,5,653,3,1.0001167742739876,1.046897313064994,0.9965919766420609,1.046897313064994,28.001900057733902,True
fine,26,5,653,4,0.9961503535047046,1.0425963096734185,0.9947165800100122,1.0425963096734185,29.83286658617706,True
fine,26,5,653,5,0.9904211358812357,1.0386061580038266,0.9904211358812357,1.0386061580038266,33.46119351557369,True
fine,26,5,653,6,0.9860408567908906,1.035733397072134,0.9860408567908906,1.035733397072134,36.47966316696341,True
fine,26,5,653,7,0.9860873682484337,1.0464364904557089,0.9846628278324275,1.0464364904557089,45.3647192388545,True
fine,26,5,653,8,0.9850900881821268,1.0435815750945026,0.9786113403793912,1.0435815750945026,54.638980343824954,True
fine,26,5,653,9,0.9954011388519819,1.0437452278071717,0.9830944015927153,1.0437452278071717,47.069652360098125,True
fine,26,5,653,10,0.996010412688732,1.0401208397787216,0.9867398602472927,1.0401208397787216,41.29906045617535,True
fine,26,5,653,11,0.9969386010370191,1.0415982641086095,0.9872757675722983,1.0415982641086095,40.51265828530812,True
fine,26,5,653,12,0.9920998469962912,1.0385797202955103,0.9881010474514889,1.0385797202955103,39.772527857197886,True
fine,26,5,653,13,0.9930205194765486,1.0393892552603718,0.9886325159007883,1.0393892552603718,38.998268365207835,True
fine,26,5,653,14,0.9939392762934343,1.0401956310469749,0.989162698166513,1.0401956310469749,38.22750991530062,True
fine,26,5,653,15,0.9843043860593407,1.0409637360596709,0.9810701449806104,1.0409637360596709,51.30506608385638,True
fine,26,5,653,16,0.9802345305657508,1.0470850895636816,0.9719622518361107,1.0470850895636816,67.33685806875783,True
fine,26,5,653,17,0.9739555887178707,1.057548914745139,0.9571009359697646,1.059947551891634,94.05312133564908,True
fine,26,5,653,18,0.9728166326570065,1.0577534477431376,0.957074937966918,1.0600674583309846,97.45537466909256,True
fine,26,5,653,19,0.9785451848351937,1.0594499518217357,0.9593707595783382,1.061642849254671,93.71912775358443,True
fine,26,5,653,20,0.9858987990016225,1.0529707903054055,0.9673340095914014,1.054714887360949,80.4109729969501,True
fine,26,5,653,21,0.9919807606800877,1.0462799770716606,0.9747012768892371,1.0475619167833379,67.56927261139798,True
fine,26,5,653,22,0.9912254699580944,1.0388131519923154,0.9810975273530966,1.0396627992245744,55.96643394876999,True
fine,26,5,653,23,0.9956613392822656,1.0388677329657592,0.9869975068243207,1.0388677329657592,45.731669165135294,True
fine,27,1,679,0,0.9857795591646872,1.0428836380878448,0.9857795591646872,1.0428836380878448,39.09975842929253,True
fine,27,1,679,1,0.9911159473522811,1.0485522612028884,0.9911159473522811,1.0485522612028884,35.13142879965596,True
fine,27,1,679,2,0.9950466283405558,1.0471310571395283,0.9944549573214294,1.0471310571395283,31.927435485431705,True
fine,27,1,679,3,0.9999722609441184,1.0467923357383653,0.9965373001797437,1.0467923357383653,28.115044877863134,True
fine,27,1,679,4,0.9960532275576356,1.0427435822593925,0.9946796591941689,1.0427435822593925,29.908927250227105,True
fine,27,1,679,5,0.9903225275767925,1.03875468690621,0.9903225275767925,1.03875468690621,33.53780081083796,True
fine,27,1,679,6,0.9859411828137917,1.0356591777419548,0.9859411828137917,1.0356591777419548,36.556521926248394,True
fine,27,1,679,7,0.9859847126988053,1.0465884824941165,0.9846222499586292,1.0465884824941165,45.441986972919906,True
fine,27,1,679,8,0.9853169895316934,1.0494782995537677,0.978681242301287,1.0494782995537677,54.73008201610756,True
fine,27,1,679,9,0.9953476650872302,1.0438218014780243,0.9830734397767249,1.0438218014780243,47.107869961330664,True
fine,27,1,679,10,0.9959521826129693,1.0400833895601476,0.9867201501422483,1.0400833895601476,41.337537195351395,True
fine,27,1,679,11,0.9968805338329877,1.041561000125869,0.9872561557700867,1.041561000125869,40.55111989409151,True
fine,27,1,679,12,0.9920285734581763,1.036960447278972,0.9880650648231885,1.036960447278972,39.84734587886053,True
fine,27,1,679,13,0.9929467715443856,1.0384253599721625,0.9885952328665907,1.0384253599721625,39.074404752838724,True
fine,27,1,679,14,0.9938659111539663,1.0398925620272979,0.989125624107657,1.0398925620272979,38.303179883018466,True
fine,27,1,679,15,0.9841469457450844,1.0411922083552108,0.9810071168139777,1.0411922083552108,51.421484039942264,True
fine,27,1,679,16,0.9801894958815804,1.049636158472618,0.9719251835885396,1.049636158472618,67.59137449807724,True
fine,27,1,679,17,0.9731217954968666,1.0579496083961426,0.9567344996461622,1.0602637279374691,94.63979953969547,True
fine,27,1,679,18,0.9715951928376158,1.0583326771953359,0.9565407302746183,1.0605176535291807,98.2954341566963,True
fine,27,1,679,19,0.9773178011362588,1.0600182587258873,0.9588513553924539,1.0620697742330822,94.50965209183238,True
fine,27,1,679,20,0.984905661764417,1.053446971505224,0.9669206214575667,1.0550730372288295,81.06812142924412,True
fine,27,1,679,21,0.9912396864681139,1.0466580834725403,0.9744029318240117,1.0478488627495444,68.08570037485578,True
fine,27,1,679,22,0.9950614661848598,1.039106080530545,0.9808677014766994,1.0398828231040838,56.36709850893575,True
fine,27,1,679,23,0.9951850247378775,1.0385532158109392,0.9868331483048509,1.0385532158109392,46.04305705097262,True
fine,27,2,679,0,0.9861512567844306,1.0424459778532442,0.9861512567844306,1.0424459778532442,39.100198602662125,True
fine,27,2,679,1,0.9914204821211138,1.049091735291386,0.9914204821211138,1.049091735291386,35.13185082876939,True
fine,27,2,679,2,0.9952868143399778,1.0475551488001835,0.9945115870480356,1.0475551488001835,31.927794606499905,True
fine,27,2,679,3,1.000149474688828,1.0471044863660428,0.9965780690479547,1.0471044863660428,28.115296745059652,True
fine,27,2,679,4,0.9961722847071913,1.0424120028098915,0.9947074028274211,1.0424120028098915,29.90911368636583,True
fine,27,2,679,5,0.9904433959378904,1.0384209466115433,0.9904433959378904,1.0384209466115433,33.53799051232194,True
fine,27,2,679,6,0.9860635843983686,1.0358758322070067,0.9860635843983686,1.0358758322070067,36.55671994082251,True
fine,27,2,679,7,0.9861104542676995,1.046302624954157,0.9846543642474614,1.046302624954157,45.44216240833472,True
fine,27,2,679,8,0.9851410978079715,1.0433974404923787,0.9786032300687284,1.0433974404923787,54.71670922163631,True
fine,27,2,679,9,0.9954123400279556,1.0436541175221175,0.9830901525194506,1.0436541175221175,47.10832077115979,True
fine,27,2,679,10,0.9959954002117213,1.0401914847589502,0.9867354982573606,1.0401914847589502,41.33764121266499,True
fine,27,2,679,11,0.9969235709150177,1.0416687457805072,0.9872713924392985,1.0416687457805072,40.55122355611392,True
fine,27,2,679,12,0.992069762541515,1.0383960260772116,0.9880922991243622,1.0383960260772116,39.84972501988804,True
fine,27,2,679,13,0.9929903303217377,1.0392058240012325,0.9886237115557789,1.0392058240012325,39.07541168415143,True
fine,27,2,679,14,0.9939090364922376,1.040012388671898,0.9891538594096237,1.040012388671898,38.30461252846235,True
fine,27,2,679,15,0.9843394580364072,1.040686202524147,0.981057773544489,1.040686202524147,51.421629729561765,True
fine,27,2,679,16,0.9803974788074253,1.0465329051526044,0.9719396624781249,1.0465329051526044,67.5727431983991,True
fine,27,2,679,17,0.9743059439768934,1.0577809152792668,0.9570591651218429,1.0602009714606362,94.63048210161796,True
fine,27,2,679,18,0.9733695836311735,1.0580182612816684,0.9570172201270896,1.0603684134877043,98.28295817803838,True
fine,27,2,679,19,0.9791478525600634,1.0595526522433163,0.9593184479473852,1.0617945187610802,94.48321172045644,True
fine,27,2,679,20,0.9863593289998778,1.0530580787833366,0.9672786396450345,1.0548450721358962,81.0518633116675,True
fine,27,2,679,21,0.9919317328879488,1.0463540483135776,0.9746520137983589,1.0476713390595738,68.08408901597765,True
fine,27,2,679,22,0.9956525780043645,1.0396448240457865,0.9810399938186852,1.0399008166721244,56.36524632236652,True
fine,27,2,679,23,0.9955413402539379,1.0394359148289603,0.9869621204537286,1.0394359148289603,46.043745837637545,True
fine,27,3,679,0,0.9858770318514094,1.0425037082528392,0.9858770318514094,1.0425037082528392,39.09863876747709,True
fine,27,3,679,1,0.9911862018923255,1.0486495503623756,0.9911862018923255,1.0486495503623756,35.119047122858916,True
fine,27,3,679,2,0.995110973247998,1.0472043651623248,0.9944655119678976,1.0472043651623248,31.927185677328247,True
fine,27,3,679,3,1.0000195887160563,1.0468458542168944,0.9965448429867731,1.0468458542168944,28.114940963377066,True
fine,27,3,679,4,0.9960849647227838,1.042618695886477,0.9946847673727505,1.042618695886477,29.90878396740149,True
fine,27,3,679,5,0.9903546370940036,1.0386288674174984,0.9903546370940036,1.0386288674174984,33.53753846195877,True
fine,27,3,679,6,0.9859734810818617,1.0356961702981136,0.9859734810818617,1.0356961702981136,36.556181594698124,True
fine,27,3,679,7,0.9860173834239565,1.04646107812077,0.9846279434901158,1.04646107812077,45.4414458929094,True
fine,27,3,679,8,0.9853145404723078,1.0495168853431704,0.9786872441860748,1.0495168853431704,54.729332937058295,True
fine,27,3,679,9,0.9953639041064751,1.0437587901270922,0.9830762907756561,1.0437587901270922,47.10758631665753,True
fine,27,3,679,10,0.9959649444338926,1.0401019387115003,0.9867228949314604,1.0401019387115003,41.33731443018766,True
fine,27,3,679,11,0.9968932489142048,1.041579455855904,0.9872588777403423,1.041579455855904,40.55090706355228,True
fine,27,3,679,12,0.9920091150345636,1.0386026929483132,0.9880673402559658,1.0386026929483132,39.84910825841083,True
fine,27,3,679,13,0.992930021431037,1.0394121561599055,0.9885989600304408,1.0394121561599055,39.07483139754931,True
fine,27,3,679,14,0.9938490146983431,1.0402184646974966,0.9891292947538708,1.0402184646974966,38.30405144108215,True
fine,27,3,679,15,0.9841968672790299,1.041000775641404,0.981016133632804,1.041000775641404,51.420407645614205,True
fine,27,3,679,16,0.9798806882382061,1.0471621950255228,0.9718418159368861,1.0471621950255228,67.57360957166951,True
fine,27,3,679,17,0.9730943828683697,1.0577236921985682,0.9567901849991112,1.0600548604707598,94.60683843968937,True
fine,27,3,679,18,0.9715787866916274,1.058003453687661,0.9566213470858108,1.0602199998275617,98.25627995230317,True
fine,27,3,679,19,0.9773325993016477,1.0596921073691346,0.9589230691708078,1.0617884746833426,94.49203713710375,True
fine,27,3,679,20,0.9849079515462683,1.0531741207696992,0.9669778714656142,1.0548381274029572,81.05613445696864,True
fine,27,3,679,21,0.9912332027875311,1.0464389577093889,0.9744459045047013,1.0476606202420535,68.07875951717268,True
fine,27,3,679,22,0.9952267830045523,1.038940246427234,0.9808983787279464,1.0397405113546372,56.36318030764231,True
fine,27,3,679,23,0.9952899094161112,1.0387070260725257,0.9868566071986368,1.0387070260725257,46.04115348723182,True
fine,27,4,679,0,0.985910723522193,1.0419497738107388,0.985910723522193,1.0419497738107388,39.10072535576386,True
fine,27,4,679,1,0.9912085202677705,1.048683695932004,0.9912085202677705,1.048683695932004,35.12042020622692,True
fine,27,4,679,2,0.9951254246955301,1.047226989253978,0.9945026377424944,1.047226989253978,31.92808302150371,True
fine,27,4,679,3,1.0000271308580506,1.0468580902242233,0.9965709182207586,1.0468580902242233,28.115366939435148,True
fine,27,4,679,4,0.9960910476839387,1.0423259280828059,0.994702697466509,1.0423259280828059,29.90918605826848,True
fine,27,4,679,5,0.9903627212997382,1.0383320855404712,0.9903627212997382,1.0383320855404712,33.53810384153697,True
fine,27,4,679,6,0.9859833016365785,1.0357109466124226,0.9859833016365785,1.0357109466124226,36.55685977392801,True
fine,27,4,679,7,0.9860320460307826,1.0461541246259025,0.9846502864575434,1.0461541246259025,45.44236123665086,True
fine,27,4,679,8,0.9853925606724918,1.0495448062606751,0.9787120323518369,1.0495448062606751,54.73045538410952,True
fine,27,4,679,9,0.9953715568203789,1.0436081269522277,0.9830875273499069,1.0436081269522277,47.10806586605793,True
fine,27,4,679,10,0.9959716339003588,1.04011035746464,0.9867333528444541,1.04011035746464,41.33772151280049,True
fine,27,4,679,11,0.9968997728086568,1.0415876265930946,0.987269228574023,1.0415876265930946,40.55130192863414,True
fine,27,4,679,12,0.9920218372223838,1.0383047675360964,0.988087975795467,1.0383047675360964,39.84988170636188,True
fine,27,4,679,13,0.9929424125708137,1.0391150724233877,0.9886193799130314,1.0391150724233877,39.075570874277936,True
fine,27,4,679,14,0.9938610594585386,1.0399221946196793,0.989149493478444,1.0399221946196793,38.30476381596189,True
fine,27,4,679,15,0.984223521444529,1.0405365429895974,0.9810520648559902,1.0405365429895974,51.42200833950756,True
fine,27,4,679,16,0.9801474664373936,1.0462060199859313,0.9719300637178716,1.0462060199859313,67.57379953865407,True
fine,27,4,679,17,0.9736983609771471,1.0574514478165407,0.9570453707419317,1.05995127403517,94.61420526714119,True
fine,27,4,679,18,0.9725158672544648,1.0575233892647817,0.9569993935914809,1.0599977326610834,98.26682315908698,True
fine,27,4,679,19,0.9783659342446115,1.059078933685857,0.9592954293960458,1.0614519602355759,94.48900272273569,True
fine,27,4,679,20,0.9856609897072647,1.0527024256122333,0.967236484288006,1.0545897436976126,81.0680331500293,True
fine,27,4,679,21,0.9916414861253017,1.0460852641763743,0.9746321486264568,1.047484533055515,68.08683144064145,True
fine,27,4,679,22,0.9952730567246003,1.039134522703002,0.9810234443016291,1.0397722957794693,56.368009781080765,True
fine,27,4,679,23,0.995355190092826,1.0387911262725578,0.9869477416118881,1.0387911262725578,46.043691540367305,True
fine,27,5,679,0,0.985816334599903,1.0420282376401355,0.985816334599903,1.0420282376401355,39.099375925349335,True
fine,27,5,679,1,0.9911362335430918,1.0484844665453552,0.9911362335430918,1.0484844665453552,35.119574019367626,True
fine,27,5,679,2,0.9950713623449328,1.0470735524739114,0.9944569297425115,1.0470735524739114,31.92759220287521,True
fine,27,5,679,3,0.9999902012962557,1.0467487790941172,0.9965382959255739,1.0467487790941172,28.11520044226796,True
fine,27,5,679,4,0.9960651934350159,1.0424643685700177,0.9946804036619195,1.0424643685700177,29.90898456964907,True
fine,27,5,679,5,0.9903346199078414,1.0384730081714955,0.9903346199078414,1.0384730081714955,33.53777075790166,True
fine,27,5,679,6,0.9859532554384673,1.0356301364879674,0.9859532554384673,1.0356301364879674,36.55644241909952,True
fine,27,5,679,7,0.9859968028541747,1.046301024098018,0.9846237679685508,1.046301024098018,45.44176421767822,True
fine,27,5,679,8,0.9852846101438366,1.0494492850237978,0.9786831586878776,1.0494492850237978,54.72970603327606,True
fine,27,5,679,9,0.9953557280031624,1.0436783570188517,0.9830747824058119,1.0436783570188517,47.10811031489023,True
fine,27,5,679,10,0.9959741605093192,1.0400690796603467,0.9867207598572267,1.0400690796603467,41.33746225610173,True
fine,27,5,679,11,0.9969024562920009,1.0415466500544346,0.9872567395901132,1.0415466500544346,40.55105337658338,True
fine,27,5,679,12,0.9920276786440613,1.0384466320734294,0.9880630656541831,1.0384466320734294,39.84938814178166,True
fine,27,5,679,13,0.9929485747132945,1.0392564287167216,0.9885946820552067,1.0392564287167216,39.075102044826295,True
fine,27,5,679,14,0.9938675485188417,1.0400630460874065,0.9891250103259788,1.0400630460874065,38.304315729901106,True
fine,27,5,679,15,0.9841654343573095,1.0407597613092803,0.981009923414765,1.0407597613092803,51.42093978538621,True
fine,27,5,679,16,0.9800919366345613,1.0495472522958045,0.9719320948031682,1.0495472522958045,67.59018375269682,True
fine,27,5,679,17,0.9727430718002309,1.0575757901505574,0.9567624603758866,1.059971965594771,94.61062267519081,True
fine,27,5,679,18,0.9711231710517338,1.0577144942981556,0.956582849573153,1.0600377760382937,98.26100433537785,True
fine,27,5,679,19,0.9770197364035937,1.0592539331791964,0.9588861201148354,1.061481063196223,94.49910826477931,True
fine,27,5,679,20,0.9846528116187543,1.052817418541577,0.9669472393439472,1.0545904729263043,81.05989972323435,True
fine,27,5,679,21,0.9910358451660528,1.0461618313649195,0.974420840964872,1.0474706697697906,68.08057560206667,True
fine,27,5,679,22,0.9951232945016506,1.038732082626912,0.980878804304685,1.0395995250080554,56.36501393465855,True
fine,27,5,679,23,0.9953663887451341,1.0384464219814773,0.9868413653213606,1.0384464219814773,46.041277903322516,True
fine,28,1,704,0,0.9855384333183466,1.0423692962541702,0.9855384333183466,1.0423692962541702,39.3215289358145,True
fine,28,1,704,1,0.9909165568933956,1.0483889697070332,0.9909165568933956,1.0483889697070332,35.31538849115381,True
fine,28,1,704,2,0.994888088944199,1.0470022286400744,0.9944125784742709,1.0470022286400744,32.07391206026093,True
fine,28,1,704,3,0.9998542022459912,1.0466972253866487,0.9965059059296558,1.0466972253866487,28.22390942981916,True
fine,28,1,704,4,0.995974177747973,1.0425766414756812,0.9946585671992857,1.0425766414756812,29.982045749539154,True
fine,28,1,704,5,0.9902429049274262,1.0385861759162016,0.9902429049274262,1.0385861759162016,33.61133532506964,True
fine,28,1,704,6,0.9858610851079402,1.0355940773494272,0.9858610851079402,1.0355940773494272,36.63023284056871,True
fine,28,1,704,7,0.9859037138931273,1.0464158205445508,0.9846000266626581,1.0464158205445508,45.51589499747793,True
fine,28,1,704,8,0.9852437910555587,1.049409597005898,0.9786583594852452,1.049409597005898,54.804090812544004,True
fine,28,1,704,9,0.9953072651598287,1.0437369708187305,0.9830622767002116,1.0437369708187305,47.14475291979727,True
fine,28,1,704,10,0.9959309719805463,1.0400508910000104,0.986709199315293,1.0400508910000104,41.37438709756162,True
fine,28,1,704,11,0.9968593557074409,1.041528547471199,0.9872452316889785,1.041528547471199,40.587966031662354,True
fine,28,1,704,12,0.9919412356543652,1.0385597521451309,0.9880400474133038,1.0385597521451309,39.923297937329295,True
fine,28,1,704,13,0.9928622955752914,1.0393693597555236,0.9885717632476609,1.0393693597555236,39.14897878506038,True
fine,28,1,704,14,0.9937814344499375,1.040175796688963,0.9891021917432354,1.040175796688963,38.37815540704334,True
fine,28,1,704,15,0.9840245737908555,1.0409328348377334,0.9809731766778224,1.0409328348377334,51.53254424227732,True
fine,28,1,704,16,0.9799659722432459,1.049424292476214,0.9718540450502466,1.049424292476214,67.81525161581642,True
fine,28,1,704,17,0.9725101500723075,1.0576648379240081,0.9565437313822149,1.0600613473446086,95.16035929848404,True
fine,28,1,704,18,0.9707493782390865,1.057907675444777,0.9562718197678503,1.0602199925774949,99.04862568551664,True
fine,28,1,704,19,0.9765762212363643,1.0596061983177372,0.9586058112322202,1.061794583056019,95.2360045539306,True
fine,28,1,704,20,0.9842889295943469,1.0531165738221904,0.9667208575830821,1.0548580885524763,81.6760233705943,True
fine,28,1,704,21,0.9907214294348577,1.046410835167932,0.9742309911997752,1.0476910552693037,68.5851463849231,True
fine,28,1,704,22,0.99465147089341,1.0389225158981175,0.9807529076549499,1.0397707980986346,56.74072366203616,True
fine,28,1,704,23,0.9950149405220233,1.0382933921252293,0.9867448973311079,1.0382933921252293,46.34047654375853,True
fine,28,2,704,0,0.9860266809036758,1.04227236461314,0.9860266809036758,1.04227236461314,39.32258354637713,True
fine,28,2,704,1,0.9913214001578896,1.0489532227404836,0.9913214001578896,1.0489532227404836,35.31612042021313,True
fine,28,2,704,2,0.9952106123093346,1.0474490549355835,0.9944517118291383,1.0474490549355835,32.07442449969573,True
fine,28,2,704,3,1.000095111738757,1.0470290924265535,0.996534905862597,1.0470290924265535,28.224190800706797,True
fine,28,2,704,4,0.9961351730724287,1.0424533229744393,0.9946780853955854,1.0424533229744393,29.98228629520075,True
fine,28,2,704,5,0.9904045867791276,1.0384633069850948,0.9904045867791276,1.0384633069850948,33.61164650961822,True
fine,28,2,704,6,0.9860233281934184,1.035819779666703,0.9860233281934184,1.035819779666703,36.63060085086986,True
fine,28,2,704,7,0.9860659910545978,1.0462962322080518,0.9846206353360175,1.0462962322080518,45.51638448226623,True
fine,28,2,704,8,0.9850858793162482,1.0434441515786976,0.9785670297491232,1.0434441515786976,54.7911948831661,True
fine,28,2,704,9,0.9953897962315431,1.0436762799061716,0.9830731898446233,1.0436762799061716,47.14537092257178,True
fine,28,2,704,10,0.9959588505974188,1.040162403352721,0.9867193118414623,1.040162403352721,41.37461641022211,True
fine,28,2,704,11,0.9968871922690422,1.0416398971247784,0.9872553170585558,1.0416398971247784,40.588186733895654,True
fine,28,2,704,12,0.9919971396588994,1.0384392384067036,0.9880602342919433,1.0384392384067036,39.92371641129774,True
fine,28,2,704,13,0.992918046814046,1.0392488255400558,0.9885918666332932,1.0392488255400558,39.14937441516165,True
fine,28,2,704,14,0.9938370930986474,1.0400551810244276,0.9891222350783212,1.0400551810244276,38.37854033513484,True
fine,28,2,704,15,0.9842685905921601,1.040755623579731,0.9810046974382662,1.040755623579731,51.53337125293785,True
fine,28,2,704,16,0.9802097381663524,1.046681707303378,0.9718196633365498,1.046681707303378,67.79922023286913,True
fine,28,2,704,17,0.9737542011780329,1.0578387664571625,0.9567218676332447,1.0601912456204226,95.17641813911277,True
fine,28,2,704,18,0.9725577110219108,1.0581039928661065,0.9565210085641026,1.0603557890466973,99.07038354441771,True
fine,28,2,704,19,0.9783506458407252,1.0596359811972187,0.9588348849746097,1.0617812039542804,95.24232003841631,True
fine,28,2,704,20,0.985752015790234,1.053122793840968,0.9669040395254866,1.054831088484992,81.68199834359942,True
fine,28,2,704,21,0.991378406743936,1.0463994810147776,0.9743883920328432,1.04765789967285,68.57908565981745,True
fine,28,2,704,22,0.9954611712899518,1.038906268755399,0.9808581536059041,1.039737176198145,56.74349334509522,True
fine,28,2,704,23,0.9952388301697802,1.0391889349372607,0.986825848939478,1.0391889349372607,46.34188979679392,True
fine,28,3,704,0,0.9856785231215743,1.0423813258586274,0.9856785231215743,1.0423813258586274,39.32272860396115,True
fine,28,3,704,1,0.9910358579543015,1.0486388727703122,0.9910358579543015,1.0486388727703122,35.31618470920259,True
fine,28,3,704,2,0.9949852029838916,1.0472025460244698,0.9944057691892445,1.0472025460244698,32.07442841037339,True
fine,28,3,704,3,0.9999286906272762,1.0468483120074763,0.9965017811453988,1.0468483120074763,28.22417304748812,True
fine,28,3,704,4,0.9960233507043695,1.042575648216047,0.9946555798080097,1.042575648216047,29.98228298752738,True
fine,28,3,704,5,0.9902911364524078,1.0385866356037767,0.9902911364524078,1.0385866356037767,33.61165590627941,True
fine,28,3,704,6,0.9859084707327721,1.035693514141697,0.9859084707327721,1.035693514141697,36.630631757003705,True
fine,28,3,704,7,0.9859482197080505,1.0464216955559351,0.9845947804853016,1.0464216955559351,45.51648309333211,True
fine,28,3,704,8,0.9852993149167008,1.049504297297005,0.9786518279115555,1.049504297297005,54.80488160529284,True
fine,28,3,704,9,0.9953290671785844,1.0437395109133731,0.9830596122642766,1.0437395109133731,47.145060200636465,True
fine,28,3,704,10,0.9959452529610381,1.0400991068584535,0.9867069230702289,1.0400991068584535,41.37464005392944,True
fine,28,3,704,11,0.9968736986453043,1.0415768069788698,0.9872430049622888,1.0415768069788698,40.588210951889586,True
fine,28,3,704,12,0.9919702707021194,1.0385623050789499,0.9880356515168778,1.0385623050789499,39.92375154693667,True
fine,28,3,704,13,0.9928914687313968,1.0393716014059142,0.988567473540313,1.0393716014059142,39.149421922104025,True
fine,28,3,704,14,0.9938107500834537,1.0401777451697587,0.9890980095830308,1.0401777451697587,38.37858242916883,True
fine,28,3,704,15,0.9840888175034903,1.040944145865572,0.9809640952648491,1.040944145865572,51.533586532846265,True
fine,28,3,704,16,0.9801223438914138,1.0496984093293809,0.9718284088580162,1.0496984093293809,67.81857035220104,True
fine,28,3,704,17,0.972884442423774,1.057787265385523,0.9564637969224768,1.0600712247801154,95.18576274890148,True
fine,28,3,704,18,0.9712426134457677,1.0581061841599328,0.9561425909139408,1.0602460585335365,99.08235998077984,True
fine,28,3,704,19,0.976999292805246,1.0598035871188336,0.9584827629305512,1.0618126448041119,95.25159528303482,True
fine,28,3,704,20,0.9846778286924625,1.0532595195034016,0.9666351801800898,1.0548534246075112,81.68589433905967,True
fine,28,3,704,21,0.9910891719224827,1.0465021862322554,0.97419082699995,1.0476693953191814,68.58155897090387,True
fine,28,3,704,22,0.994855877493775,1.0389844169314268,0.9807177692668657,1.0397445395064324,56.74436380417042,True
fine,28,3,704,23,0.9951244053411817,1.0386752339939644,0.9867227347157811,1.0386752339939644,46.3425487866469,True
fine,28,4,704,0,0.9858304618728868,1.0420480752733003,0.9858304618728868,1.0420480752733003,39.32301628787712,True
fine,28,4,704,1,0.991157278800463,1.0487658369583075,0.991157278800463,1.0487658369583075,35.31641917414194,True
fine,28,4,704,2,0.9950789483767851,1.0472990308541608,0.9944748612387492,1.0472990308541608,32.07460619138662,True
fine,28,4,704,3,0.9999959859161691,1.0469162717752396,0.9965519887191991,1.0469162717752396,28.224269383560582,True
fine,28,4,704,4,0.996069255476359,1.0423712526843576,0.9946895688413435,1.0423712526843576,29.98236742062522,True
fine,28,4,704,5,0.9903389531156684,1.0383791138448804,0.9903389531156684,1.0383791138448804,33.611761435390854,True
fine,28,4,704,6,0.9859579002037849,1.035745153765352,0.9859579002037849,1.035745153765352,36.63074167369167,True
fine,28,4,704,7,0.9860022055420041,1.0462056830585733,0.9846328716035546,1.0462056830585733,45.51658142919152,True
fine,28,4,704,8,0.9853781938274067,1.0495686798565942,0.9786922016118156,1.0495686798565942,54.80494122221152,True
fine,28,4,704,9,0.9953563838260654,1.0436334230530548,0.9830787366282662,1.0436334230530548,47.145110076284446,True
fine,28,4,704,10,0.9959696242583962,1.040126011115762,0.9867253123242197,1.040126011115762,41.374695769144175,True
fine,28,4,704,11,0.9968979187578632,1.0416034843174007,0.9872612968660628,1.0416034843174007,40.58826669113381,True
fine,28,4,704,12,0.9920184117323828,1.0383533729542858,0.9880721718323444,1.0383533729542858,39.923863187342384,True
fine,28,4,704,13,0.9929392873668921,1.039163319212834,0.9886037889443164,1.039163319212834,39.14952864540325,True
fine,28,4,704,14,0.9938582386740626,1.039970099924975,0.9891341171535633,1.039970099924975,38.37868903182914,True
fine,28,4,704,15,0.9841742722837957,1.0406166297993982,0.9810235278122333,1.0406166297993982,51.53369076958274,True
fine,28,4,704,16,0.9800753237009393,1.0463793124834102,0.9718567369293823,1.0463793124834102,67.80386862470189,True
fine,28,4,704,17,0.9734755594483168,1.0574612852918712,0.9568221367205921,1.0599130091813307,95.17917939098461,True
fine,28,4,704,18,0.972162107157871,1.05755224011061,0.9566676512158682,1.059948426038841,99.0740713267687,True
fine,28,4,704,19,0.9779706189038077,1.0591226924056227,0.9589715967487251,1.0614026753736157,95.24528805849955,True
fine,28,4,704,20,0.9854306014668924,1.052723076192111,0.967015723160534,1.054539870524444,81.68361083599049,True
fine,28,4,704,21,0.9915409903865872,1.0460917270513699,0.9744772793214743,1.0474369623917164,68.5803180271695,True
fine,28,4,704,22,0.9950969778512164,1.0394115731169549,0.9809205032722519,1.039732079321446,56.74296883399364,True
fine,28,4,704,23,0.9953283424583182,1.038903035400048,0.9868757672035926,1.038903035400048,46.34259763151354,True
fine,28,5,704,0,0.9858850256053429,1.0422917352115175,0.9858850256053429,1.0422917352115175,39.3213992191978,True
fine,28,5,704,1,0.9912034966699822,1.0488379314251326,0.9912034966699822,1.0488379314251326,35.31536235747047,True
fine,28,5,704,2,0.9951163657371593,1.0473572414158197,0.994415867324394,1.0473572414158197,32.07393550542991,True
fine,28,5,704,3,1.0000243794352586,1.0469601824672286,0.9965078801714412,1.0469601824672286,28.223963109046785,True
fine,28,5,704,4,0.9960878979984732,1.042546355707758,0.9946600673977917,1.042546355707758,29.982059163956905,True
fine,28,5,704,5,0.9903572195082903,1.0385574162683129,0.9903572195082903,1.0385574162683129,33.61131205905591,True
fine,28,5,704,6,0.9859759218590537,1.0357734432176138,0.9859759218590537,1.0357734432176138,36.630196720494716,True
fine,28,5,704,7,0.9860185030343126,1.046392794653714,0.9846028325403106,1.046392794653714,45.515807083996904,True
fine,28,5,704,8,0.9853877381148852,1.0495934115193883,0.9786618922264827,1.0495934115193883,54.803950647071424,True
fine,28,5,704,9,0.9953639505456849,1.0437258470194708,0.9830636815313574,1.0437258470194708,47.144700567657665,True
fine,28,5,704,10,0.9959762829433381,1.0401392234656395,0.9867103738830183,1.0401392234656395,41.374354116310826,True
fine,28,5,704,11,0.996904585530468,1.0416167192227765,0.9872463688968333,1.0416167192227765,40.58793653647873,True
fine,28,5,704,12,0.9920322780025144,1.0385340923815451,0.9880423486092345,1.0385340923815451,39.92324218297828,True
fine,28,5,704,13,0.9929531231081713,1.0393434490495859,0.9885739700837368,1.0393434490495859,39.14891848404603,True
fine,28,5,704,14,0.993872113139903,1.0401495792474444,0.9891043301368926,1.0401495792474444,38.37810236027932,True
fine,28,5,704,15,0.9841972812523376,1.0409020492215677,0.9809781197261825,1.0409020492215677,51.53233184145225,True
fine,28,5,704,16,0.9801063969828494,1.0469826049256992,0.9717672538087017,1.0469826049256992,67.79640101509274,True
fine,28,5,704,17,0.973638126306243,1.0578102507012204,0.956603976816308,1.060199056563454,95.17386480397373,True
fine,28,5,704,18,0.9723387131288577,1.0581382778067085,0.9563556964164142,1.0604285346376217,99.06180174677087,True
fine,28,5,704,19,0.97802005916491,1.0598330819189343,0.9586755833943952,1.0619852529647003,95.23368134050122,True
fine,28,5,704,20,0.9854757722815317,1.0532822844757053,0.9667672549448107,1.0549971184464648,81.67440141322535,True
fine,28,5,704,21,0.9916086702028839,1.046522366293967,0.9742760539856113,1.0477871423212202,68.57318245811928,True
fine,28,5,704,22,0.9952258733958701,1.0389955878000667,0.9807707047700631,1.0398323346666603,56.739946133146304,True
fine,28,5,704,23,0.995379635593365,1.039004737912141,0.9867552733340527,1.039004737912141,46.33976745613896,True
fine,29,1,729,0,0.9853773562040112,1.0422746216143393,0.9853773562040112,1.0422746216143393,39.544793741011,True
fine,29,1,729,1,0.9907784455680763,1.048031067962661,0.9907784455680763,1.048031067962661,35.48865720410987,True
fine,29,1,729,2,0.9947802460817043,1.0467109462008273,0.9943919316933473,1.0467109462008273,32.223144287000295,True
fine,29,1,729,3,0.9997840841079448,1.0464903371643839,0.9964949046190277,1.0464903371643839,28.33317394632156,True
fine,29,1,729,4,0.9959264124402458,1.0425472245458767,0.9946506423267935,1.0425472245458767,30.055476639813282,True
fine,29,1,729,5,0.9901930487939856,1.0385556134147094,0.9901930487939856,1.0385556134147094,33.68526489347216,True
fine,29,1,729,6,0.9858093804539386,1.035448446064771,0.9858093804539386,1.035448446064771,36.70439564707973,True
fine,29,1,729,7,0.9858475501716005,1.0463822272273358,0.9845869974542731,1.0463822272273358,45.590436266296926,True
fine,29,1,729,8,0.9851049938708171,1.0492506690713632,0.9786424380744199,1.0492506690713632,54.878935762130205,True
fine,29,1,729,9,0.9952792999409292,1.043719722757292,0.9830557111333993,1.043719722757292,47.181962693852576,True
fine,29,1,729,10,0.9959094698775695,1.0399782576058567,0.9867035305280085,1.0399782576058567,41.411508925297724,True
fine,29,1,729,11,0.9968380325144455,1.0414561958034325,0.9872396865350848,1.0414561958034325,40.62507419365096,True
fine,29,1,729,12,0.991898544968108,1.0385272639526735,0.988029007328236,1.0385272639526735,39.99758653104412,True
fine,29,1,729,13,0.9928199785782241,1.0393371222303458,0.9885609764605857,1.0393371222303458,39.22323106039308,True
fine,29,1,729,14,0.9937394877989068,1.040143790152931,0.9890916572253081,1.040143790152931,38.45236969154919,True
fine,29,1,729,15,0.9839356758748596,1.0408796634353092,0.9809507861450687,1.0408796634353092,51.644792112852606,True
fine,29,1,729,16,0.9795228807901531,1.0489149290647761,0.9717921811722572,1.0489149290647761,68.0433308327152,True
fine,29,1,729,17,0.9713432970789175,1.0574706472776796,0.956329823035069,1.0598369942954484,95.71155494820346,True
fine,29,1,729,18,0.9690231539744972,1.05762546843464,0.955939666054885,1.0598931750797569,99.84856560781934,True
fine,29,1,729,19,0.975225120312321,1.0593607668058542,0.9583904848498419,1.0614957724611058,96.01704513817697,True
fine,29,1,729,20,0.9830373396300038,1.0529125786446256,0.9665158526210084,1.0546183813054646,82.29721655545455,True
fine,29,1,729,21,0.9897646040173964,1.0462590277902428,0.974095329890215,1.0475095443291413,69.08242937464243,True
fine,29,1,729,22,0.9942765665958463,1.0388156629107554,0.9806689327422681,1.0396404608861545,57.118764741490224,True
fine,29,1,729,23,0.9948304435257401,1.0376936220625332,0.9866911931720654,1.0376936220625332,46.64018921567069,True
fine,29,2,729,0,0.9853003337928016,1.0424546751568382,0.9853003337928016,1.0424546751568382,39.546897775771356,True
fine,29,2,729,1,0.9907288702303712,1.0479728385791538,0.9907288702303712,1.0479728385791538,35.50160219508426,True
fine,29,2,729,2,0.9947347213548674,1.0466718055858693,0.9943437444606736,1.0466718055858693,32.22377764670476,True
fine,29,2,729,3,0.9997531666669757,1.0464654325173912,0.9964603890035408,1.0464654325173912,28.33343955056285,True
fine,29,2,729,4,0.9959050184489798,1.0426028718618512,0.9946272241385268,1.0426028718618512,30.05579948564947,True
fine,29,2,729,5,0.9901700318641393,1.0386127578711462,0.9901700318641393,1.0386127578711462,33.68580174201098,True
fine,29,2,729,6,0.9857850556635342,1.0354270722849495,0.9857850556635342,1.0354270722849495,36.70508764663114,True
fine,29,2,729,7,0.9858193243947734,1.0464433961242992,0.9845600371146682,1.0464433961242992,45.591517330826235,True
fine,29,2,729,8,0.9850875637659735,1.049219045813616,0.9786134324222638,1.049219045813616,54.88044840597082,True
fine,29,2,729,9,0.9952648473441541,1.0437498917510477,0.9830421546446215,1.0437498917510477,47.18254409640037,True
fine,29,2,729,10,0.9958803713649912,1.03996638240929,0.9866905906850347,1.03996638240929,41.41197407790398,True
fine,29,2,729,11,0.9968090947426752,1.0414445464562656,0.9872268423057591,1.0414445464562656,40.62551687500767,True
fine,29,2,729,12,0.9918407434797907,1.0385858109270059,0.9880033604008585,1.0385858109270059,39.99842188812694,True
fine,29,2,729,13,0.9927624725043502,1.0393953676272218,0.9885355070179451,1.0393953676272218,39.224030342744655,True
fine,29,2,729,14,0.9936822781157825,1.040201738976623,0.9890663657817357,1.040201738976623,38.45312911828447,True
fine,29,2,729,15,0.9838892784529764,1.040974039051715,0.9809082712187848,1.040974039051715,51.64683155471236,True
fine,29,2,729,16,0.9794501845839437,1.0487967494192263,0.9716956054301354,1.0487967494192263,68.0494594501884,True
fine,29,2,729,17,0.9710756585249768,1.0576790543668064,0.9560586898195725,1.0599086229463848,95.73360775547437,True
fine,29,2,729,18,0.9686008055476119,1.0579358510243584,0.9555334638955899,1.0600042782154289,99.88339495894871,True
fine,29,2,729,19,0.9748428670460906,1.0596477341849206,0.9580145104034975,1.0615952984591777,96.04918567882096,True
fine,29,2,729,20,0.9893098977141848,1.0591161976271828,0.9662558104165918,1.0606933320419862,82.5498202752117,True
fine,29,2,729,21,0.9895966128219869,1.046423781130003,0.9738826691177369,1.0475511119815442,69.09619267240207,True
fine,29,2,729,22,0.9941720274914929,1.0389340843681154,0.9805201169998068,1.0396652119403433,57.12606495665939,True
fine,29,2,729,23,0.9945887859518365,1.037586790439393,0.9865817420682782,1.037586790439393,46.64421733727376,True
fine,29,3,729,0,0.9854724376019396,1.0419274682175612,0.9854724376019396,1.0419274682175612,39.54491492145106,True
fine,29,3,729,1,0.9908582576579155,1.0483827774253585,0.9908582576579155,1.0483827774253585,35.488729861143135,True
fine,29,3,729,2,0.9948544636375624,1.0469975003905134,0.9944219481437199,1.0469975003905134,32.22121989230521,True
fine,29,3,729,3,0.99983252824354,1.0466971607751603,0.9965150936679031,1.0466971607751603,28.333180514138668,True
fine,29,3,729,4,0.995958668502522,1.042431521218832,0.994664127905778,1.042431521218832,30.055500723841575,True
fine,29,3,729,5,0.9902251420035852,1.038439708431009,0.9902251420035852,1.038439708431009,33.68530758470182,True
fine,29,3,729,6,0.9858412772769565,1.0355887235235632,0.9858412772769565,1.0355887235235632,36.7044647814229,True
fine,29,3,729,7,0.9858790225737031,1.0462665202455086,0.9846002413066344,1.0462665202455086,45.59055386090283,True
fine,29,3,729,8,0.9852295519841001,1.0493936011557214,0.9786555243993478,1.0493936011557214,54.87910432753629,True
fine,29,3,729,9,0.9952949230925746,1.04366272698996,0.983062316185474,1.04366272698996,47.18202771718236,True
fine,29,3,729,10,0.9959263381886235,1.0400472615331227,0.986710164842065,1.0400472615331227,41.41156454739455,True
fine,29,3,729,11,0.9968548960870018,1.0415251192553348,0.9872463229418792,1.0415251192553348,40.625128954473645,True
fine,29,3,729,12,0.9919324121726724,1.0384127377582901,0.988042317701918,1.0384127377582901,39.99766237524923,True
fine,29,3,729,13,0.9928538376649476,1.0392226268348834,0.9885742918706585,1.0392226268348834,39.22330909914494,True
fine,29,3,729,14,0.9937733401371528,1.0400293396419709,0.9891049779152663,1.0400293396419709,38.45244591041378,True
fine,29,3,729,15,0.9839825473989956,1.040707122488412,0.9809705524832578,1.040707122488412,51.64496193361677,True
fine,29,3,729,16,0.9798981478748544,1.0493479727496031,0.9718304158198126,1.0493479727496031,68.04411045342131,True
fine,29,3,729,17,0.9721047931591716,1.0574601573574778,0.9564161954566273,1.0597670225018383,95.70952058677214,True
fine,29,3,729,18,0.9701905942663374,1.0575413761917745,0.9560682755514238,1.059737863796091,99.84224757152565,True
fine,29,3,729,19,0.9761902866643658,1.0590927202296665,0.9584288305849943,1.061201573376913,95.9881450319768,True
fine,29,3,729,20,0.9840459455789912,1.0527015077504127,0.9666155232177642,1.054374807768877,82.29744645736075,True
fine,29,3,729,21,0.9905714487259015,1.0460791038440949,0.9741770525875859,1.0473050371829318,69.08299271089834,True
fine,29,3,729,22,0.9944386408030295,1.0397077059707336,0.9807310548664181,1.0397077059707336,57.11765291015863,True
fine,29,3,729,23,0.9949650459705138,1.0382491895900536,0.9867431976845017,1.0382491895900536,46.64009440994816,True
fine,29,4,729,0,0.9859186879102477,1.0482351393042721,0.9859186879102477,1.0482351393042721,39.54735394897269,True
fine,29,4,729,1,0.9912777414936925,1.0487619521071825,0.9912777414936925,1.0487619521071825,35.500078301619524,True
fine,29,4,729,2,0.9951747641805472,1.0472954506912497,0.9944758876442111,1.0472954506912497,32.22091759332101,True
fine,29,4,729,3,1.0000673598408452,1.0469135670203376,0.9965528384294455,1.0469135670203376,28.333081417251943,True
fine,29,4,729,4,0.9961170606103478,1.0422170182490427,0.994690126532667,1.0422170182490427,30.05540687979717,True
fine,29,4,729,5,0.9903871420082578,1.03822333313797,0.9903871420082578,1.03822333313797,33.6851616983856,True
fine,29,4,729,6,0.9860063579851628,1.0357436841594012,0.9860063579851628,1.0357436841594012,36.704275918432735,True
fine,29,4,729,7,0.9860507860790355,1.0461658158722047,0.9846332519198918,1.0461658158722047,45.59020847074973,True
fine,29,4,729,8,0.9853488469588585,1.049567502559945,0.9786924537769132,1.049567502559945,54.87856633297922,True
fine,29,4,729,9,0.9953804316761407,1.0435548275247273,0.983078917897045,1.0435548275247273,47.18183963595988,True
fine,29,4,729,10,0.9959686588537637,1.0401253688042975,0.9867255276496407,1.0401253688042975,41.41142878995023,True
fine,29,4,729,11,0.9968969444453966,1.041602815632361,0.9872615136838174,1.041602815632361,40.62500093031349,True
fine,29,4,729,12,0.9920164807692914,1.0381973211099123,0.988072632465996,1.0381973211099123,39.99741893735383,True
fine,29,4,729,13,0.9929373495814987,1.0390075912482184,0.9886042565061612,1.0390075912482184,39.2230766441156,True
fine,29,4,729,14,0.9938562885674055,1.039814685750404,0.9891345898650126,1.039814685750404,38.45222715633045,True
fine,29,4,729,15,0.9842475249125567,1.0403760374913378,0.9810240357979373,1.0403760374913378,51.64425561154921,True
fine,29,4,729,16,0.9799882826188522,1.045886895316096,0.9718570942251816,1.045886895316096,68.02658597557442,True
fine,29,4,729,17,0.9732798588311473,1.0570797353303942,0.9568215756819272,1.059646195598964,95.7089725728041,True
fine,29,4,729,18,0.9718841542441359,1.0569990809461152,0.9566664945338565,1.0595603016088062,99.83760862333514,True
fine,29,4,729,19,0.9777056625968066,1.0586053315154456,0.9589706422370246,1.0610409578754492,95.96804824605448,True
fine,29,4,729,20,0.9852018210155242,1.052307392155588,0.9670150266843567,1.0542545522177023,82.28727363593777,True
fine,29,4,729,21,0.9914643782759321,1.0457689855081969,0.9744779616867195,1.0472198415430525,69.06713610960728,True
fine,29,4,729,22,0.9953395221186675,1.0386371775299315,0.980921832931889,1.0395758200925698,57.1149389913514,True
fine,29,4,729,23,0.9953209352956387,1.0388985436569547,0.9868772520469722,1.0388985436569547,46.63880358737632,True
fine,29,5,729,0,0.9854458881673875,1.042180629976574,0.9854458881673875,1.042180629976574,39.54106853475744,True
fine,29,5,729,1,0.9908310087495652,1.0482351970559565,0.9908310087495652,1.0482351970559565,35.486112954533674,True
fine,29,5,729,2,0.9948297423248889,1.0468781724908949,0.994353565577337,1.0468781724908949,32.21951733661174,True
fine,29,5,729,3,0.9998109214179026,1.0466050831577578,0.996462091019667,1.0466050831577578,28.33226848672833,True
fine,29,5,729,4,0.9959449156241087,1.0425137772510642,0.9946291437485858,1.0425137772510642,30.054714414989018,True
fine,29,5,729,5,0.9902129584997789,1.038523155818072,0.9902129584997789,1.038523155818072,33.684261998506685,True
fine,29,5,729,6,0.9858305583134663,1.0355303798040574,0.9858305583134663,1.0355303798040574,36.70321427689494,True
fine,29,5,729,7,0.9858711344638682,1.0463533608978932,0.9845689811623757,1.0463533608978932,45.58879192876662,True
fine,29,5,729,8,0.9851453280885003,1.0493404686878571,0.9786263492064065,1.0493404686878571,54.87681497139605,True
fine,29,5,729,9,0.995290669964256,1.0437060773686755,0.9830466955710665,1.0437060773686755,47.181105121659456,True
fine,29,5,729,10,0.9959242313621904,1.0400188117364542,0.986693908013049,1.0400188117364542,41.41079444194391,True
fine,29,5,729,11,0.9968526572095556,1.041496540851926,0.9872299804991826,1.041496540851926,40.624383383449604,True
fine,29,5,729,12,0.9919282081406562,1.0384974376774103,0.9880096125419465,1.0384974376774103,39.99623426845624,True
fine,29,5,729,13,0.9928493517797042,1.0393070834180738,0.988541407385952,1.0393070834180738,39.22192653869499,True
fine,29,5,729,14,0.993768572257257,1.0401135507540384,0.9890719145922174,1.0401135507540384,38.45111173230471,True
fine,29,5,729,15,0.9839738362043198,1.0408395071400454,0.9809257267659665,1.0408395071400454,51.64183773139467,True
fine,29,5,729,16,0.9796640237579506,1.0492091364344274,0.9717544014930674,1.0492091364344274,68.03429924229434,True
fine,29,5,729,17,0.9717643954053968,1.0576115659646703,0.9562900092547727,1.06003568766285,95.68155173857173,True
fine,29,5,729,18,0.9696791736090472,1.0578311406295413,0.9559053818316592,1.0601822440507855,99.79929213769985,True
fine,29,5,729,19,0.9755685203009536,1.0595335012035805,0.9582617547670429,1.0617594011240796,95.94856418584978,True
fine,29,5,729,20,0.9899867891207214,1.0590416851356501,0.9664675427342093,1.0608408826281077,82.5034847707302,True
fine,29,5,729,21,0.9900649781472521,1.0463621753061885,0.9740139408069144,1.0476708957469896,69.06556669349852,True
fine,29,5,729,22,0.9944773776872499,1.0388877599263613,0.9805926653400531,1.0397585510544214,57.10807831514843,True
fine,29,5,729,23,0.9949590752838382,1.0380347879327139,0.9866208731790638,1.0380347879327139,46.63379047362277,True
fine,30,1,754,0,0.9854220042242093,1.0423740524471239,0.9854220042242093,1.0423740524471239,39.77055869149402,True
fine,30,1,754,1,0.9908303691545178,1.0483809585749517,0.9908303691545178,1.0483809585749517,35.68682851611865,True
fine,30,1,754,2,0.9948261863070814,1.047004715397258,0.9943601532456038,1.047004715397258,32.36909929937245,True
fine,30,1,754,3,0.9998141818052666,1.0467072295413746,0.9964703820124489,1.0467072295413746,28.442761628079694,True
fine,30,1,754,4,0.9959456841290871,1.0425726919169367,0.9946338877207812,1.0425726919169367,30.129262252557442,True
fine,30,1,754,5,0.9902106209328939,1.038583980885384,0.9902106209328939,1.038583980885384,33.75977890548084,True
fine,30,1,754,6,0.985825581954386,1.0355898492149578,0.985825581954386,1.0355898492149578,36.77932896133854,True
fine,30,1,754,7,0.9858593756159215,1.046419108649743,0.9845662916953037,1.046419108649743,45.666159987492414,True
fine,30,1,754,8,0.9851936765756204,1.04938221983888,0.9786194787854027,1.04938221983888,54.95539669105551,True
fine,30,1,754,9,0.9952846784016649,1.0437381418519038,0.983045294747939,1.0437381418519038,47.21978422515056,True
fine,30,1,754,10,0.9959201648220168,1.040046430614581,0.9866938043252458,1.040046430614581,41.449127303303655,True
fine,30,1,754,11,0.9968488681935892,1.041524537553756,0.9872300618970407,1.041524537553756,40.66265897733384,True
fine,30,1,754,12,0.9919207154556552,1.038559537642415,0.9880097948620671,1.038559537642415,40.072792821778116,True
fine,30,1,754,13,0.9928423538067238,1.0393688615442165,0.9885419354676682,1.0393688615442165,39.29835460080628,True
fine,30,1,754,14,0.9937621370851232,1.040174950174169,0.9890728153582699,1.040174950174169,38.527413430238745,True
fine,30,1,754,15,0.9839490390179944,1.0409408354754366,0.9809173860445647,1.0409408354754366,51.75923740546231,True
fine,30,1,754,16,0.9797705488271992,1.049292182572055,0.9717136698233556,1.049292182572055,68.27667602687947,True
fine,30,1,754,17,0.9718506596939644,1.0575509932760356,0.9560911858492801,1.059878561694951,96.30395416609568,True
fine,30,1,754,18,0.9697174641950896,1.0577597219193233,0.9555872766188515,1.05996198964342,100.69117824303704,True
fine,30,1,754,19,0.9756182155934721,1.0594776891284445,0.9579861720579388,1.0615486303748918,96.76676593577638,True
fine,30,1,754,20,0.9901440401962822,1.058981462465574,0.9662953078295343,1.060655872496853,83.17216790576406,True
fine,30,1,754,21,0.9902805146525855,1.0463070554791831,0.9739174279597703,1.0475176690367258,69.59484538856455,True
fine,30,1,754,22,0.9943697324958686,1.0388397383208927,0.9805485948971986,1.0396375103437838,57.50507331303798,True
fine,30,1,754,23,0.9949050479269983,1.0382263818127944,0.9866052428098998,1.0382263818127944,46.94426026123458,True
fine,30,2,754,0,0.9851308269813603,1.0420565718778017,0.9851308269813603,1.0420565718778017,39.767660137553094,True
fine,30,2,754,1,0.990587536258087,1.047829550775436,0.990587536258087,1.047829550775436,35.68478689521975,True
fine,30,2,754,2,0.994621289351162,1.0465564521459119,0.9943393278439006,1.0465564521459119,32.36975378963415,True
fine,30,2,754,3,0.9996677647338837,1.0463784199737316,0.9964569358459284,1.0463784199737316,28.442049438261467,True
fine,30,2,754,4,0.9958481735648085,1.0424757474825836,0.9946249489920537,1.0424757474825836,30.128672940601106,True
fine,30,2,754,5,0.9901133649404064,1.0384840835719436,0.9901133649404064,1.0384840835719436,33.759001272232254,True
fine,30,2,754,6,0.9857285589351781,1.0353696676765076,0.9857285589351781,1.0353696676765076,36.77838646465273,True
fine,30,2,754,7,0.9857638373510033,1.0463102749552498,0.9845580441807444,1.0463102749552498,45.66482650903101,True
fine,30,2,754,8,0.9850898313349332,1.0491637024727785,0.9786115643730501,1.0491637024727785,54.95366214398732,True
fine,30,2,754,9,0.9952373942996858,1.0436845610040648,0.9830411422912494,1.0436845610040648,47.21910476132322,True
fine,30,2,754,10,0.9958695262622841,1.0399380233178703,0.9866895322281004,1.0399380233178703,41.4485627578358,True
fine,30,2,754,11,0.9967982312847928,1.041416169740555,0.9872257780204656,1.041416169740555,40.66210996956467,True
fine,30,2,754,12,0.9918189084462624,1.0384566498255057,0.9880012426067953,1.0384566498255057,40.071715696080645,True
fine,30,2,754,13,0.992740601444318,1.0392665305889268,0.9885333765084889,1.0392665305889268,39.29732264514698,True
fine,30,2,754,14,0.9936603665986141,1.0400732155173764,0.9890642214003545,1.0400732155173764,38.52641866399924,True
fine,30,2,754,15,0.9838068032176702,1.040772973902412,0.9809054117494561,1.040772973902412,51.75685115338194,True
fine,30,2,754,16,0.9794616914506228,1.0486358584821878,0.9716911610418751,1.0486358584821878,68.27028249505406,True
fine,30,2,754,17,0.9709903917195514,1.0575430887224746,0.9560500510054484,1.0598661008213819,96.25453499126883,True
fine,30,2,754,18,0.9685383146867524,1.0576559752242947,0.9555229786952063,1.0598729458026355,100.63571821994475,True
fine,30,2,754,19,0.9748963910290993,1.0592242497690405,0.9580033435108932,1.0613415340175414,96.76467019659925,True
fine,30,2,754,20,0.9893432360325041,1.058786598310809,0.966244046189404,1.060503903112591,83.14666847332394,True
fine,30,2,754,21,0.989616522236768,1.0461707562867157,0.9738720394128907,1.0474125850546805,69.5800589978006,True
fine,30,2,754,22,0.9939007070885469,1.0387533139634066,0.9805110755744338,1.0395715838821407,57.49620242218233,True
fine,30,2,754,23,0.9945032078124991,1.0373610703160165,0.9865738810193784,1.0373610703160165,46.93933032315388,True
fine,30,3,754,0,0.9854787534924326,1.0416501885611635,0.9854787534924326,1.0416501885611635,39.76686925575034,True
fine,30,3,754,1,0.9908713022929828,1.0483030823367083,0.9908713022929828,1.0483030823367083,35.68448614795557,True
fine,30,3,754,2,0.9948445313652485,1.0469284360130062,0.9943630465857071,1.0469284360130062,32.369624547447465,True
fine,30,3,754,3,0.9998319224458884,1.0466515614148328,0.9964730668128912,1.0466515614148328,28.4420594680733,True
fine,30,3,754,4,0.9959585321743861,1.0423406719676076,0.9946361917437161,1.0423406719676076,30.12861790623603,True
fine,30,3,754,5,0.9902256843167049,1.0383485874377865,0.9902256843167049,1.0383485874377865,33.75885154934785,True
fine,30,3,754,6,0.9858425094255374,1.035559632925378,0.9858425094255374,1.035559632925378,36.778182069003975,True
fine,30,3,754,7,0.9858810288670407,1.0461756979948396,0.9845733741538462,1.0461756979948396,45.66445652453701,True
fine,30,3,754,8,0.985207534578761,1.0493655921061664,0.9786292022759701,1.0493655921061664,54.953103024621235,True
fine,30,3,754,9,0.9952955426842204,1.0436185921028587,0.9830488545667068,1.0436185921028587,47.21889874613517,True
fine,30,3,754,10,0.9959185137662959,1.040032667830311,0.9866965240692926,1.040032667830311,41.448408772914625,True
fine,30,3,754,11,0.9968470265959483,1.0415104723091524,0.9872326605571106,1.0415104723091524,40.66196610385809,True
fine,30,3,754,12,0.9919169550828717,1.0383231938299755,0.9880150287683054,1.0383231938299755,40.07144851546282,True
fine,30,3,754,13,0.9928382160089781,1.0391332187487907,0.988546927515701,1.0391332187487907,39.297058858172,True
fine,30,3,754,14,0.9937576172242356,1.039939987158726,0.9890775638962251,1.039939987158726,38.52617320732387,True
fine,30,3,754,15,0.9839865032822563,1.040572203346937,0.9809307806588132,1.040572203346937,51.756086486691146,True
fine,30,3,754,16,0.9798410684936072,1.0492743085610716,0.9717558722994141,1.0492743085610716,68.26729545722152,True
fine,30,3,754,17,0.9720277429016708,1.057469518124005,0.9562517763117717,1.0598994759576705,96.26366086522881,True
fine,30,3,754,18,0.9700757390582144,1.057557688366776,0.9558398299774944,1.0599230372070376,100.6340535710106,True
fine,30,3,754,19,0.9760443287788426,1.0591289291715495,0.958212381809899,1.0613823115368215,96.71632427407543,True
fine,30,3,754,20,0.9902840618217185,1.0589026608594545,0.9664449246056155,1.0606898144452577,83.13451529245778,True
fine,30,3,754,21,0.9904363470033979,1.0461089440809916,0.9740130648074385,1.0474372065639288,69.57472321412973,True
fine,30,3,754,22,0.9944548867688843,1.0392661925300202,0.9806012748259663,1.0397391350122627,57.49192068733,True
fine,30,3,754,23,0.9949070580341834,1.0381392424716478,0.9866367002384906,1.0381392424716478,46.93757990970701,True
fine,30,4,754,0,0.9859773825589716,1.0415702674617382,0.9859773825589716,1.0415702674617382,39.766938684731215,True
fine,30,4,754,1,0.9912845101352377,1.0482230212638408,0.9912845101352377,1.0482230212638408,35.68454268819976,True
fine,30,4,754,2,0.995184062816725,1.0468737756628945,0.9944318836459206,1.0468737756628945,32.36766789810511,True
fine,30,4,754,3,1.0000776485762544,1.0466049670616346,0.9965220782895123,1.0466049670616346,28.442062012417505,True
fine,30,4,754,4,0.9961229401993638,1.0423172700908392,0.9946689337998639,1.0423172700908392,30.128637452623174,True
fine,30,4,754,5,0.9903910336141484,1.0383239719824895,0.9903910336141484,1.0383239719824895,33.758885680804575,True
fine,30,4,754,6,0.9860085311834967,1.0355275133579114,0.9860085311834967,1.0355275133579114,36.778228616773816,True
fine,30,4,754,7,0.9860477347368201,1.0461473201205451,0.9846064327914668,1.0461473201205451,45.664524115687165,True
fine,30,4,754,8,0.9851715080572906,1.0493338965330818,0.978662440980803,1.0493338965330818,54.95316986258126,True
fine,30,4,754,9,0.9953785477626601,1.0436042208983,0.9830654297217778,1.0436042208983,47.218933514009564,True
fine,30,4,754,10,0.9959315309216358,1.0400173763956697,0.9867130306045524,1.0400173763956697,41.448438996815355,True
fine,30,4,754,11,0.9968600322004126,1.0414952248685476,0.9872491549808254,1.0414952248685476,40.66199932138103,True
fine,30,4,754,12,0.9919426047169521,1.0382966944170295,0.988047983129268,1.0382966944170295,40.07149823533735,True
fine,30,4,754,13,0.9928639173034861,1.0391068965073715,0.9885798897601809,1.0391068965073715,39.29712032700877,True
fine,30,4,754,14,0.9937833025350332,1.039913908711961,0.9891105069164107,1.039913908711961,38.52623259397794,True
fine,30,4,754,15,0.9842377318891273,1.0405266251379697,0.9809806229831347,1.0405266251379697,51.75618094399775,True
fine,30,4,754,16,0.9797297489470901,1.0491753496387226,0.971855611394878,1.0491753496387226,68.26796549362345,True
fine,30,4,754,17,0.9717957237856016,1.0570938588775205,0.9565011730045526,1.05960344708819,96.2578077596291,True
fine,30,4,754,18,0.9697209046917123,1.0570126786209393,0.9561897190149359,1.0594926315506128,100.62972003741665,True
fine,30,4,754,19,0.9756889792765991,1.0586207698986974,0.9585331995464149,1.0609795346508875,96.71768389103774,True
fine,30,4,754,20,0.983606836645184,1.0523284466167808,0.9666916358754741,1.0542117524643497,82.90727516712074,True
fine,30,4,754,21,0.9902093478059882,1.0457952567449393,0.9742317068826714,1.0471914879171373,69.57394154186977,True
fine,30,4,754,22,0.994480649828194,1.039103339264032,0.9807678849258393,1.039558242533145,57.4921058965501,True
fine,30,4,754,23,0.995011253224341,1.038013520502899,0.9867689151494285,1.038013520502899,46.9377408348647,True
fine,30,5,754,0,0.9855966021298147,1.04825384249545,0.9855966021298147,1.04825384249545,39.76517206072018,True
fine,30,5,754,1,0.9910013345439482,1.04829238207279,0.9910013345439482,1.04829238207279,35.66947783554759,True
fine,30,5,754,2,0.9949628773070027,1.0469192227801998,0.9943867744817843,1.0469192227801998,32.36578126091909,True
fine,30,5,754,3,0.9999085628345881,1.0466327271009324,0.9964860528035002,1.0466327271009324,28.441087092607894,True
fine,30,5,754,4,0.9960107919270704,1.0422247087089702,0.99464543856222,1.0422247087089702,30.127720317028427,True
fine,30,5,754,5,0.9902803127846805,1.038230827312546,0.9902803127846805,1.038230827312546,33.757579003169965,True
fine,30,5,754,6,0.9858990713438985,1.035553173067966,0.9858990713438985,1.035553173067966,36.77663105950302,True
fine,30,5,754,7,0.98594243339483,1.046052557495405,0.9845877288165459,1.046052557495405,45.662197690675804,True
fine,30,5,754,8,0.9852015933959875,1.0493721111784329,0.9786464332917139,1.0493721111784329,54.95009070668168,True
fine,30,5,754,9,0.9953262245752094,1.0435584722665812,0.983056101405811,1.0435584722665812,47.217705760851786,True
fine,30,5,754,10,0.9959389523807238,1.0400306515808742,0.9867028769088058,1.0400306515808742,41.44743090744876,True
fine,30,5,754,11,0.9968672679073858,1.0415082059799432,0.9872388852862451,1.0415082059799432,40.66102691692048,True
fine,30,5,754,12,0.9919573808312754,1.0382048794939893,0.9880274187453787,1.0382048794939893,40.069626502339695,True
fine,30,5,754,13,0.9928783169008293,1.0390152045844103,0.9885590898992875,1.0390152045844103,39.29531935836066,True
fine,30,5,754,14,0.9937973194296552,1.0398223324890048,0.9890894697506832,1.0398223324890048,38.524505602973385,True
fine,30,5,754,15,0.984083734203298,1.040385755117455,0.9809552357034337,1.040385755117455,51.75195122028276,True
fine,30,5,754,16,0.979849849837792,1.049323588847163,0.971821116707378,1.049323588847163,68.25536655130547,True
fine,30,5,754,17,0.9721767066557339,1.0571500024420628,0.956486909043755,1.0597688232868472,96.19404481102168,True
fine,30,5,754,18,0.9703305971794709,1.0570834100541149,0.9561894765918149,1.0597280268249754,100.5430156334261,True
fine,30,5,754,19,0.9762694037047608,1.0586716250918078,0.9585163547159881,1.0612023895686122,96.65921427801223,True
fine,30,5,754,20,0.9840008565722186,1.052370666496158,0.966636718111451,1.054398290602669,82.86808629923095,True
fine,30,5,754,21,0.9905010419408705,1.045825963965242,0.9741757837762264,1.0473425546771638,69.53815483912592,True
fine,30,5,754,22,0.9946374973234353,1.0386848080941675,0.9806925544159383,1.0396743017432148,57.47721795321431,True
fine,30,5,754,23,0.9950831522482401,1.038139402881472,0.9866961548916099,1.038139402881472,46.92901548005101,True
battery900,0,1,0,0,0.9897314177903306,1.0468135283886917,0.9897314177903306,1.0468135283886917,33.069125190719234,True
battery900,0,1,0,1,0.9928478927424794,1.0464561613521357,0.9924467972146928,1.0464561613521357,40.9683988527952,True
battery900,0,1,0,2,0.9963627164826722,1.049022467917881,0.9940085800695818,1.049022467917881,38.794956170739006,True
battery900,0,1,0,3,0.9970360874746808,1.0478570458371477,0.9959093819074896,1.0478570458371477,35.95868684014633,True
battery900,0,1,0,4,0.9961025107752034,1.0421819283954927,0.993868503120529,1.0421819283954927,38.767091604387666,True
battery900,0,1,0,5,0.9903707277373611,1.0380291918731654,0.9903707277373611,1.0380291918731654,42.396518345882825,True
battery900,0,1,0,6,0.987264741619403,1.0373256249911185,0.987264741619403,1.0373256249911185,34.54956364343365,True
battery900,0,1,0,7,0.9873635274734207,1.0478367427434412,0.9850582481497698,1.0478367427434412,43.43082941785953,True
battery900,0,1,0,8,0.9866721897089996,1.0446961336879954,0.979068093686006,1.0446961336879954,52.689756006190564,True
battery900,0,1,0,9,0.9960388962680663,1.044058155778434,0.9832940306770948,1.044058155778434,46.10413567019582,True
battery900,0,1,0,10,0.9964497128835466,1.0409219582907625,0.9869266019678677,1.0409219582907625,40.33445230745446,True
battery900,0,1,0,11,0.9973750188044138,1.0423951337197148,0.9874604883580935,1.0423951337197148,39.548259212476076,True
battery900,0,1,0,12,0.993009312387659,1.0386186954817442,0.9884676397827523,1.0386186954817442,37.84285681528433,True
battery900,0,1,0,13,0.9939244237043924,1.0400802733294987,0.9889952672390344,1.0400802733294987,37.06881335722733,True
battery900,0,1,0,14,0.9948375244764284,1.041538652059681,0.9895214538944115,1.041538652059681,36.29830891059604,True
battery900,0,1,0,15,0.9862834739950865,1.041905150793862,0.9817043051512357,1.041905150793862,48.39854368680537,True
battery900,0,1,0,16,0.9787838855974965,1.0495018721073415,0.9734363971621358,1.0495018721073415,61.26555948870849,True
battery900,0,1,0,17,0.9746980687272653,1.049115593827472,0.9614956107452898,1.0506213343659425,79.5509786113675,True
battery900,0,1,0,18,0.9790583609458924,1.049754250320749,0.9632908523204816,1.051914929985278,76.86708708165959,True
battery900,0,1,0,19,0.9834374421918483,1.0511636616054376,0.9650775811935935,1.0532056003491226,74.2049015126712,True
battery900,0,1,0,20,0.9932622016003007,1.0497796305151947,0.9715358630469845,1.0514033682810973,64.38669815210972,True
battery900,0,1,0,21,0.9924794870018998,1.0423177788769682,0.9776800350377591,1.043484334711491,54.63508144374912,True
battery900,0,1,0,22,0.9958869780224155,1.0371935070582432,0.9831836508410969,1.0371935070582432,46.079749052018535,True
battery900,0,1,0,23,0.9930080447890088,1.0386160717765334,0.9884669389322784,1.0386160717765334,37.84317539085939,True
battery900,10,1,0,0,0.9883494890258052,1.0446643480448,0.9883494890258052,1.0446643480448,35.2928506701229,True
battery900,10,1,0,1,0.9917163307693077,1.0460466827159014,0.9917163307693077,1.0460466827159014,42.816863228176665,True
battery900,10,1,0,2,0.9954747690269286,1.04763952604546,0.9937081793942192,1.04763952604546,40.2674528480362,True
battery900,10,1,0,3,0.999991846755139,1.0468477678016814,0.9956945700368485,1.0468477678016814,37.05517751355706,True
battery900,10,1,0,4,0.9956605680080763,1.0418733068714776,0.9937196591991944,1.0418733068714776,39.50269914994949,True
battery900,10,1,0,5,0.9899152540789479,1.0378653254825057,0.9899152540789479,1.0378653254825057,43.13733890550447,True
battery900,10,1,0,6,0.9868044373302698,1.0366103537358906,0.9868044373302698,1.0366103537358906,35.290677558597736,True
battery900,10,1,0,7,0.986877690792805,1.0470829544630855,0.9848837085422277,1.0470829544630855,44.17414463654552,True
battery900,10,1,0,8,0.9859819817551876,1.044048589217081,0.9788589637315762,1.044048589217081,53.445246738212674,True
battery900,10,1,0,9,0.9957966766928225,1.043970494284908,0.9832062696023871,1.043970494284908,46.47516209614091,True
battery900,10,1,0,10,0.9962460136080048,1.0405602792732143,0.9868433621687853,1.0405602792732143,40.70540883758425,True
battery900,10,1,0,11,0.9971725275236382,1.0420352586111903,0.9873780798035743,1.0420352586111903,39.91912656469103,True
battery900,10,1,0,12,0.9926074526824179,1.0379020074505856,0.9883053145134653,1.0379020074505856,38.584434924913,True
battery900,10,1,0,13,0.9935249693100697,1.039367191527127,0.9888345956278448,1.039367191527127,37.81015899744778,True
battery900,10,1,0,14,0.9944404670309037,1.0408291631636402,0.9893624314239206,1.0408291631636402,37.039384850944934,True
battery900,10,1,0,15,0.9855286329807735,1.04165090692578,0.9814264048961803,1.04165090692578,49.51542022728065,True
battery900,10,1,0,16,0.9831240015801591,1.048515274940526,0.9728277991753931,1.048515274940526,63.71554297757421,True
battery900,10,1,0,17,0.9752661856895046,1.0535713327248977,0.9596692289675797,1.0558084485110888,85.13923826194694,True
battery900,10,1,0,18,0.9774407512143574,1.0544462421010836,0.9607228796425629,1.0565824389916392,84.75912952659914,True
battery900,10,1,0,19,0.9823699973243775,1.0559428946802187,0.9627115348554611,1.0579668768804444,81.687938515999,True
battery900,10,1,0,20,0.9873435016139521,1.0488466829565704,0.9697525402812944,1.0504434093435888,70.40914770848181,True
battery900,10,1,0,21,0.9916951147565362,1.0416085732476752,0.9764739679418738,1.0427631081426905,59.52803951453491,True
battery900,10,1,0,22,0.9933956861056144,1.036314205154167,0.9822706045703464,1.036314205154167,49.80559948987558,True
battery900,10,1,0,23,0.9913430226259026,1.038530840768737,0.9878050687444854,1.038530840768737,40.81442729648077,True
battery900,20,1,0,0,0.9871861800340679,1.0436764083161325,0.9871861800340679,1.0436764083161325,37.536000345021826,True
battery900,20,1,0,1,0.9910025268223973,1.048733728690009,0.9910025268223973,1.048733728690009,44.70078872240887,True
battery900,20,1,0,2,0.9946465760232872,1.047578526939298,0.9934885416740068,1.047578526939298,41.75577334631628,True
battery900,20,1,0,3,0.9994350299073784,1.0463977815901075,0.9955423358269423,1.0463977815901075,38.15680520011896,True
battery900,20,1,0,4,0.9952831492723894,1.0413936232783787,0.9936144835416822,1.0413936232783787,40.241836176578374,True
battery900,20,1,0,5,0.9895289849812565,1.037381082320739,0.9895289849812565,1.037381082320739,43.881192226612974,True
battery900,20,1,0,6,0.9864030901047031,1.0362770512213324,0.9864030901047031,1.0362770512213324,36.03660694430216,True
battery900,20,1,0,7,0.9864694899224313,1.0467320781269278,0.9847602446883972,1.0467320781269278,44.91997774542866,True
battery900,20,1,0,8,0.9855849651217994,1.0435585573991488,0.9787190605503278,1.0435585573991488,54.193793471615834,True
battery900,20,1,0,9,0.9955920149078701,1.043728779741405,0.9831436593708146,1.043728779741405,46.84762936111448,True
battery900,20,1,0,10,0.9961234222764908,1.0403946152986208,0.9867849564607761,1.0403946152986208,41.077385284035955,True
battery900,20,1,0,11,0.9970507561377994,1.041870701712574,0.9873202699304292,1.041870701712574,40.291034440153275,True
battery900,20,1,0,12,0.9923235679640656,1.0385415903681607,0.9881894353266194,1.0385415903681607,39.328932297052354,True
battery900,20,1,0,13,0.99324252913527,1.0393507471563554,0.9887197195024583,1.0393507471563554,38.55482588995806,True
battery900,20,1,0,14,0.9941595843358458,1.0403304028481655,0.9892487195019718,1.0403304028481655,37.78424018674113,True
battery900,20,1,0,15,0.9848979603417664,1.0409148605432879,0.9812291031604815,1.0409148605432879,50.63614474037615,True
battery900,20,1,0,16,0.9818939206317591,1.0470065863743043,0.9723702644999733,1.0470065863743043,65.9728204030385,True
battery900,20,1,0,17,0.971890061837828,1.052189825209109,0.9583036876614784,1.0547065307104293,90.55025763453625,True
battery900,20,1,0,18,0.9727539286648086,1.0526580186191568,0.9588675703250654,1.0551486793472564,92.5212762664034,True
battery900,20,1,0,19,0.9779633674485927,1.0543055354017543,0.960994354320373,1.0566444037572742,89.03181601676182,True
battery900,20,1,0,20,0.9904810217099483,1.0535901173690525,0.968516828490546,1.0554728499899944,76.74560532149346,True
battery900,20,1,0,21,0.9939264239870047,1.0467288078255628,0.9755392938917467,1.0481260401257857,64.62204292443812,True
battery900,20,1,0,22,0.9924950226535695,1.0391283079585503,0.9816535468211764,1.0400656548679814,53.720268975468585,True
battery900,20,1,0,23,0.9963984126260514,1.0361237226490139,0.9872568773559486,1.0361237226490139,43.93369854606418,True
battery900,30,1,0,0,0.9854220042242093,1.0423740524471239,0.9854220042242093,1.0423740524471239,39.77055869149402,True
battery900,30,1,0,1,0.9895527031278648,1.0470028635213384,0.9895527031278648,1.0470028635213384,46.557826605068996,True
battery900,30,1,0,2,0.9935144805983064,1.0476149757566222,0.9931493244161292,1.0476149757566222,43.23379424542387,True
battery900,30,1,0,3,0.9986110924849446,1.0454285254122606,0.9953028850043035,1.0454285254122606,39.256758124056375,True
battery900,30,1,0,4,0.9947254326397896,1.0414114179011411,0.9934500290876696,1.0414114179011411,40.9796158108649,True
battery900,30,1,0,5,0.9889555115994422,1.0373986873465082,0.9889555115994422,1.0373986873465082,44.62376029529994,True
battery900,30,1,0,6,0.9858254976524069,1.0355897123063913,0.9858254976524069,1.0355897123063913,36.77931656410794,True
battery900,30,1,0,7,0.9858593756159229,1.0464191086497416,0.9845662916953049,1.0464191086497416,45.666159987491945,True
battery900,30,1,0,8,0.9851936765756217,1.049382219838882,0.9786194787854011,1.049382219838882,54.95539669105494,True
battery900,30,1,0,9,0.9952846784016652,1.0437381418518936,0.9830452947479377,1.0437381418518936,47.21978422515139,True
battery900,30,1,0,10,0.9959201648220145,1.0400464306145774,0.9866938043252433,1.0400464306145774,41.449127303305566,True
battery900,30,1,0,11,0.9968488681935879,1.0415245375537556,0.9872300618970374,1.0415245375537556,40.66265897733483,True
battery900,30,1,0,12,0.9919207154556552,1.038559537642415,0.9880097948620671,1.038559537642415,40.072792821778116,True
battery900,30,1,0,13,0.9928423538067238,1.0393688615442165,0.9885419354676682,1.0393688615442165,39.29835460080628,True
battery900,30,1,0,14,0.9937621370851232,1.040174950174169,0.9890728153582699,1.040174950174169,38.527413430238745,True
battery900,30,1,0,15,0.9839490390179944,1.0409408354754366,0.9809173860445647,1.0409408354754366,51.75923740546231,True
battery900,30,1,0,16,0.9797705488271992,1.049292182572055,0.9717136698233556,1.049292182572055,68.27667602687947,True
battery900,30,1,0,17,0.9718506596939644,1.0575509932760356,0.9560911858492801,1.059878561694951,96.30395416609568,True
battery900,30,1,0,18,0.9702438992567869,1.0581557683790828,0.9560397634929756,1.060356643794495,97.9963267869394,True
battery900,30,1,0,19,0.9756182317216948,1.0594776838259254,0.957986179278392,1.0615486274274895,96.76676025920838,True
battery900,30,1,0,20,0.9901440401962699,1.0589814624655787,0.9662953078295327,1.0606558724968553,83.1721679057663,True
battery900,30,1,0,21,0.9902805146525875,1.0463070554791827,0.9739174279597724,1.0475176690367265,69.59484538856451,True
battery900,30,1,0,22,0.9943697324958679,1.0388397383208912,0.9805485948971967,1.0396375103437825,57.50507331303891,True
battery900,30,1,0,23,0.9949050479269977,1.038226381812793,0.986605242809901,1.038226381812793,46.944260261235385,True
battery900,40,1,0,0,0.9839954303875745,1.0474663420346768,0.9839954303875745,1.0474663420346768,42.02464414646539,True
battery900,40,1,0,1,0.9882316016809556,1.0452481669423441,0.9882316016809556,1.0452481669423441,48.4150507915123,True
battery900,40,1,0,2,0.9924681606172835,1.0463774669939196,0.9924681606172835,1.0463774669939196,44.715759296848766,True
battery900,40,1,0,3,0.9978555741387723,1.0444281248872918,0.9951086536671266,1.0444281248872918,40.35625767083387,True
battery900,40,1,0,4,0.994217586587166,1.0407984523502969,0.9933180329357494,1.0407984523502969,41.71642275093432,True
battery900,40,1,0,5,0.9884380771879868,1.0367765493061987,0.9884380771879868,1.0367765493061987,45.36482043788754,True
battery900,40,1,0,6,0.9853067951075094,1.0348999467984443,0.9853067951075094,1.0348999467984443,37.52007338975031,True
battery900,40,1,0,7,0.9853217712799902,1.0457797763681145,0.9844161511968098,1.0457797763681145,46.4093488870668,True
battery900,40,1,0,8,0.9845027433218392,1.0486350557338298,0.9784555893169151,1.0486350557338298,55.700144252636676,True
battery900,40,1,0,9,0.9952335004089985,1.049259902147651,0.9830908528907125,1.049259902147651,47.60320461444552,True
battery900,40,1,0,10,0.9957234005586325,1.0397013075790433,0.9866227291474238,1.0397013075790433,41.819443563837076,True
battery900,40,1,0,11,0.9966529821691524,1.0411806669333443,0.987159604614286,1.0411806669333443,41.03290307640216,True
battery900,40,1,0,12,0.9915281444388921,1.0379380366695594,0.9878688119893836,1.0379380366695594,40.81432321790256,True
battery900,40,1,0,13,0.99245150468553,1.0387493053345511,0.9884021590856826,1.0387493053345511,40.03965321785177,True
battery900,40,1,0,14,0.9933729777344587,1.0395572320825757,0.9889342367744933,1.0395572320825757,39.268458529639894,True
battery900,40,1,0,15,0.9831208539658277,1.03996883157169,0.9806778557516068,1.03996883157169,52.87736995800423,True
battery900,40,1,0,16,0.9775609627146915,1.0468878048225643,0.9711443749661474,1.0468878048225643,70.54473740868639,True
battery900,40,1,0,17,0.9669471512206068,1.0566686919191552,0.9551478832514155,1.059231825404311,97.79346242358963,True
battery900,40,1,0,18,0.9634972754997874,1.0570939039687441,0.954984340645125,1.0596555302555606,97.77387587543309,True
battery900,40,1,0,19,0.9693726198781133,1.058370906797127,0.9569330931237722,1.060767861594575,97.72417836094583,True
battery900,40,1,0,20,0.9840881472036203,1.0574242518759818,0.964658737969552,1.0593701078821478,89.36487969850305,True
battery900,40,1,0,21,0.9918882478330804,1.051249096368511,0.9727094321556174,1.0526848965904207,74.72270672703294,True
battery900,40,1,0,22,0.9914257892043449,1.0381186058039051,0.9798060098942147,1.0390684855998775,61.29175122562168,True
battery900,40,1,0,23,0.9932663014066717,1.03538040826871,0.9859894177988668,1.03538040826871,49.93796250789832,True
battery900,50,1,0,0,0.9820923196358253,1.047275038076971,0.9820923196358253,1.047275038076971,44.25514082253231,True
battery900,50,1,0,1,0.9868701086636265,1.0432517162918606,0.9868701086636265,1.0432517162918606,50.27842425724654,True
battery900,50,1,0,2,0.9914123991526355,1.0462580791085876,0.9914123991526355,1.0462580791085876,46.19741489418312,True
battery900,50,1,0,3,0.9970983181391841,1.0455573843702728,0.9948615251033316,1.0455573843702728,41.47204028172372,True
battery900,50,1,0,4,0.9937105294077937,1.0422293121159438,0.9931510852757496,1.0422293121159438,42.467147536017464,True
battery900,50,1,0,5,0.9881584179296039,1.03862359684224,0.9881584179296039,1.03862359684224,46.132165065969566,True
battery900,50,1,0,6,0.9847745814406265,1.034530365173029,0.9847745814406265,1.034530365173029,38.262743494028875,True
battery900,50,1,0,7,0.9847588688695538,1.045719988206367,0.984219145444896,1.045719988206367,47.156056265920895,True
battery900,50,1,0,8,0.9837064275323003,1.0477604315410365,0.9782385709447018,1.0477604315410365,56.449617844756425,True
battery900,50,1,0,9,0.9949530276741607,1.0488499553562045,0.9829923735286938,1.0488499553562045,47.975628692430426,True
battery900,50,1,0,10,0.9955190528606701,1.03930877897692,0.9865306236472003,1.03930877897692,42.191066649806615,True
battery900,50,1,0,11,0.9964499048271874,1.0407900880195566,0.9870683773124039,1.0407900880195566,41.40441210978124,True
battery900,50,1,0,12,0.99112018003418,1.0378795519718738,0.9876852572279856,1.0378795519718738,41.55866003168399,True
battery900,50,1,0,13,0.9920461202764292,1.0386911038357998,0.9882203729754506,1.0386911038357998,40.78365655625537,True
battery900,50,1,0,14,0.9929701618955531,1.0394992455632084,0.9887542190739113,1.0394992455632084,40.01209223054571,True
battery900,50,1,0,15,0.9821103645318425,1.0398754066628804,0.9803599224076228,1.0398754066628804,54.002742143615215,True
battery900,50,1,0,16,0.9811683825486744,1.0444914151839526,0.9703168493002733,1.0448925390254233,73.00502426975291,True
battery900,50,1,0,17,0.9673153095884167,1.0624527927182026,0.9537648467728708,1.064971326108538,97.98792360682012,True
battery900,50,1,0,18,0.9607355675363022,1.0626497428002006,0.9526950747294147,1.0651354915026878,98.90513839372547,True
battery900,50,1,0,19,0.96747354871587,1.0641076732070598,0.955006649685777,1.0664531920870448,97.67535873414165,True
battery900,50,1,0,20,0.9828704549408699,1.0623196311347998,0.9622162472512195,1.0642390577355245,95.91850384736367,True
battery900,50,1,0,21,0.9864232837647878,1.050473007410824,0.9710501550130779,1.0518753888052819,79.79180843742758,True
battery900,50,1,0,22,0.9917958332240993,1.0436738119012088,0.978570991690729,1.0446104735578248,65.23679917416051,True
battery900,50,1,0,23,0.9914610787073407,1.0390195504335868,0.9852310979505806,1.0390195504335868,53.07735744964408,True
battery900,60,1,0,0,0.9875645905415121,1.0455183375985784,0.9875645905415121,1.0455183375985784,46.629324208602775,True
battery900,60,1,0,1,0.9925235843685719,1.04929414849584,0.9904088035273011,1.04929414849584,52.24952342545713,True
battery900,60,1,0,2,0.9972507833481341,1.0487912471563594,0.9923608635694644,1.0487912471563594,47.779461917623344,True
battery900,60,1,0,3,0.9967189237527248,1.042928708535995,0.9946920768149936,1.042928708535995,42.55404172998386,True
battery900,60,1,0,4,0.9934783942492611,1.0389178753038562,0.9930404150293531,1.0389178753038562,43.184806919112496,True
battery900,60,1,0,5,0.9878421089899997,1.0382289278384451,0.9878421089899997,1.0382289278384451,46.86737866108178,True
battery900,60,1,0,6,0.9844685640045263,1.0340422378095402,0.9844685640045263,1.0340422378095402,39.00867287563153,True
battery900,60,1,0,7,0.9844295624646442,1.0452277300219595,0.9840819001107755,1.0452277300219595,47.90542403104175,True
battery900,60,1,0,8,0.9831249110600957,1.0494128145278734,0.9780876105158037,1.0494128145278734,57.198039292582465,True
battery900,60,1,0,9,0.9947900656113605,1.0486364352063624,0.9829244574361806,1.0486364352063624,48.349005387765985,True
battery900,60,1,0,10,0.9953806509338244,1.0391054167636982,0.9864668317530806,1.0391054167636982,42.563792337335435,True
battery900,60,1,0,11,0.9963122945149278,1.040587828278297,0.987005154384752,1.040587828278297,41.77704161842468,True
battery900,60,1,0,12,0.997101583727079,1.0417305744481753,0.9876177141893855,1.0417305744481753,42.44749613185668,True
battery900,60,1,0,13,0.9917707453228579,1.0382054988661027,0.9880939637225148,1.0382054988661027,41.53024277852772,True
battery900,60,1,0,14,0.9926963300642886,1.0390170047683274,0.9886287802505205,1.0390170047683274,40.7583916667761,True
battery900,60,1,0,15,0.9814390250672858,1.0391276289086,0.9801398408266672,1.0391276289086,55.131939801859204,True
battery900,60,1,0,16,0.9798860106501311,1.0498924437233395,0.9698906536307761,1.0498924437233395,75.33026259069267,True
battery900,60,1,0,17,0.9643402391439755,1.0620580979940732,0.9531794606936063,1.0648380833898226,97.77449736373933,True
battery900,60,1,0,18,0.9609197000946056,1.0666100652407362,0.9502379242523551,1.0695054915062692,107.32050794578709,True
battery900,60,1,0,19,0.9687397401418317,1.068690705727601,0.953358548538367,1.0714432414810893,102.06007521464042,True
battery900,60,1,0,20,0.9847074041194813,1.0668060763857443,0.9605001740054648,1.0690725524415954,102.54441630440836,True
battery900,60,1,0,21,0.9892765299442188,1.055304654127998,0.9697609913893087,1.0570079846069251,85.01809737218085,True
battery900,60,1,0,22,0.9914630815882312,1.0428220796059284,0.9778432907966922,1.043988767665582,69.10779321376957,True
battery900,60,1,0,23,0.9960222892891075,1.0380207973135154,0.9846291329313842,1.0380207973135154,56.12913948465433,True
battery900,70,1,0,0,0.9863120666793472,1.047866224030609,0.9863120666793472,1.047866224030609,48.89379204840915,True
battery900,70,1,0,1,0.9912509079157796,1.0479012581418792,0.9900379335736277,1.0479012581418792,54.12292088100148,True
battery900,70,1,0,2,0.996322140838641,1.0478565843751757,0.9920895016226924,1.0478565843751757,49.276348691766685,True
battery900,70,1,0,3,0.9982054889572812,1.0490639359759317,0.9945995341175937,1.0490639359759317,43.76775726549123,True
battery900,70,1,0,4,0.9952748096540263,1.0452499550242234,0.9930006958582991,1.0452499550242234,44.04097351214123,True
battery900,70,1,0,5,0.9935657663355268,1.0379603277698093,0.9903546948887273,1.0379603277698093,47.712706531814234,True
battery900,70,1,0,6,0.9901756895022708,1.033554647809751,0.9894826155031301,1.033554647809751,39.85340900115123,True
battery900,70,1,0,7,0.9837402072948488,1.0448806762052905,0.9837402072948488,1.0448806762052905,48.63361520791252,True
battery900,70,1,0,8,0.98267584918799,1.0490984409821003,0.9779198449347934,1.0490984409821003,57.948425116702346,True
battery900,70,1,0,9,0.9945353434180884,1.0483665657839534,0.9828403602963841,1.0483665657839534,48.73831049869239,True
battery900,70,1,0,10,0.9962629520989797,1.0388452398422465,0.986385787342894,1.0388452398422465,42.94311992775644,True
battery900,70,1,0,11,0.9974496733487144,1.0403295965454158,0.9869250974675531,1.0403295965454158,42.15610803681853,True
battery900,70,1,0,12,0.9981543925006694,1.0412291379107712,0.9874654118565102,1.0412291379107712,43.202130334609585,True
battery900,70,1,0,13,0.9929724657596951,1.0379109377182827,0.9879454127024521,1.0379109377182827,42.28196376933293,True
battery900,70,1,0,14,0.994154958966054,1.0387231019388836,0.9884819665965994,1.0387231019388836,41.50958836764565,True
battery900,70,1,0,15,0.9809642329088478,1.0456915206585187,0.9799918498147919,1.0456915206585187,56.27976238288806,True
battery900,70,1,0,16,0.9782943185789185,1.048924783152814,0.969249822062873,1.048924783152814,77.64529082085554,True
battery900,70,1,0,17,0.9664897763761847,1.067177918662397,0.9515758359131721,1.0699540886715428,101.15243486591247,True
battery900,70,1,0,18,0.9535971014998506,1.0649283340815792,0.9470468064387352,1.0677423033032905,115.45790691972589,True
battery900,70,1,0,19,0.9623072352363983,1.0671679701832262,0.9505314420986783,1.0698412699273125,109.76821786023488,True
battery900,70,1,0,20,0.9799190834928589,1.065582493171123,0.9583994545884672,1.067792382152846,108.95715799348214,True
battery900,70,1,0,21,0.9858733312858958,1.054564954236553,0.9683545925367881,1.0562173079430288,90.13951099598378,True
battery900,70,1,0,22,0.9888265432921496,1.0423739068455133,0.9768453329549792,1.0434890812339919,72.95787051206929,True
battery900,70,1,0,23,0.9939285303319304,1.0367756008554583,0.9839495703740752,1.0367756008554583,59.16156589238752,True
battery900,80,1,0,0,0.9848233955792205,1.0455318908373237,0.9848233955792205,1.0455318908373237,51.159911392222,True
battery900,80,1,0,1,0.9900420297294935,1.0471196526881388,0.9896305371150378,1.0471196526881388,56.01789460288179,True
battery900,80,1,0,2,0.9953975943448875,1.0464083103441317,0.991791765336546,1.0464083103441317,50.767394086418825,True
battery900,80,1,0,3,0.9975031175575714,1.048027268992124,0.9943965131680599,1.048027268992124,44.87523980889807,True
battery900,80,1,0,4,0.9971638328513048,1.044547248597125,0.9928613096507177,1.044547248597125,44.78451855582586,True
battery900,80,1,0,5,0.9931123566934614,1.0372502164013533,0.9902111481716809,1.0372502164013533,48.45846460081462,True
battery900,80,1,0,6,0.9897184509423866,1.0333465815397664,0.9893392259235942,1.0333465815397664,40.59987168601221,True
battery900,80,1,0,7,0.9832273647831412,1.0446700767175117,0.9832273647831412,1.0446700767175117,49.39317838221437,True
battery900,80,1,0,8,0.9819498363773094,1.048874369584577,0.9777371985948788,1.048874369584577,58.7034865112977,True
battery900,80,1,0,9,0.9942936109492272,1.04798769571975,0.9827602907804982,1.04798769571975,49.11201126170547,True
battery900,80,1,0,10,0.9959882072902619,1.0420152948662473,0.9863131245612368,1.0420152948662473,43.323945193048786,True
battery900,80,1,0,11,0.9971759012996549,1.0428289104880124,0.986853210570997,1.0428289104880124,42.537288309764975,True
battery900,80,1,0,12,0.9976476672504894,1.0432994728296712,0.9873183490086533,1.0432994728296712,43.95873067717977,True
battery900,80,1,0,13,0.9988424319938083,1.0441142951183098,0.987861428573597,1.0441142951183098,43.17929584394335,True
battery900,80,1,0,14,0.993709028984297,1.0383273781581521,0.988340281241143,1.0383273781581521,42.263795236334765,True
battery900,80,1,0,15,0.9864984197127833,1.0447835187499777,0.979783378179455,1.0447835187499777,57.58744647102046,True
battery900,80,1,0,16,0.9758605377460894,1.048198200119829,0.9685587235993044,1.048198200119829,79.97181293601899,True
battery900,80,1,0,17,0.9595988883714021,1.0657844932203082,0.9493202159901625,1.068599576364035,106.914998539988,True
battery900,80,1,0,18,0.9427602176386918,1.0627570757653557,0.9427602176386918,1.065601754754428,123.98393160807426,True
battery900,80,1,0,19,0.9523613682668495,1.0651916915471191,0.947161652045496,1.0678895597872675,117.79751910916153,True
battery900,80,1,0,20,0.9783709784101523,1.0701566318334508,0.9558722440759496,1.0724195314608989,115.85918089729904,True
battery900,80,1,0,21,0.9867315918859295,1.0594075008228117,0.9666779712539033,1.0611186794267848,95.50930309419698,True
battery900,80,1,0,22,0.9915087101614233,1.0476448241406084,0.9758133882214441,1.0488231855073633,76.99927900360363,True
battery900,80,1,0,23,0.992034300318066,1.0384776227003363,0.9833121580476063,1.0384776227003363,62.2377118072548,True
battery900,90,1,0,0,0.9832865157408649,1.0445089279109703,0.9832865157408649,1.0445089279109703,53.446620778758955,True
battery900,90,1,0,1,0.988798993034278,1.0464862002197501,0.988798993034278,1.0464862002197501,57.90009951862425,True
battery900,90,1,0,2,0.9944428139221184,1.045183953076641,0.9914494797545248,1.045183953076641,52.26249699767139,True
battery900,90,1,0,3,0.9969643427920569,1.0471525450236094,0.9941590894036595,1.0471525450236094,45.98608662136161,True
battery900,90,1,0,4,0.9967661136737959,1.0439642584078803,0.9927035972556814,1.0439642584078803,45.527255932443175,True
battery900,90,1,0,5,0.9926438938248181,1.0366519961610352,0.9900459590561737,1.0366519961610352,49.20570404506489,True
battery900,90,1,0,6,0.9894824004147751,1.0389261924702136,0.9893038472715291,1.0389261924702136,41.359902391563374,True
battery900,90,1,0,7,0.9829487092160556,1.0444480175751572,0.9829487092160556,1.0444480175751572,50.15660076582416,True
battery900,90,1,0,8,0.9812858617264393,1.0486087460266487,0.9775412306269851,1.0486087460266487,59.45618484093779,True
battery900,90,1,0,9,0.9940475396921428,1.0476699628568886,0.9826711158064816,1.0476699628568886,49.485952505293405,True
battery900,90,1,0,10,0.9957508528834523,1.0418925621852975,0.986229418675853,1.0418925621852975,43.69715703443714,True
battery900,90,1,0,11,0.9969397734815495,1.0427065168270202,0.9867702550030358,1.0427065168270202,42.91038667279774,True
battery900,90,1,0,12,0.9971719929133509,1.0430525673795847,0.9871497893024872,1.0430525673795847,44.70631385697818,True
battery900,90,1,0,13,0.9983670846658009,1.0438689006012147,0.9876933965224709,1.0438689006012147,43.927540276285,True
battery900,90,1,0,14,0.9932325580112297,1.0380821415321093,0.9881721213315979,1.0380821415321093,43.01391431774482,True
battery900,90,1,0,15,0.9854633595543656,1.0444081302305046,0.9794719393442458,1.0444081302305046,58.731477723672384,True
battery900,90,1,0,16,0.9738670615649304,1.0489837669421462,0.9679134709975742,1.0489837669421462,82.32267794103555,True
battery900,90,1,0,17,0.953106936367417,1.064853608549232,0.9469806547097642,1.0676187650589142,112.72191306669842,True
battery900,90,1,0,18,0.9322935274827732,1.0610981753961473,0.9322935274827732,1.06390523133065,132.47462932849356,True
battery900,90,1,0,19,0.942648302498838,1.0637083111307684,0.942648302498838,1.066362192607485,125.79929927525441,True
battery900,90,1,0,20,0.9711815029201777,1.0688580335296063,0.9532182541230072,1.0711186938430708,122.4541602126271,True
battery900,90,1,0,21,0.9816670120212343,1.0584585665646264,0.9649015117290807,1.0601863132991012,100.73093390652383,True
battery900,90,1,0,22,0.987749378064483,1.0469879066580576,0.9745875377057996,1.048184971031418,80.90233737422092,True
battery900,90,1,0,23,0.9914959988418741,1.0403410301571407,0.9824352432308059,1.0410482687034655,65.41640066157757,True
battery900,100,1,0,0,0.9818191687586557,1.0482006707363676,0.9818191687586557,1.0482006707363676,55.73043476728906,True
battery900,100,1,0,1,0.9876563161985725,1.0495234268547082,0.9876563161985725,1.0495234268547082,59.79714983225332,True
battery900,100,1,0,2,0.9933776777786144,1.0439263012869577,0.9911147056619427,1.0439263012869577,53.75724856029082,True
battery900,100,1,0,3,0.9979545259491086,1.0462550678615812,0.9939290899901693,1.0462550678615812,47.09713097536891,True
battery900,100,1,0,4,0.9963923043578347,1.043374757937362,0.9925544872908493,1.043374757937362,46.26765641560471,True
battery900,100,1,0,5,0.9921162017544157,1.0360337923893095,0.9898841785349284,1.0360337923893095,49.95385047344975,True
battery900,100,1,0,6,0.988964164593917,1.0383104022849514,0.988964164593917,1.0383104022849514,42.10574700243857,True
battery900,100,1,0,7,0.9824006492593579,1.0442427467369182,0.9824006492593579,1.0442427467369182,50.90694183265806,True
battery900,100,1,0,8,0.9806422940185533,1.0483973779297944,0.977347398719693,1.0483973779297944,60.20984285517348,True
battery900,100,1,0,9,0.9937601887685048,1.0473320511298283,0.98257952445725,1.0473320511298283,49.86300178013568,True
battery900,100,1,0,10,0.9954919387987115,1.041792254011885,0.9861502759053173,1.041792254011885,44.06933168394667,True
battery900,100,1,0,11,0.9966812200700166,1.0426071271368818,0.9866915516796645,1.0426071271368818,43.282647312233905,True
battery900,100,1,0,12,0.996649435504821,1.0428515616946845,0.986988551358877,1.0428515616946845,45.45245005361935,True
battery900,100,1,0,13,0.9978449630473841,1.0436694159017565,0.9875327198301709,1.0436694159017565,44.67441850190631,True
battery900,100,1,0,14,0.9927112792355129,1.0378830263516166,0.988012674813943,1.0378830263516166,43.76052711592171,True
battery900,100,1,0,15,0.9845005235620344,1.0440938557229587,0.9791816832650545,1.0440938557229587,59.865897856855774,True
battery900,100,1,0,16,0.9779244903129963,1.0473282732206355,0.967117974878507,1.049037941579752,84.83163268136937,True
battery900,100,1,0,17,0.9463707311151296,1.0637138787068479,0.9444377657672052,1.0664003481760598,118.5356377177312,True
battery900,100,1,0,18,0.921258116610727,1.0591643937744595,0.921258116610727,1.0618956932653716,141.08819616154582,True
battery900,100,1,0,19,0.9324251182258138,1.0619560519135807,0.9324251182258138,1.0645268703014263,133.91683264906254,True
battery900,100,1,0,20,0.9638179487488644,1.0677457764648026,0.9504271467687256,1.0698728094017487,129.1505165606695,True
battery900,100,1,0,21,0.9830675613527662,1.0636399235695193,0.9631207051980927,1.065321942041596,106.20004341572994,True
battery900,100,1,0,22,0.9906704922074457,1.0524168989704163,0.9734158654177166,1.0535945029629525,84.95679844312468,True
battery900,100,1,0,23,0.9929869133813687,1.039871581764137,0.9815660943192112,1.0405607691537127,68.49816620040728,True
