scenario,penetration_pct,seed,n_evs,hour,v_min,v_max,v_min_all,v_max_all,xfmr_pct,converged
base,0,1,0,0,0.9897314177903306,1.0468135283886917,0.9897314177903306,1.0468135283886917,33.069125190719234,True
base,0,1,0,1,0.994084507935536,1.0476208396678048,0.9936392727105218,1.0476208396678048,30.107063557028475,True
base,0,1,0,2,0.9973073171694159,1.0456310504993545,0.995033797377616,1.0456310504993545,27.93677395615777,True
base,0,1,0,3,0.9954405084841969,1.042339849608126,0.9954405084841969,1.042339849608126,25.038448504126077,True
base,0,1,0,4,0.9909404041306685,1.0367032365125821,0.9909404041306685,1.0367032365125821,27.798460807566038,True
base,0,1,0,5,0.985499633296039,1.0363195201412578,0.985499633296039,1.0363195201412578,31.437821706040907,True
base,0,1,0,6,0.9874123875879496,1.0438741602623203,0.9874123875879496,1.0438741602623203,34.57274208538943,True
base,0,1,0,7,0.9873645472201573,1.047838077075661,0.9850586302332602,1.047838077075661,43.43062125647504,True
base,0,1,0,8,0.9866721897089956,1.0446961336879959,0.9790680936860043,1.0446961336879959,52.68975600618745,True
base,0,1,0,9,0.9960388962680686,1.0440581557784288,0.9832940306770942,1.0440581557784288,46.1041356701972,True
base,0,1,0,10,0.9964497128833442,1.0409219582903377,0.9869266019677453,1.0409219582903377,40.33445230746294,True
base,0,1,0,11,0.9973750188042098,1.0423951337192885,0.9874604883579717,1.0423951337192885,39.54825921248388,True
base,0,1,0,12,0.9930093123874564,1.0386186954813224,0.9884676397826291,1.0386186954813224,37.84285681529349,True
base,0,1,0,13,0.9939244237041873,1.0400802733290786,0.9889952672389098,1.0400802733290786,37.06881335723733,True
base,0,1,0,14,0.994837524476225,1.0415386520592618,0.9895214538942882,1.0415386520592618,36.298308910604476,True
base,0,1,0,15,0.9862834739950778,1.0419051507938573,0.981704305151227,1.0419051507938573,48.3985436868026,True
base,0,1,0,16,0.9787838855978926,1.0495018721073788,0.9734363971622585,1.0495018721073788,61.26555948869055,True
base,0,1,0,17,0.9746980687272535,1.0491155938274601,0.9614956107452828,1.0506213343659536,79.55097861136667,True
base,0,1,0,18,0.9790583609454645,1.049754250320723,0.9632908523203463,1.051914929985255,76.86708708168574,True
base,0,1,0,19,0.9834374421914097,1.0511636616054343,0.9650775811934539,1.053205600349116,74.20490151269415,True
base,0,1,0,20,0.9932622016007061,1.0497796305151894,0.9715358630471067,1.0514033682810953,64.38669815209457,True
base,0,1,0,21,0.9924794870021009,1.0423177788769877,0.9776800350378818,1.0434843347115101,54.63508144373698,True
base,0,1,0,22,0.9958869780226424,1.037193507058662,0.9831836508412177,1.037193507058662,46.07974905200693,True
base,0,1,0,23,0.9930080447892016,1.0386160717769417,0.9884669389323956,1.0386160717769417,37.8431753908477,True
base,0,2,0,0,0.9897314177903306,1.0468135283886917,0.9897314177903306,1.0468135283886917,33.069125190719234,True
base,0,2,0,1,0.994084507935536,1.0476208396678048,0.9936392727105218,1.0476208396678048,30.107063557028475,True
base,0,2,0,2,0.9973073171694159,1.0456310504993545,0.995033797377616,1.0456310504993545,27.93677395615777,True
base,0,2,0,3,0.9954405084841969,1.042339849608126,0.9954405084841969,1.042339849608126,25.038448504126077,True
base,0,2,0,4,0.9909404041306685,1.0367032365125821,0.9909404041306685,1.0367032365125821,27.798460807566038,True
base,0,2,0,5,0.985499633296039,1.0363195201412578,0.985499633296039,1.0363195201412578,31.437821706040907,True
base,0,2,0,6,0.9874123875879496,1.0438741602623203,0.9874123875879496,1.0438741602623203,34.57274208538943,True
base,0,2,0,7,0.9873645472201573,1.047838077075661,0.9850586302332602,1.047838077075661,43.43062125647504,True
base,0,2,0,8,0.9866721897089956,1.0446961336879959,0.9790680936860043,1.0446961336879959,52.68975600618745,True
base,0,2,0,9,0.9960388962680686,1.0440581557784288,0.9832940306770942,1.0440581557784288,46.1041356701972,True
base,0,2,0,10,0.9964497128833442,1.0409219582903377,0.9869266019677453,1.0409219582903377,40.33445230746294,True
base,0,2,0,11,0.9973750188042098,1.0423951337192885,0.9874604883579717,1.0423951337192885,39.54825921248388,True
base,0,2,0,12,0.9930093123874564,1.0386186954813224,0.9884676397826291,1.0386186954813224,37.84285681529349,True
base,0,2,0,13,0.9939244237041873,1.0400802733290786,0.9889952672389098,1.0400802733290786,37.06881335723733,True
base,0,2,0,14,0.994837524476225,1.0415386520592618,0.9895214538942882,1.0415386520592618,36.298308910604476,True
base,0,2,0,15,0.9862834739950778,1.0419051507938573,0.981704305151227,1.0419051507938573,48.3985436868026,True
base,0,2,0,16,0.9787838855978926,1.0495018721073788,0.9734363971622585,1.0495018721073788,61.26555948869055,True
base,0,2,0,17,0.9746980687272535,1.0491155938274601,0.9614956107452828,1.0506213343659536,79.55097861136667,True
base,0,2,0,18,0.9790583609454645,1.049754250320723,0.9632908523203463,1.051914929985255,76.86708708168574,True
base,0,2,0,19,0.9834374421914097,1.0511636616054343,0.9650775811934539,1.053205600349116,74.20490151269415,True
base,0,2,0,20,0.9932622016007061,1.0497796305151894,0.9715358630471067,1.0514033682810953,64.38669815209457,True
base,0,2,0,21,0.9924794870021009,1.0423177788769877,0.9776800350378818,1.0434843347115101,54.63508144373698,True
base,0,2,0,22,0.9958869780226424,1.037193507058662,0.9831836508412177,1.037193507058662,46.07974905200693,True
base,0,2,0,23,0.9930080447892016,1.0386160717769417,0.9884669389323956,1.0386160717769417,37.8431753908477,True
base,0,3,0,0,0.9897314177903306,1.0468135283886917,0.9897314177903306,1.0468135283886917,33.069125190719234,True
base,0,3,0,1,0.994084507935536,1.0476208396678048,0.9936392727105218,1.0476208396678048,30.107063557028475,True
base,0,3,0,2,0.9973073171694159,1.0456310504993545,0.995033797377616,1.0456310504993545,27.93677395615777,True
base,0,3,0,3,0.9954405084841969,1.042339849608126,0.9954405084841969,1.042339849608126,25.038448504126077,True
base,0,3,0,4,0.9909404041306685,1.0367032365125821,0.9909404041306685,1.0367032365125821,27.798460807566038,True
base,0,3,0,5,0.985499633296039,1.0363195201412578,0.985499633296039,1.0363195201412578,31.437821706040907,True
base,0,3,0,6,0.9874123875879496,1.0438741602623203,0.9874123875879496,1.0438741602623203,34.57274208538943,True
base,0,3,0,7,0.9873645472201573,1.047838077075661,0.9850586302332602,1.047838077075661,43.43062125647504,True
base,0,3,0,8,0.9866721897089956,1.0446961336879959,0.9790680936860043,1.0446961336879959,52.68975600618745,True
base,0,3,0,9,0.9960388962680686,1.0440581557784288,0.9832940306770942,1.0440581557784288,46.1041356701972,True
base,0,3,0,10,0.9964497128833442,1.0409219582903377,0.9869266019677453,1.0409219582903377,40.33445230746294,True
base,0,3,0,11,0.9973750188042098,1.0423951337192885,0.9874604883579717,1.0423951337192885,39.54825921248388,True
base,0,3,0,12,0.9930093123874564,1.0386186954813224,0.9884676397826291,1.0386186954813224,37.84285681529349,True
base,0,3,0,13,0.9939244237041873,1.0400802733290786,0.9889952672389098,1.0400802733290786,37.06881335723733,True
base,0,3,0,14,0.994837524476225,1.0415386520592618,0.9895214538942882,1.0415386520592618,36.298308910604476,True
base,0,3,0,15,0.9862834739950778,1.0419051507938573,0.981704305151227,1.0419051507938573,48.3985436868026,True
base,0,3,0,16,0.9787838855978926,1.0495018721073788,0.9734363971622585,1.0495018721073788,61.26555948869055,True
base,0,3,0,17,0.9746980687272535,1.0491155938274601,0.9614956107452828,1.0506213343659536,79.55097861136667,True
base,0,3,0,18,0.9790583609454645,1.049754250320723,0.9632908523203463,1.051914929985255,76.86708708168574,True
base,0,3,0,19,0.9834374421914097,1.0511636616054343,0.9650775811934539,1.053205600349116,74.20490151269415,True
base,0,3,0,20,0.9932622016007061,1.0497796305151894,0.9715358630471067,1.0514033682810953,64.38669815209457,True
base,0,3,0,21,0.9924794870021009,1.0423177788769877,0.9776800350378818,1.0434843347115101,54.63508144373698,True
base,0,3,0,22,0.9958869780226424,1.037193507058662,0.9831836508412177,1.037193507058662,46.07974905200693,True
base,0,3,0,23,0.9930080447892016,1.0386160717769417,0.9884669389323956,1.0386160717769417,37.8431753908477,True
base,0,4,0,0,0.9897314177903306,1.0468135283886917,0.9897314177903306,1.0468135283886917,33.069125190719234,True
base,0,4,0,1,0.994084507935536,1.0476208396678048,0.9936392727105218,1.0476208396678048,30.107063557028475,True
base,0,4,0,2,0.9973073171694159,1.0456310504993545,0.995033797377616,1.0456310504993545,27.93677395615777,True
base,0,4,0,3,0.9954405084841969,1.042339849608126,0.9954405084841969,1.042339849608126,25.038448504126077,True
base,0,4,0,4,0.9909404041306685,1.0367032365125821,0.9909404041306685,1.0367032365125821,27.798460807566038,True
base,0,4,0,5,0.985499633296039,1.0363195201412578,0.985499633296039,1.0363195201412578,31.437821706040907,True
base,0,4,0,6,0.9874123875879496,1.0438741602623203,0.9874123875879496,1.0438741602623203,34.57274208538943,True
base,0,4,0,7,0.9873645472201573,1.047838077075661,0.9850586302332602,1.047838077075661,43.43062125647504,True
base,0,4,0,8,0.9866721897089956,1.0446961336879959,0.9790680936860043,1.0446961336879959,52.68975600618745,True
base,0,4,0,9,0.9960388962680686,1.0440581557784288,0.9832940306770942,1.0440581557784288,46.1041356701972,True
base,0,4,0,10,0.9964497128833442,1.0409219582903377,0.9869266019677453,1.0409219582903377,40.33445230746294,True
base,0,4,0,11,0.9973750188042098,1.0423951337192885,0.9874604883579717,1.0423951337192885,39.54825921248388,True
base,0,4,0,12,0.9930093123874564,1.0386186954813224,0.9884676397826291,1.0386186954813224,37.84285681529349,True
base,0,4,0,13,0.9939244237041873,1.0400802733290786,0.9889952672389098,1.0400802733290786,37.06881335723733,True
base,0,4,0,14,0.994837524476225,1.0415386520592618,0.9895214538942882,1.0415386520592618,36.298308910604476,True
base,0,4,0,15,0.9862834739950778,1.0419051507938573,0.981704305151227,1.0419051507938573,48.3985436868026,True
base,0,4,0,16,0.9787838855978926,1.0495018721073788,0.9734363971622585,1.0495018721073788,61.26555948869055,True
base,0,4,0,17,0.9746980687272535,1.0491155938274601,0.9614956107452828,1.0506213343659536,79.55097861136667,True
base,0,4,0,18,0.9790583609454645,1.049754250320723,0.9632908523203463,1.051914929985255,76.86708708168574,True
base,0,4,0,19,0.9834374421914097,1.0511636616054343,0.9650775811934539,1.053205600349116,74.20490151269415,True
base,0,4,0,20,0.9932622016007061,1.0497796305151894,0.9715358630471067,1.0514033682810953,64.38669815209457,True
base,0,4,0,21,0.9924794870021009,1.0423177788769877,0.9776800350378818,1.0434843347115101,54.63508144373698,True
base,0,4,0,22,0.9958869780226424,1.037193507058662,0.9831836508412177,1.037193507058662,46.07974905200693,True
base,0,4,0,23,0.9930080447892016,1.0386160717769417,0.9884669389323956,1.0386160717769417,37.8431753908477,True
base,0,5,0,0,0.9897314177903306,1.0468135283886917,0.9897314177903306,1.0468135283886917,33.069125190719234,True
base,0,5,0,1,0.994084507935536,1.0476208396678048,0.9936392727105218,1.0476208396678048,30.107063557028475,True
base,0,5,0,2,0.9973073171694159,1.0456310504993545,0.995033797377616,1.0456310504993545,27.93677395615777,True
base,0,5,0,3,0.9954405084841969,1.042339849608126,0.9954405084841969,1.042339849608126,25.038448504126077,True
base,0,5,0,4,0.9909404041306685,1.0367032365125821,0.9909404041306685,1.0367032365125821,27.798460807566038,True
base,0,5,0,5,0.985499633296039,1.0363195201412578,0.985499633296039,1.0363195201412578,31.437821706040907,True
base,0,5,0,6,0.9874123875879496,1.0438741602623203,0.9874123875879496,1.0438741602623203,34.57274208538943,True
base,0,5,0,7,0.9873645472201573,1.047838077075661,0.9850586302332602,1.047838077075661,43.43062125647504,True
base,0,5,0,8,0.9866721897089956,1.0446961336879959,0.9790680936860043,1.0446961336879959,52.68975600618745,True
base,0,5,0,9,0.9960388962680686,1.0440581557784288,0.9832940306770942,1.0440581557784288,46.1041356701972,True
base,0,5,0,10,0.9964497128833442,1.0409219582903377,0.9869266019677453,1.0409219582903377,40.33445230746294,True
base,0,5,0,11,0.9973750188042098,1.0423951337192885,0.9874604883579717,1.0423951337192885,39.54825921248388,True
base,0,5,0,12,0.9930093123874564,1.0386186954813224,0.9884676397826291,1.0386186954813224,37.84285681529349,True
base,0,5,0,13,0.9939244237041873,1.0400802733290786,0.9889952672389098,1.0400802733290786,37.06881335723733,True
base,0,5,0,14,0.994837524476225,1.0415386520592618,0.9895214538942882,1.0415386520592618,36.298308910604476,True
base,0,5,0,15,0.9862834739950778,1.0419051507938573,0.981704305151227,1.0419051507938573,48.3985436868026,True
base,0,5,0,16,0.9787838855978926,1.0495018721073788,0.9734363971622585,1.0495018721073788,61.26555948869055,True
base,0,5,0,17,0.9746980687272535,1.0491155938274601,0.9614956107452828,1.0506213343659536,79.55097861136667,True
base,0,5,0,18,0.9790583609454645,1.049754250320723,0.9632908523203463,1.051914929985255,76.86708708168574,True
base,0,5,0,19,0.9834374421914097,1.0511636616054343,0.9650775811934539,1.053205600349116,74.20490151269415,True
base,0,5,0,20,0.9932622016007061,1.0497796305151894,0.9715358630471067,1.0514033682810953,64.38669815209457,True
base,0,5,0,21,0.9924794870021009,1.0423177788769877,0.9776800350378818,1.0434843347115101,54.63508144373698,True
base,0,5,0,22,0.9958869780226424,1.037193507058662,0.9831836508412177,1.037193507058662,46.07974905200693,True
base,0,5,0,23,0.9930080447892016,1.0386160717769417,0.9884669389323956,1.0386160717769417,37.8431753908477,True
base,10,1,251,0,0.9883494890258052,1.0446643480448,0.9883494890258052,1.0446643480448,35.2928506701229,True
base,10,1,251,1,0.992955518355159,1.0472275705567213,0.992955518355159,1.0472275705567213,31.95594796057885,True
base,10,1,251,2,0.9966886924148503,1.0489394840571376,0.9948862166168607,1.0489394840571376,29.420863619259823,True
base,10,1,251,3,0.994801559128109,1.0413394019045674,0.994801559128109,1.0413394019045674,26.129616642775034,True
base,10,1,251,4,0.990504631141607,1.0363605472345416,0.990504631141607,1.0363605472345416,28.532787243726165,True
base,10,1,251,5,0.9850503658145846,1.0356180860687743,0.9850503658145846,1.0356180860687743,32.176701274874745,True
base,10,1,251,6,0.9869628954885293,1.043152906250961,0.9869628954885293,1.043152906250961,35.32307639167577,True
base,10,1,251,7,0.9868776936624593,1.0470829587478279,0.9848837098265476,1.0470829587478279,44.17414383240113,True
base,10,1,251,8,0.9859819817549519,1.0440485892170972,0.9788589637314581,1.0440485892170972,53.44524673822802,True
base,10,1,251,9,0.9957966766927858,1.0439704942849104,0.983206269602401,1.0439704942849104,46.47516209613857,True
base,10,1,251,10,0.9962460136078316,1.0405602792730024,0.9868433621686817,1.0405602792730024,40.70540883759274,True
base,10,1,251,11,0.997172527523464,1.0420352586109738,0.9873780798034724,1.0420352586109738,39.9191265647002,True
base,10,1,251,12,0.9926074526824514,1.0379020074508,0.9883053145134821,1.0379020074508,38.58443492491169,True
base,10,1,251,13,0.9935249693101019,1.0393671915273395,0.9888345956278632,1.0393671915273395,37.81015899744743,True
base,10,1,251,14,0.9944404670309361,1.0408291631638504,0.9893624314239398,1.0408291631638504,37.039384850943435,True
base,10,1,251,15,0.9855286329802155,1.0416509069258,0.9814264048959532,1.0416509069258,49.5154202273018,True
base,10,1,251,16,0.983124001579969,1.04851527494052,0.972827799175377,1.04851527494052,63.715542977582516,True
base,10,1,251,17,0.9752661856899456,1.0535713327248932,0.95966922896772,1.0558084485110901,85.13923826192728,True
base,10,1,251,18,0.9774407512145429,1.054446242101082,0.9607228796425749,1.0565824389916392,84.75912952659118,True
base,10,1,251,19,0.9823699973245836,1.0559428946802367,0.9627115348555693,1.0579668768804613,81.68793851598566,True
base,10,1,251,20,0.9873435016128593,1.0488466829565832,0.9697525402809097,1.0504434093435875,70.40914770853516,True
base,10,1,251,21,0.9916951147558853,1.041608573247686,0.9764739679416331,1.0427631081426945,59.528039514556056,True
base,10,1,251,22,0.9933956861053266,1.036314205154194,0.9822706045702277,1.036314205154194,49.8055994898847,True
base,10,1,251,23,0.9913430226257391,1.038530840768736,0.9878050687443858,1.038530840768736,40.81442729648469,True
base,10,2,251,0,0.9882006747768652,1.0444785192649004,0.9882006747768652,1.0444785192649004,35.29341535990243,True
base,10,2,251,1,0.9928340278089994,1.0472687376528447,0.9928340278089994,1.0472687376528447,31.956310848252865,True
base,10,2,251,2,0.9965930958498593,1.048821657870538,0.9948646453665637,1.048821657870538,29.421084260500223,True
base,10,2,251,3,0.9947310540863564,1.041253750861858,0.9947310540863564,1.041253750861858,26.129729896746174,True
base,10,2,251,4,0.9904568664930468,1.0363765397004523,0.9904568664930468,1.0363765397004523,28.532899041939253,True
base,10,2,251,5,0.9850014558027733,1.0355576849295536,0.9850014558027733,1.0355576849295536,32.176857734628975,True
base,10,2,251,6,0.9869132689648348,1.043090834057608,0.9869132689648348,1.043090834057608,35.323265953685684,True
base,10,2,251,7,0.9868259685613184,1.047017405296986,0.9848709743461626,1.047017405296986,44.174436260380105,True
base,10,2,251,8,0.9858759815789155,1.044067587831017,0.9788419836186639,1.044067587831017,53.446848249656796,True
base,10,2,251,9,0.9957707959417343,1.0439785154187766,0.9831998265721952,1.0439785154187766,46.47532032946187,True
base,10,2,251,10,0.996242405880952,1.040529534421808,0.9868372900192984,1.040529534421808,40.70553540391047,True
base,10,2,251,11,0.9971689980228458,1.0420046711847313,0.9873720607823971,1.0420046711847313,39.919247336916584,True
base,10,2,251,12,0.9926006626898582,1.0378409652695877,0.9882933959377258,1.0378409652695877,38.584666106453255,True
base,10,2,251,13,0.9935183374116,1.039306468919368,0.9888227838967479,1.039306468919368,37.810378661510136,True
base,10,2,251,14,0.9944339912474254,1.0407687569641018,0.9893507252907134,1.0407687569641018,37.03959400663439,True
base,10,2,251,15,0.9854489925002775,1.0416760258102957,0.9814062572655042,1.0416760258102957,49.51597476510102,True
base,10,2,251,16,0.9828315094039608,1.0485668796855125,0.9727818847984014,1.0485668796855125,63.71721188296971,True
base,10,2,251,17,0.9745297952956287,1.0536191070053065,0.9595411345032204,1.055818067445859,85.14453630349506,True
base,10,2,251,18,0.9763856581141332,1.0545148394776973,0.9605386492422509,1.0565961864288025,84.7687499435649,True
base,10,2,251,19,0.9813445402395301,1.0560259868218547,0.9625419980772377,1.0579809482077844,81.68018176936411,True
base,10,2,251,20,0.9865260060448204,1.0489024087555898,0.9696134516449231,1.0504535704553535,70.41997587855845,True
base,10,2,251,21,0.9910771864262982,1.0416509475247988,0.9763790621549796,1.0427702349783727,59.53140657015338,True
base,10,2,251,22,0.9931332803179636,1.036398010179547,0.9822037290148437,1.036398010179547,49.80752658584447,True
base,10,2,251,23,0.9913134301853832,1.0385954892183586,0.98775582561484,1.0385954892183586,40.81548704575077,True
base,10,3,251,0,0.9880526851826837,1.0446994084862582,0.9880526851826837,1.0446994084862582,35.292090997649076,True
base,10,3,251,1,0.9927088178723166,1.047126927703476,0.9927088178723166,1.047126927703476,31.955442464192675,True
base,10,3,251,2,0.9964917158610883,1.0489620188108684,0.9948676910835096,1.0489620188108684,29.420533251979126,True
base,10,3,251,3,0.9946533846939638,1.041356398879308,0.9946533846939638,1.041356398879308,26.129434079956177,True
base,10,3,251,4,0.9904056074915145,1.0363204171792086,0.9904056074915145,1.0363204171792086,28.532623999700572,True
base,10,3,251,5,0.9849510794247252,1.0356299434931704,0.9849510794247252,1.0356299434931704,32.17648073597451,True
base,10,3,251,6,0.9868638965215324,1.0431646005890098,0.9868638965215324,1.0431646005890098,35.322819855918844,True
base,10,3,251,7,0.9867790389118545,1.0470949661753453,0.9848745770561937,1.0470949661753453,44.173775106436985,True
base,10,3,251,8,0.9859524869147747,1.0440074994489907,0.9788499094100785,1.0440074994489907,53.44477849808064,True
base,10,3,251,9,0.9957477287754319,1.0439503353271689,0.9832016967719618,1.0439503353271689,46.474970121268775,True
base,10,3,251,10,0.9962433542224728,1.0405663661694762,0.9868387631501544,1.0405663661694762,40.70524963859466,True
base,10,3,251,11,0.9971698556415053,1.0420412997934936,0.9873734776577994,1.0420412997934936,39.91897095151589,True
base,10,3,251,12,0.9926021647509602,1.0379141853934561,0.9882961107918388,1.0379141853934561,38.58413782331541,True
base,10,3,251,13,0.9935196606327404,1.0393792868787162,0.9888253874194989,1.0393792868787162,37.80987000621156,True
base,10,3,251,14,0.9944351312037052,1.0408411649837104,0.9893532151061873,1.0408411649837104,37.03910670754234,True
base,10,3,251,15,0.9853808038006557,1.0415893084265375,0.9814127896335074,1.0415893084265375,49.5147720447805,True
base,10,3,251,16,0.9830372702237032,1.0483909142720682,0.9728010761516115,1.0483909142720682,63.71377332022558,True
base,10,3,251,17,0.9750725138893347,1.05358407584005,0.9596096394782598,1.0558196257299208,85.13223878255143,True
base,10,3,251,18,0.9770385904313683,1.0546424813292943,0.9606367530348968,1.056743738999742,84.74753046848936,True
base,10,3,251,19,0.9820664637816212,1.0559808535285664,0.9626299163564206,1.0579849382597322,81.66431147948447,True
base,10,3,251,20,0.9870944734498018,1.0488664665725367,0.9696731196348854,1.0504584337686815,70.40935608820973,True
base,10,3,251,21,0.9914996993326118,1.041625946017864,0.9764135080437645,1.0427767683380083,59.526250379703214,True
base,10,3,251,22,0.9929083810322865,1.036114852759662,0.982225917736734,1.036114852759662,49.803469580357785,True
base,10,3,251,23,0.9913224056821346,1.0383696414758137,0.9877685719655556,1.0383696414758137,40.813129909051916,True
base,10,4,251,0,0.9882486784912232,1.044686307717876,0.9882486784912232,1.044686307717876,35.29338971704588,True
base,10,4,251,1,0.9928734297467653,1.04746733326348,0.9928734297467653,1.04746733326348,31.956257536382203,True
base,10,4,251,2,0.996624427133394,1.0489573211429795,0.9948636551121858,1.0489573211429795,29.421032001290598,True
base,10,4,251,3,0.9947543478674389,1.0413543362982944,0.9947543478674389,1.0413543362982944,26.129683126995012,True
base,10,4,251,4,0.9904725091038475,1.0364550245638398,0.9904725091038475,1.0364550245638398,28.532873096418125,True
base,10,4,251,5,0.9850173733551024,1.0356264968965985,0.9850173733551024,1.0356264968965985,32.17684190834018,True
base,10,4,251,6,0.9869292231081562,1.0431601328046516,0.9869292231081562,1.0431601328046516,35.32325567761988,True
base,10,4,251,7,0.9868421734790813,1.0470878066455516,0.9848708626415379,1.0470878066455516,44.17445197892611,True
base,10,4,251,8,0.9859210787822477,1.044151711984055,0.9788421297102415,1.044151711984055,53.446878517682286,True
base,10,4,251,9,0.995778807585061,1.044019437431562,0.9831997847223869,1.044019437431562,46.47532819176144,True
base,10,4,251,10,0.9962418992399236,1.0405635333744476,0.9868371787086707,1.0405635333744476,40.705536004966554,True
base,10,4,251,11,0.997168474825374,1.0420385921205795,0.9873719370741029,1.0420385921205795,39.91924799659044,True
base,10,4,251,12,0.9925996151278185,1.0379091107694043,0.9882931329108993,1.0379091107694043,38.58466240375358,True
base,10,4,251,13,0.9935172574848643,1.0393744595475858,0.9888224963757936,1.0393744595475858,37.81037546743234,True
base,10,4,251,14,0.9944328840219261,1.0408366009023753,0.989350416379522,1.0408366009023753,37.039589193414095,True
base,10,4,251,15,0.985473664741961,1.0418009763872387,0.9814063214908326,1.0418009763872387,49.51600388130078,True
base,10,4,251,16,0.9829699782961986,1.0488251023071704,0.9727833228879192,1.0488251023071704,63.71731120210092,True
base,10,4,251,17,0.9749076553520222,1.0538505366895512,0.9595475761875125,1.0560059605965413,85.16381800352025,True
base,10,4,251,18,0.9768794115619432,1.0548705585815814,0.9605530660384276,1.0568658632362318,84.76811187118419,True
base,10,4,251,19,0.9818482726758289,1.056340400429146,0.9625545481875148,1.0582318075089692,81.69649273554084,True
base,10,4,251,20,0.9869022738715804,1.0491725125507139,0.9696193915503977,1.0506564469080348,70.42023018056412,True
base,10,4,251,21,0.9913710606073384,1.0418615489146632,0.9763806116485925,1.042926814986007,59.53147612939185,True
base,10,4,251,22,0.9932134158118677,1.0368054361700596,0.98220358072424,1.0368054361700596,49.807517853284175,True
base,10,4,251,23,0.9913525282871142,1.035755364193193,0.9877568341540014,1.035755364193193,40.81522001457347,True
base,10,5,251,0,0.9884359157424861,1.0449220362081846,0.9884359157424861,1.0449220362081846,35.290427592164555,True
base,10,5,251,1,0.9930407950509338,1.047000547735772,0.9930407950509338,1.047000547735772,31.948983596748615,True
base,10,5,251,2,0.9967407048450747,1.0491026724943935,0.9949142977314684,1.0491026724943935,29.419932398214442,True
base,10,5,251,3,0.9948383313183564,1.0414586148980003,0.9948383313183564,1.0414586148980003,26.12917767649797,True
base,10,5,251,4,0.9905302800012377,1.0362725836154905,0.9905302800012377,1.0362725836154905,28.532318299678522,True
base,10,5,251,5,0.9850777415530582,1.035702098641999,0.9850777415530582,1.035702098641999,32.176010384738916,True
base,10,5,251,6,0.9869915870540446,1.0432387778754701,0.9869915870540446,1.0432387778754701,35.322233642771394,True
base,10,5,251,7,0.9869101595505215,1.0471740180303013,0.9849015558570081,1.0471740180303013,44.17284587082463,True
base,10,5,251,8,0.9860522530048851,1.043966097780901,0.9788790701703306,1.043966097780901,53.44349738043665,True
base,10,5,251,9,0.9958132251070858,1.0439262658678203,0.9832153611963311,1.0439262658678203,46.47446466012127,True
base,10,5,251,10,0.996281428745871,1.040603888359034,0.9868517477969975,1.040603888359034,40.70484746524356,True
base,10,5,251,11,0.9972077613206309,1.0420785945808761,0.987386359247042,1.0420785945808761,39.91858570976804,True
base,10,5,251,12,0.9926777380541055,1.037988393171302,0.9883216348431092,1.037988393171302,38.58340971803953,True
base,10,5,251,13,0.9935949075583822,1.0394530611294042,0.9888507097220199,1.0394530611294042,37.80917965905438,True
base,10,5,251,14,0.994510064141207,1.0409145264971458,0.9893783426315885,1.0409145264971458,37.03844989219532,True
base,10,5,251,15,0.9855807930293685,1.0415154988935167,0.9814551644086416,1.0415154988935167,49.51305561144672,True
base,10,5,251,16,0.9833512794934448,1.0482403744286437,0.9728961715321777,1.0482403744286437,63.708753763186344,True
base,10,5,251,17,0.9756434792940942,1.0533948381911522,0.9597876269507793,1.0557800780266755,85.09035811431865,True
base,10,5,251,18,0.9781741816266826,1.0543983658370604,0.9610021472910618,1.0566953373797559,84.72681829750174,True
base,10,5,251,19,0.9831275076449365,1.0557509803597065,0.9629703318782945,1.057940777965566,81.64105958811756,True
base,10,5,251,20,0.9879770981000707,1.048673595337229,0.9699491510761693,1.0504249972111788,70.38874746106674,True
base,10,5,251,21,0.9921719764134052,1.041473019131653,0.9766153364486856,1.0427529523994954,59.51494463344847,True
base,10,5,251,22,0.9935702895463874,1.0358702476700548,0.9823668138866384,1.0358702476700548,49.7978736789036,True
base,10,5,251,23,0.9916263540447922,1.038180114654291,0.9878719350401438,1.038180114654291,40.81057934528686,True
base,20,1,503,0,0.9871861800340679,1.0436764083161325,0.9871861800340679,1.0436764083161325,37.536000345021826,True
base,20,1,503,1,0.9920009771681277,1.0460271506989811,0.9920009771681277,1.0460271506989811,33.80847850506867,True
base,20,1,503,2,0.9959399919954952,1.0483266749807483,0.9946829308687319,1.0483266749807483,30.895886410238937,True
base,20,1,503,3,0.9971225120506567,1.0476623877406102,0.9966979899324646,1.0476623877406102,27.34852590442322,True
base,20,1,503,4,0.9964943560567938,1.042551737128152,0.9947901024132751,1.042551737128152,29.394235862902374,True
base,20,1,503,5,0.9907751978890473,1.0385629245395107,0.9907751978890473,1.0385629245395107,33.019344679304425,True
base,20,1,503,6,0.9864031697073813,1.036277180539984,0.9864031697073813,1.036277180539984,36.0366189476191,True
base,20,1,503,7,0.98646948992243,1.046732078126926,0.9847602446883953,1.046732078126926,44.91997774542915,True
base,20,1,503,8,0.9855849651217966,1.0435585573991408,0.9787190605503261,1.0435585573991408,54.19379347161687,True
base,20,1,503,9,0.9955920149078699,1.0437287797414057,0.9831436593708154,1.0437287797414057,46.84762936111375,True
base,20,1,503,10,0.9961234222764898,1.0403946152986212,0.9867849564607751,1.0403946152986212,41.07738528403495,True
base,20,1,503,11,0.9970507561377991,1.041870701712574,0.9873202699304298,1.041870701712574,40.29103444015377,True
base,20,1,503,12,0.9923235679640664,1.0385415903681596,0.9881894353266203,1.0385415903681596,39.32893229705072,True
base,20,1,503,13,0.99324252913527,1.0393507471563554,0.9887197195024583,1.0393507471563554,38.55482588995806,True
base,20,1,503,14,0.9941595843358458,1.0403304028481655,0.9892487195019718,1.0403304028481655,37.78424018674112,True
base,20,1,503,15,0.9848979603417664,1.0409148605432879,0.9812291031604815,1.0409148605432879,50.63614474037615,True
base,20,1,503,16,0.9818939206317591,1.0470065863743043,0.9723702644999733,1.0470065863743043,65.9728204030385,True
base,20,1,503,17,0.971890061837828,1.052189825209109,0.9583036876614784,1.0547065307104293,90.55025763453625,True
base,20,1,503,18,0.9727539286648086,1.0526580186191568,0.9588675703250654,1.0551486793472564,92.5212762664034,True
base,20,1,503,19,0.9779633674485927,1.0543055354017543,0.960994354320373,1.0566444037572742,89.03181601676182,True
base,20,1,503,20,0.9904810217099483,1.0535901173690525,0.968516828490546,1.0554728499899944,76.74560532149344,True
base,20,1,503,21,0.9939264239870047,1.0467288078255628,0.9755392938917467,1.0481260401257857,64.62204292443812,True
base,20,1,503,22,0.9924950226535695,1.0391283079585503,0.9816535468211764,1.0400656548679814,53.720268975468585,True
base,20,1,503,23,0.9963984126260514,1.0361237226490139,0.9872568773559486,1.0361237226490139,43.93369854606418,True
base,20,2,503,0,0.987403412218157,1.0435895231502912,0.987403412218157,1.0435895231502912,37.537072039170056,True
base,20,2,503,1,0.9921818278700225,1.0461252581006,0.9921818278700225,1.0461252581006,33.80925897656601,True
base,20,2,503,2,0.9960846249007961,1.048270955258306,0.9947043521847616,1.048270955258306,30.896415926580893,True
base,20,2,503,3,0.9943461057665531,1.0408397330533847,0.9943461057665531,1.0408397330533847,27.23099399914072,True
base,20,2,503,4,0.9901887531364718,1.0359290786104798,0.9901887531364718,1.0359290786104798,29.275237774430785,True
base,20,2,503,5,0.9847407532890707,1.0352744862264374,0.9847407532890707,1.0352744862264374,32.91864267387997,True
base,20,2,503,6,0.986647266576108,1.0428000051554593,0.986647266576108,1.0428000051554593,36.066663610746,True
base,20,2,503,7,0.9865415780946556,1.0467026736256202,0.9847705555010684,1.0467026736256202,44.92045378538437,True
base,20,2,503,8,0.9855911364611168,1.0435965551280877,0.9787291316480181,1.0435965551280877,54.19438043247917,True
base,20,2,503,9,0.9956278071912008,1.043747960383206,0.9831488111744989,1.043747960383206,46.847874792283825,True
base,20,2,503,10,0.996135131979265,1.040380332642572,0.9867901963394778,1.040380332642572,41.07759475456181,True
base,20,2,503,11,0.9970624740735459,1.0418564757464304,0.987325518635765,1.0418564757464304,40.291239741926425,True
base,20,2,503,12,0.9923469172359578,1.0385806822921722,0.9881998900593211,1.0385806822921722,39.329346295263285,True
base,20,2,503,13,0.9932659615770137,1.0393897661435036,0.9887302273291104,1.0393897661435036,38.555214509078475,True
base,20,2,503,14,0.9941830474818271,1.0403018372872896,0.9892592524603885,1.0403018372872896,37.78461756562032,True
base,20,2,503,15,0.9850057884416906,1.0409725365584406,0.9812443042931207,1.0409725365584406,50.636963436620654,True
base,20,2,503,16,0.9819099405363102,1.0471182399963572,0.9723994275811632,1.0471182399963572,65.97495584789769,True
base,20,2,503,17,0.9719204433131524,1.0521840049465772,0.9583678492216893,1.0546821847648988,90.5573939224353,True
base,20,2,503,18,0.9727827086000013,1.0526495196684154,0.9589552319323142,1.0551133316173633,92.53125077563497,True
base,20,2,503,19,0.9779949603841428,1.0542978752651158,0.9610792404428338,1.0566111314492719,89.04071446875204,True
base,20,2,503,20,0.9905184049741802,1.0535848365243499,0.968591909338838,1.055445720876223,76.75187897838623,True
base,20,2,503,21,0.9940712866928774,1.046726225192288,0.9756023123608679,1.0481049990502116,64.62631538290509,True
base,20,2,503,22,0.9926085037573656,1.0391273120613933,0.9817036325269558,1.0400500572145102,53.722964668876635,True
base,20,2,503,23,0.9964909216748943,1.0362790499377055,0.9872980183740815,1.0362790499377055,43.9354126725983,True
base,20,3,503,0,0.9870539940282964,1.0433559517196251,0.9870539940282964,1.0433559517196251,37.534557592428605,True
base,20,3,503,1,0.9918913692395274,1.046120902820909,0.9918913692395274,1.046120902820909,33.80761182118712,True
base,20,3,503,2,0.9958528031744086,1.048116652198254,0.9946788056403078,1.048116652198254,30.89536582770443,True
base,20,3,503,3,0.9971352616389195,1.0475066249558684,0.9966950553169358,1.0475066249558684,27.34834491980516,True
base,20,3,503,4,0.9964508273041585,1.042590192743096,0.9947880482017105,1.042590192743096,29.394002472395954,True
base,20,3,503,5,0.9907314465904856,1.0386004853495951,0.9907314465904856,1.0386004853495951,33.01896724841413,True
base,20,3,503,6,0.9863592428968446,1.0361712961983645,0.9863592428968446,1.0361712961983645,36.036126579789766,True
base,20,3,503,7,0.9864256273347721,1.0466249701382422,0.9847576391339197,1.0466249701382422,44.91923195594935,True
base,20,3,503,8,0.9854678560805158,1.0435897416891375,0.9787161374735001,1.0435897416891375,54.192795078004295,True
base,20,3,503,9,0.9955703250401645,1.0437453165939807,0.9831423426090775,1.0437453165939807,46.84723178957184,True
base,20,3,503,10,0.9961079170724496,1.0403427713893687,0.9867837603166626,1.0403427713893687,41.0770613403461,True
base,20,3,503,11,0.9970352716679544,1.0418189146882082,0.9873190872112333,1.0418189146882082,40.29072372220908,True
base,20,3,503,12,0.9922924259865739,1.0385767974815936,0.9881870679838104,1.0385767974815936,39.328351773800065,True
base,20,3,503,13,0.9932114373490277,1.0393861485469338,0.9887173833936687,1.0393861485469338,38.5542670861801,True
base,20,3,503,14,0.9941285402767992,1.0402264841154598,0.989246413698129,1.0402264841154598,37.783707231942124,True
base,20,3,503,15,0.9848319967306939,1.0409634531701168,0.9812248950623185,1.0409634531701168,50.634787633275124,True
base,20,3,503,16,0.981541845032112,1.0470900880864624,0.9723604062305748,1.0470900880864624,65.96899339617003,True
base,20,3,503,17,0.9710547450913332,1.0522411482334928,0.9582728230235166,1.0547231464799534,90.53811099329255,True
base,20,3,503,18,0.9715568591832896,1.0527272328778434,0.9588231021389076,1.055169083502081,92.50341231084421,True
base,20,3,503,19,0.9768391525471565,1.054376161451014,0.9609556752675532,1.0566675274877089,89.01427196632397,True
base,20,3,503,20,0.9895526458522005,1.0536599887231208,0.9684897560016397,1.0555006732459546,76.73307138587019,True
base,20,3,503,21,0.9937038633966984,1.0468150236129157,0.9755136083193169,1.0481575414189195,64.60455691235147,True
base,20,3,503,22,0.9923250064118743,1.0392054907606283,0.981635482719697,1.0400949381992104,53.706996781963966,True
base,20,3,503,23,0.9962732537723406,1.0362590348178053,0.9872469529434041,1.0362590348178053,43.93106173878279,True
base,20,4,503,0,0.9870246860281918,1.0432118100770604,0.9870246860281918,1.0432118100770604,37.53581872483649,True
base,20,4,503,1,0.9918698415974444,1.0462309583187026,0.9918698415974444,1.0462309583187026,33.80837616902349,True
base,20,4,503,2,0.9958373292971002,1.0480261301086595,0.9946565766387346,1.0480261301086595,30.895808844042104,True
base,20,4,503,3,0.9971420471242064,1.0474410991566412,0.9966793405689083,1.0474410991566412,27.348503865163508,True
base,20,4,503,4,0.9964435358493404,1.0426330068519203,0.9947772165162646,1.0426330068519203,29.394212111966194,True
base,20,4,503,5,0.9907230591739331,1.038643969268968,0.9907230591739331,1.038643969268968,33.01931477530128,True
base,20,4,503,6,0.9863499319353567,1.03612391049538,0.9863499319353567,1.03612391049538,36.03657732785927,True
base,20,4,503,7,0.9864136095166255,1.0465741467910248,0.984744291618593,1.0465741467910248,44.91994314131282,True
base,20,4,503,8,0.9854279292609285,1.043636212034756,0.9787014079879103,1.043636212034756,54.19377548906136,True
base,20,4,503,9,0.9955640864727588,1.043767621256233,0.983135598496642,1.043767621256233,46.84761459136312,True
base,20,4,503,10,0.9960981670084263,1.0403185049984491,0.9867774449266041,1.0403185049984491,41.07736563613551,True
base,20,4,503,11,0.9970256216915391,1.0417948060590265,0.9873128359306347,1.0417948060590265,40.29101586206092,True
base,20,4,503,12,0.9922733127594404,1.0386206500686146,0.9881746793350173,1.0386206500686146,39.32889558053244,True
base,20,4,503,13,0.9931925093387423,1.0394298610058144,0.9887051167348135,1.0394298610058144,38.55478716711245,True
base,20,4,503,14,0.9941098021953979,1.040235951376916,0.9892342705968659,1.040235951376916,37.7842015977785,True
base,20,4,503,15,0.9848114802197131,1.0410324956425645,0.9812035864261732,1.0410324956425645,50.63609378661006,True
base,20,4,503,16,0.9813722180825722,1.0472445994760473,0.9722916269052561,1.0472445994760473,65.98465348225483,True
base,20,4,503,17,0.9706870941364538,1.0523091157921727,0.9581270527149655,1.0547180395477598,90.55229893947062,True
base,20,4,503,18,0.9709697257545945,1.0528307756968764,0.9585841115428783,1.0551628668903292,92.54009609826119,True
base,20,4,503,19,0.9763464864235527,1.0544668718968557,0.9607604299854915,1.0566594287977853,89.0325755036934,True
base,20,4,503,20,0.9891738196012906,1.0537285410021844,0.9683426641682026,1.0554873650217844,76.74519257758394,True
base,20,4,503,21,0.9935397777731546,1.046864791176404,0.9754071206998883,1.0481417863562235,64.61190812175633,True
base,20,4,503,22,0.9922124598809889,1.0392395720858087,0.9815621599181553,1.0400792655153772,53.711298195388366,True
base,20,4,503,23,0.9961926403087358,1.0364357660885175,0.9871945830793835,1.0364357660885175,43.93339643216722,True
base,20,5,503,0,0.987146700857791,1.0436907079928786,0.987146700857791,1.0436907079928786,37.533340514440496,True
base,20,5,503,1,0.991966766182961,1.0458601261914147,0.991966766182961,1.0458601261914147,33.806840293868895,True
base,20,5,503,2,0.9959116191903299,1.0483316452975853,0.9946882253386186,1.0483316452975853,30.894925279577034,True
base,20,5,503,3,0.9970824532074276,1.0476644510321766,0.9967014066838069,1.0476644510321766,27.34816525793561,True
base,20,5,503,4,0.9964800137619169,1.0424867897354073,0.994792607344858,1.0424867897354073,29.393801265526807,True
base,20,5,503,5,0.9907613719722798,1.0384966766704626,0.9907613719722798,1.0384966766704626,33.01864448658038,True
base,20,5,503,6,0.9863897984547366,1.0362817045770396,0.9863897984547366,1.0362817045770396,36.035720416166015,True
base,20,5,503,7,0.9864575665537677,1.0467393407115966,0.9847642994640344,1.0467393407115966,44.918600056852156,True
base,20,5,503,8,0.9855977903628731,1.0434900859238527,0.9787239788256663,1.0434900859238527,54.191939575511384,True
base,20,5,503,9,0.9955861910063912,1.0436943667692133,0.9831457095771986,1.0436943667692133,46.846899754132956,True
base,20,5,503,10,0.996133286638617,1.0403974511409226,0.9867867390023841,1.0403974511409226,41.07680078492783,True
base,20,5,503,11,0.9970605449028732,1.041873399598586,0.9873220123286854,1.041873399598586,40.290470607064044,True
base,20,5,503,12,0.9923431327741004,1.0384746031254382,0.9881928736163655,1.0384746031254382,39.3278560748125,True
base,20,5,503,13,0.9932619484875469,1.0392840330708826,0.9887230788066715,1.0392840330708826,38.55379641854181,True
base,20,5,503,14,0.9941788570518085,1.040335046613549,0.9892519990995394,1.040335046613549,37.78326027980677,True
base,20,5,503,15,0.9848813967257402,1.0408082350761165,0.9812359967482824,1.0408082350761165,50.633615678243046,True
base,20,5,503,16,0.9819427374002191,1.0467823471900257,0.9723885522611243,1.0467823471900257,65.96563615899184,True
base,20,5,503,17,0.9721027188824554,1.052078427542259,0.9583884895247544,1.0546220212901691,90.51073832509081,True
base,20,5,503,18,0.9729812794180601,1.0525054771764977,0.9589521344006805,1.055027621941136,92.48787500937495,True
base,20,5,503,19,0.9781805282666017,1.0541637516978966,0.9610751815293658,1.0565318025918946,88.99816434232949,True
base,20,5,503,20,0.9906297437223338,1.0534791954032405,0.9685733927201676,1.0553840272420354,76.72245092489024,True
base,20,5,503,21,0.9940601648973582,1.046667431052175,0.9755712067855602,1.0480624702388297,64.597987329669,True
base,20,5,503,22,0.9925884305858133,1.0390881962900116,0.9816728497207223,1.0400191892928614,53.70294194558009,True
base,20,5,503,23,0.9964789176578988,1.0358543803415161,0.9872722448122051,1.0358543803415161,43.92879474034849,True
base,30,1,754,0,0.9854220042242093,1.0423740524471239,0.9854220042242093,1.0423740524471239,39.77055869149402,True
base,30,1,754,1,0.9908303691545178,1.0483809585749517,0.9908303691545178,1.0483809585749517,35.68682851611865,True
base,30,1,754,2,0.9948261863070814,1.047004715397258,0.9943601532456038,1.047004715397258,32.36909929937246,True
base,30,1,754,3,0.9998141818052666,1.0467072295413746,0.9964703820124489,1.0467072295413746,28.442761628079694,True
base,30,1,754,4,0.9959456841290871,1.0425726919169367,0.9946338877207812,1.0425726919169367,30.129262252557442,True
base,30,1,754,5,0.9902106209328939,1.038583980885384,0.9902106209328939,1.038583980885384,33.75977890548084,True
base,30,1,754,6,0.985825581954386,1.0355898492149578,0.985825581954386,1.0355898492149578,36.77932896133854,True
base,30,1,754,7,0.9858593756159215,1.046419108649743,0.9845662916953037,1.046419108649743,45.666159987492414,True
base,30,1,754,8,0.9851936765756204,1.04938221983888,0.9786194787854027,1.04938221983888,54.95539669105551,True
base,30,1,754,9,0.9952846784016649,1.0437381418519038,0.983045294747939,1.0437381418519038,47.21978422515056,True
base,30,1,754,10,0.9959201648220168,1.040046430614581,0.9866938043252458,1.040046430614581,41.449127303303655,True
base,30,1,754,11,0.9968488681935892,1.041524537553756,0.9872300618970407,1.041524537553756,40.66265897733384,True
base,30,1,754,12,0.9919207154556552,1.038559537642415,0.9880097948620671,1.038559537642415,40.072792821778116,True
base,30,1,754,13,0.9928423538067238,1.0393688615442165,0.9885419354676682,1.0393688615442165,39.29835460080628,True
base,30,1,754,14,0.9937621370851232,1.040174950174169,0.9890728153582699,1.040174950174169,38.52741343023875,True
base,30,1,754,15,0.9839490390179944,1.0409408354754366,0.9809173860445647,1.0409408354754366,51.75923740546231,True
base,30,1,754,16,0.9797705488271992,1.049292182572055,0.9717136698233556,1.049292182572055,68.27667602687947,True
base,30,1,754,17,0.9718506596939644,1.0575509932760356,0.9560911858492801,1.059878561694951,96.30395416609568,True
base,30,1,754,18,0.9697174641950896,1.0577597219193233,0.9555872766188515,1.05996198964342,100.69117824303704,True
base,30,1,754,19,0.9756182155934721,1.0594776891284445,0.9579861720579388,1.0615486303748918,96.76676593577636,True
base,30,1,754,20,0.9901440401962822,1.058981462465574,0.9662953078295343,1.060655872496853,83.17216790576406,True
base,30,1,754,21,0.9902805146525855,1.0463070554791831,0.9739174279597703,1.0475176690367258,69.59484538856455,True
base,30,1,754,22,0.9943697324958686,1.0388397383208927,0.9805485948971986,1.0396375103437838,57.50507331303798,True
base,30,1,754,23,0.9949050479269983,1.0382263818127944,0.9866052428098998,1.0382263818127944,46.94426026123458,True
base,30,2,754,0,0.9851308269813603,1.0420565718778017,0.9851308269813603,1.0420565718778017,39.767660137553094,True
base,30,2,754,1,0.990587536258087,1.047829550775436,0.990587536258087,1.047829550775436,35.68478689521975,True
base,30,2,754,2,0.994621289351162,1.0465564521459119,0.9943393278439006,1.0465564521459119,32.36975378963415,True
base,30,2,754,3,0.9996677647338837,1.0463784199737316,0.9964569358459284,1.0463784199737316,28.442049438261463,True
base,30,2,754,4,0.9958481735648085,1.0424757474825836,0.9946249489920537,1.0424757474825836,30.128672940601103,True
base,30,2,754,5,0.9901133649404064,1.0384840835719436,0.9901133649404064,1.0384840835719436,33.759001272232254,True
base,30,2,754,6,0.9857285589351781,1.0353696676765076,0.9857285589351781,1.0353696676765076,36.77838646465273,True
base,30,2,754,7,0.9857638373510033,1.0463102749552498,0.9845580441807444,1.0463102749552498,45.66482650903101,True
base,30,2,754,8,0.9850898313349332,1.0491637024727785,0.9786115643730501,1.0491637024727785,54.95366214398732,True
base,30,2,754,9,0.9952373942996858,1.0436845610040648,0.9830411422912494,1.0436845610040648,47.21910476132322,True
base,30,2,754,10,0.9958695262622841,1.0399380233178703,0.9866895322281004,1.0399380233178703,41.4485627578358,True
base,30,2,754,11,0.9967982312847928,1.041416169740555,0.9872257780204656,1.041416169740555,40.66210996956467,True
base,30,2,754,12,0.9918189084462624,1.0384566498255057,0.9880012426067953,1.0384566498255057,40.071715696080645,True
base,30,2,754,13,0.992740601444318,1.0392665305889268,0.9885333765084889,1.0392665305889268,39.29732264514698,True
base,30,2,754,14,0.9936603665986141,1.0400732155173764,0.9890642214003545,1.0400732155173764,38.526418663999245,True
base,30,2,754,15,0.9838068032176702,1.040772973902412,0.9809054117494561,1.040772973902412,51.756851153381945,True
base,30,2,754,16,0.9794616914506228,1.0486358584821878,0.9716911610418751,1.0486358584821878,68.27028249505406,True
base,30,2,754,17,0.9709903917195514,1.0575430887224746,0.9560500510054484,1.0598661008213819,96.25453499126883,True
base,30,2,754,18,0.9685383146867524,1.0576559752242947,0.9555229786952063,1.0598729458026355,100.63571821994475,True
base,30,2,754,19,0.9748963910290993,1.0592242497690405,0.9580033435108932,1.0613415340175414,96.76467019659925,True
base,30,2,754,20,0.9893432360325041,1.058786598310809,0.966244046189404,1.060503903112591,83.14666847332394,True
base,30,2,754,21,0.989616522236768,1.0461707562867157,0.9738720394128907,1.0474125850546805,69.5800589978006,True
base,30,2,754,22,0.9939007070885469,1.0387533139634066,0.9805110755744338,1.0395715838821407,57.49620242218233,True
base,30,2,754,23,0.9945032078124991,1.0373610703160165,0.9865738810193784,1.0373610703160165,46.93933032315388,True
base,30,3,754,0,0.9854787534924326,1.0416501885611635,0.9854787534924326,1.0416501885611635,39.76686925575034,True
base,30,3,754,1,0.9908713022929828,1.0483030823367083,0.9908713022929828,1.0483030823367083,35.68448614795557,True
base,30,3,754,2,0.9948445313652485,1.0469284360130062,0.9943630465857071,1.0469284360130062,32.369624547447465,True
base,30,3,754,3,0.9998319224458884,1.0466515614148328,0.9964730668128912,1.0466515614148328,28.4420594680733,True
base,30,3,754,4,0.9959585321743861,1.0423406719676076,0.9946361917437161,1.0423406719676076,30.128617906236034,True
base,30,3,754,5,0.9902256843167049,1.0383485874377865,0.9902256843167049,1.0383485874377865,33.75885154934785,True
base,30,3,754,6,0.9858425094255374,1.035559632925378,0.9858425094255374,1.035559632925378,36.778182069003975,True
base,30,3,754,7,0.9858810288670407,1.0461756979948396,0.9845733741538462,1.0461756979948396,45.66445652453701,True
base,30,3,754,8,0.985207534578761,1.0493655921061664,0.9786292022759701,1.0493655921061664,54.95310302462123,True
base,30,3,754,9,0.9952955426842204,1.0436185921028587,0.9830488545667068,1.0436185921028587,47.21889874613516,True
base,30,3,754,10,0.9959185137662959,1.040032667830311,0.9866965240692926,1.040032667830311,41.448408772914625,True
base,30,3,754,11,0.9968470265959483,1.0415104723091524,0.9872326605571106,1.0415104723091524,40.66196610385809,True
base,30,3,754,12,0.9919169550828717,1.0383231938299755,0.9880150287683054,1.0383231938299755,40.07144851546281,True
base,30,3,754,13,0.9928382160089781,1.0391332187487907,0.988546927515701,1.0391332187487907,39.297058858172,True
base,30,3,754,14,0.9937576172242356,1.039939987158726,0.9890775638962251,1.039939987158726,38.52617320732387,True
base,30,3,754,15,0.9839865032822563,1.040572203346937,0.9809307806588132,1.040572203346937,51.756086486691146,True
base,30,3,754,16,0.9798410684936072,1.0492743085610716,0.9717558722994141,1.0492743085610716,68.26729545722152,True
base,30,3,754,17,0.9720277429016708,1.057469518124005,0.9562517763117717,1.0598994759576705,96.26366086522881,True
base,30,3,754,18,0.9700757390582144,1.057557688366776,0.9558398299774944,1.0599230372070376,100.63405357101058,True
base,30,3,754,19,0.9760443287788426,1.0591289291715495,0.958212381809899,1.0613823115368215,96.71632427407543,True
base,30,3,754,20,0.9902840618217185,1.0589026608594545,0.9664449246056155,1.0606898144452577,83.13451529245778,True
base,30,3,754,21,0.9904363470033979,1.0461089440809916,0.9740130648074385,1.0474372065639288,69.57472321412973,True
base,30,3,754,22,0.9944548867688843,1.0392661925300202,0.9806012748259663,1.0397391350122627,57.49192068733,True
base,30,3,754,23,0.9949070580341834,1.0381392424716478,0.9866367002384906,1.0381392424716478,46.93757990970701,True
base,30,4,754,0,0.9859773825589716,1.0415702674617382,0.9859773825589716,1.0415702674617382,39.766938684731215,True
base,30,4,754,1,0.9912845101352377,1.0482230212638408,0.9912845101352377,1.0482230212638408,35.68454268819976,True
base,30,4,754,2,0.995184062816725,1.0468737756628945,0.9944318836459206,1.0468737756628945,32.367667898105104,True
base,30,4,754,3,1.0000776485762544,1.0466049670616346,0.9965220782895123,1.0466049670616346,28.44206201241751,True
base,30,4,754,4,0.9961229401993638,1.0423172700908392,0.9946689337998639,1.0423172700908392,30.12863745262317,True
base,30,4,754,5,0.9903910336141484,1.0383239719824895,0.9903910336141484,1.0383239719824895,33.758885680804575,True
base,30,4,754,6,0.9860085311834967,1.0355275133579114,0.9860085311834967,1.0355275133579114,36.77822861677381,True
base,30,4,754,7,0.9860477347368201,1.0461473201205451,0.9846064327914668,1.0461473201205451,45.664524115687165,True
base,30,4,754,8,0.9851715080572906,1.0493338965330818,0.978662440980803,1.0493338965330818,54.95316986258126,True
base,30,4,754,9,0.9953785477626601,1.0436042208983,0.9830654297217778,1.0436042208983,47.21893351400956,True
base,30,4,754,10,0.9959315309216358,1.0400173763956697,0.9867130306045524,1.0400173763956697,41.448438996815355,True
base,30,4,754,11,0.9968600322004126,1.0414952248685476,0.9872491549808254,1.0414952248685476,40.66199932138103,True
base,30,4,754,12,0.9919426047169521,1.0382966944170295,0.988047983129268,1.0382966944170295,40.07149823533736,True
base,30,4,754,13,0.9928639173034861,1.0391068965073715,0.9885798897601809,1.0391068965073715,39.29712032700877,True
base,30,4,754,14,0.9937833025350332,1.039913908711961,0.9891105069164107,1.039913908711961,38.52623259397794,True
base,30,4,754,15,0.9842377318891273,1.0405266251379697,0.9809806229831347,1.0405266251379697,51.756180943997755,True
base,30,4,754,16,0.9797297489470901,1.0491753496387226,0.971855611394878,1.0491753496387226,68.26796549362344,True
base,30,4,754,17,0.9717957237856016,1.0570938588775205,0.9565011730045526,1.05960344708819,96.2578077596291,True
base,30,4,754,18,0.9697209046917123,1.0570126786209393,0.9561897190149359,1.0594926315506128,100.62972003741663,True
base,30,4,754,19,0.9756889792765991,1.0586207698986974,0.9585331995464149,1.0609795346508875,96.71768389103774,True
base,30,4,754,20,0.983606836645184,1.0523284466167808,0.9666916358754741,1.0542117524643497,82.90727516712076,True
base,30,4,754,21,0.9902093478059882,1.0457952567449393,0.9742317068826714,1.0471914879171373,69.57394154186977,True
base,30,4,754,22,0.994480649828194,1.039103339264032,0.9807678849258393,1.039558242533145,57.49210589655011,True
base,30,4,754,23,0.995011253224341,1.038013520502899,0.9867689151494285,1.038013520502899,46.9377408348647,True
base,30,5,754,0,0.9855966021298147,1.04825384249545,0.9855966021298147,1.04825384249545,39.765172060720175,True
base,30,5,754,1,0.9910013345439482,1.04829238207279,0.9910013345439482,1.04829238207279,35.66947783554759,True
base,30,5,754,2,0.9949628773070027,1.0469192227801998,0.9943867744817843,1.0469192227801998,32.36578126091909,True
base,30,5,754,3,0.9999085628345881,1.0466327271009324,0.9964860528035002,1.0466327271009324,28.44108709260789,True
base,30,5,754,4,0.9960107919270704,1.0422247087089702,0.99464543856222,1.0422247087089702,30.127720317028427,True
base,30,5,754,5,0.9902803127846805,1.038230827312546,0.9902803127846805,1.038230827312546,33.757579003169965,True
base,30,5,754,6,0.9858990713438985,1.035553173067966,0.9858990713438985,1.035553173067966,36.77663105950302,True
base,30,5,754,7,0.98594243339483,1.046052557495405,0.9845877288165459,1.046052557495405,45.662197690675804,True
base,30,5,754,8,0.9852015933959875,1.0493721111784329,0.9786464332917139,1.0493721111784329,54.950090706681685,True
base,30,5,754,9,0.9953262245752094,1.0435584722665812,0.983056101405811,1.0435584722665812,47.217705760851786,True
base,30,5,754,10,0.9959389523807238,1.0400306515808742,0.9867028769088058,1.0400306515808742,41.44743090744876,True
base,30,5,754,11,0.9968672679073858,1.0415082059799432,0.9872388852862451,1.0415082059799432,40.66102691692048,True
base,30,5,754,12,0.9919573808312754,1.0382048794939893,0.9880274187453787,1.0382048794939893,40.069626502339695,True
base,30,5,754,13,0.9928783169008293,1.0390152045844103,0.9885590898992875,1.0390152045844103,39.29531935836066,True
base,30,5,754,14,0.9937973194296552,1.0398223324890048,0.9890894697506832,1.0398223324890048,38.524505602973385,True
base,30,5,754,15,0.984083734203298,1.040385755117455,0.9809552357034337,1.040385755117455,51.75195122028276,True
base,30,5,754,16,0.979849849837792,1.049323588847163,0.971821116707378,1.049323588847163,68.25536655130547,True
base,30,5,754,17,0.9721767066557339,1.0571500024420628,0.956486909043755,1.0597688232868472,96.19404481102168,True
base,30,5,754,18,0.9703305971794709,1.0570834100541149,0.9561894765918149,1.0597280268249754,100.5430156334261,True
base,30,5,754,19,0.9762694037047608,1.0586716250918078,0.9585163547159881,1.0612023895686122,96.65921427801221,True
base,30,5,754,20,0.9840008565722186,1.052370666496158,0.966636718111451,1.054398290602669,82.86808629923095,True
base,30,5,754,21,0.9905010419408705,1.045825963965242,0.9741757837762264,1.0473425546771638,69.53815483912594,True
base,30,5,754,22,0.9946374973234353,1.0386848080941675,0.9806925544159383,1.0396743017432148,57.4772179532143,True
base,30,5,754,23,0.9950831522482401,1.038139402881472,0.9866961548916099,1.038139402881472,46.929015480051014,True
base,40,1,1005,0,0.9839954303875745,1.0474663420346768,0.9839954303875745,1.0474663420346768,42.02464414646539,True
base,40,1,1005,1,0.9895373672981995,1.0466542691211886,0.9895373672981995,1.0466542691211886,37.5365951926498,True
base,40,1,1005,2,0.993741434624774,1.0475683890052803,0.993741434624774,1.0475683890052803,33.85103973652307,True
base,40,1,1005,3,0.9990687419725537,1.0457180768956469,0.9962849821187062,1.0457180768956469,29.53691841647303,True
base,40,1,1005,4,0.995444388604303,1.0419665108424006,0.9945077671024469,1.0419665108424006,30.86385174161428,True
base,40,1,1005,5,0.9896998567180938,1.0379687051364135,0.9896998567180938,1.0379687051364135,34.498675032174866,True
base,40,1,1005,6,0.9853068805542063,1.0349000847068317,0.9853068805542063,1.0349000847068317,37.520086174707416,True
base,40,1,1005,7,0.9853217712799902,1.0457797763681145,0.9844161511968098,1.0457797763681145,46.4093488870668,True
base,40,1,1005,8,0.9845027433218392,1.0486350557338298,0.9784555893169151,1.0486350557338298,55.70014425263668,True
base,40,1,1005,9,0.9952335004089985,1.049259902147651,0.9830908528907125,1.049259902147651,47.60320461444551,True
base,40,1,1005,10,0.9957234005586325,1.0397013075790433,0.9866227291474238,1.0397013075790433,41.819443563837076,True
base,40,1,1005,11,0.9966529821691524,1.0411806669333443,0.987159604614286,1.0411806669333443,41.03290307640216,True
base,40,1,1005,12,0.9915281444388921,1.0379380366695594,0.9878688119893836,1.0379380366695594,40.81432321790256,True
base,40,1,1005,13,0.99245150468553,1.0387493053345511,0.9884021590856826,1.0387493053345511,40.03965321785177,True
base,40,1,1005,14,0.9933729777344587,1.0395572320825757,0.9889342367744933,1.0395572320825757,39.2684585296399,True
base,40,1,1005,15,0.9831208539658277,1.03996883157169,0.9806778557516068,1.03996883157169,52.87736995800423,True
base,40,1,1005,16,0.9775609627146915,1.0468878048225643,0.9711443749661474,1.0468878048225643,70.5447374086864,True
base,40,1,1005,17,0.972385755501831,1.0619918260084282,0.9544110548778952,1.0645769870415362,102.01851113268361,True
base,40,1,1005,18,0.9675539543067806,1.0614068448529472,0.9530579191546917,1.0639872044539054,108.84325200907563,True
base,40,1,1005,19,0.9743214264683805,1.0633088002862625,0.9557490052937819,1.0657434179130505,104.52654524645504,True
base,40,1,1005,20,0.9837735251296441,1.0574073092435055,0.9645539074059339,1.0593627035036808,89.35101355439318,True
base,40,1,1005,21,0.9918882463501635,1.0512490968823414,0.9727094315975261,1.052684896873574,74.72270700585403,True
base,40,1,1005,22,0.9914257892042921,1.0381186058038927,0.9798060098941715,1.0390684855998615,61.291751225920045,True
base,40,1,1005,23,0.9932663014055603,1.035380408267501,0.9859894177977967,1.035380408267501,49.93796250829327,True
base,40,2,1005,0,0.9846926730999352,1.0471466567252954,0.9846926730999352,1.0471466567252954,42.01243007579632,True
base,40,2,1005,1,0.9903071299182108,1.0476094337623534,0.9903071299182108,1.0476094337623534,37.53752760959079,True
base,40,2,1005,2,0.9943524106505324,1.047360633191552,0.9941762946136244,1.047360633191552,33.8514021038945,True
base,40,2,1005,3,0.9995213581740864,1.0462758890139654,0.9963447312929524,1.0462758890139654,29.537163186788728,True
base,40,2,1005,4,0.9957475293822939,1.0418620637702318,0.9945482049144101,1.0418620637702318,30.86401300621196,True
base,40,2,1005,5,0.9900061376999438,1.0378660244214968,0.9900061376999438,1.0378660244214968,34.49884935438342,True
base,40,2,1005,6,0.9856157423743206,1.0352819064556018,0.9856157423743206,1.0352819064556018,37.52028442308106,True
base,40,2,1005,7,0.985634917995828,1.0456829696163898,0.9844621011568061,1.0456829696163898,46.40953057918749,True
base,40,2,1005,8,0.9848196293204138,1.049032258024615,0.978504603802454,1.049032258024615,55.70031158775085,True
base,40,2,1005,9,0.9953887885109337,1.0494525876883878,0.9831138549538095,1.0494525876883878,47.603291855539695,True
base,40,2,1005,10,0.9957929165821479,1.0398904030407645,0.9866447406806644,1.0398904030407645,41.819538919195054,True
base,40,2,1005,11,0.9967222780106247,1.041369381328488,0.9871814772708198,1.041369381328488,41.032995196640016,True
base,40,2,1005,12,0.9916672238682102,1.0378400289402585,0.9879126150721234,1.0378400289402585,40.81450102260996,True
base,40,2,1005,13,0.9925901424208317,1.0386509101728456,0.988445681902171,1.0386509101728456,40.03984023149357,True
base,40,2,1005,14,0.9935111794559396,1.0394584907504103,0.9889774813288389,1.0394584907504103,39.26864660975189,True
base,40,2,1005,15,0.9835964668025229,1.0398293546665465,0.9807500602843258,1.0398293546665465,52.87763188156699,True
base,40,2,1005,16,0.9785597911643009,1.048140154124295,0.9713153858709098,1.048140154124295,70.54043029536699,True
base,40,2,1005,17,0.9686343397170784,1.055855001122719,0.9549451022998019,1.0585836673875488,101.78628753780656,True
base,40,2,1005,18,0.9710792141091797,1.0612593598948232,0.9537693184203438,1.0640605988748033,108.84690858959472,True
base,40,2,1005,19,0.9774970006399549,1.0629935963514006,0.9563436333935631,1.0656661674424728,104.47266491462611,True
base,40,2,1005,20,0.9865332421945774,1.0571239993755892,0.965071081647557,1.059278332866148,89.33445361031185,True
base,40,2,1005,21,0.9878031265182113,1.0449555143996851,0.9731272492103761,1.046541011127953,74.5694314079025,True
base,40,2,1005,22,0.9930168761956306,1.0394464576523987,0.9800585376195659,1.0394464576523987,61.29222773778507,True
base,40,2,1005,23,0.9938381674260365,1.036916770514648,0.9861750505563184,1.036916770514648,49.93923922422391,True
base,40,3,1005,0,0.9846422778455016,1.0468293737982506,0.9846422778455016,1.0468293737982506,42.00878782276368,True
base,40,3,1005,1,0.9902597578972623,1.0476434814537694,0.9902597578972623,1.0476434814537694,37.53526082142381,True
base,40,3,1005,2,0.9943113602842445,1.0471605005212652,0.9941945386767439,1.0471605005212652,33.849992656854155,True
base,40,3,1005,3,0.999487865930425,1.046286633895148,0.9963567663495849,1.046286633895148,29.536447653591836,True
base,40,3,1005,4,0.9957257634909505,1.0417641436508913,0.9945565915134902,1.0417641436508913,30.863387991816086,True
base,40,3,1005,5,0.9899858576687295,1.0377658383711668,0.9899858576687295,1.0377658383711668,34.497978226031464,True
base,40,3,1005,6,0.9855967760405565,1.035295656552979,0.9855967760405565,1.035295656552979,37.51922139690815,True
base,40,3,1005,7,0.9856196914758123,1.045687165431273,0.984474190321541,1.045687165431273,46.40799667733116,True
base,40,3,1005,8,0.984898355527286,1.0490588078276426,0.9785187569724351,1.0490588078276426,55.69827805104629,True
base,40,3,1005,9,0.9953813892190936,1.0494624008154,0.9831199024124213,1.0494624008154,47.60248918665923,True
base,40,3,1005,10,0.9958111033829712,1.0398980622906135,0.9866501257928062,1.0398980622906135,41.81888560061299,True
base,40,3,1005,11,0.9967403027436216,1.0413767663892484,0.9871867682714456,1.0413767663892484,41.03236541627926,True
base,40,3,1005,12,0.991703400036775,1.0377387522733583,0.9879232707784092,1.0377387522733583,40.81327505524564,True
base,40,3,1005,13,0.9926259959035306,1.038550104359078,0.9884561499213477,1.038550104359078,40.03865582125898,True
base,40,3,1005,14,0.993546705269982,1.0393581416007396,0.9889877595983146,1.0393581416007396,39.26750999315014,True
base,40,3,1005,15,0.9835776356659288,1.0396680280880162,0.9807704390304393,1.0396680280880162,52.87481233245519,True
base,40,3,1005,16,0.9788241363223973,1.0482516216195938,0.9713687713573552,1.0482516216195938,70.53212592598295,True
base,40,3,1005,17,0.969392791886949,1.0558830040168852,0.9551251351344591,1.0586537557178624,101.75460130220256,True
base,40,3,1005,18,0.9722071042757844,1.061288218299875,0.9540456820884609,1.0641524301830598,108.79685874301019,True
base,40,3,1005,19,0.978533162914988,1.0630318929403517,0.9565928032482149,1.065761403701506,104.42635574535706,True
base,40,3,1005,20,0.9873245392971011,1.0571754435240224,0.9652491310612318,1.0593730617106296,89.302948399483,True
base,40,3,1005,21,0.98805950442959,1.044986683157539,0.9731408141682475,1.0466155950343061,74.53868895218747,True
base,40,3,1005,22,0.993236293827803,1.039591675131257,0.9801364198133204,1.039591675131257,61.280984395401326,True
base,40,3,1005,23,0.993996866713199,1.036998859158513,0.9862263808767994,1.036998859158513,49.93305667246834,True
base,40,4,1005,0,0.9839147637631286,1.048103878012601,0.9839147637631286,1.048103878012601,42.030298387449776,True
base,40,4,1005,1,0.9894804843002484,1.0462631939560147,0.9894804843002484,1.0462631939560147,37.54017803480377,True
base,40,4,1005,2,0.9937605073264489,1.0453421245821473,0.9937605073264489,1.0453421245821473,33.84589270441413,True
base,40,4,1005,3,0.9990450329880588,1.0455026717112255,0.9962364546504392,1.0455026717112255,29.53802015842612,True
base,40,4,1005,4,0.9954276381842255,1.042168842453808,0.9944747055887204,1.042168842453808,30.864820012286607,True
base,40,4,1005,5,0.9896799796084703,1.0381734102444027,0.9896799796084703,1.0381734102444027,34.50009857843653,True
base,40,4,1005,6,0.9852843045330381,1.0347942435383584,0.9852843045330381,1.0347942435383584,37.52185161179431,True
base,40,4,1005,7,0.9852914601318592,1.0459906415032956,0.984374927397377,1.0459906415032956,46.4119766651049,True
base,40,4,1005,8,0.9843515376272662,1.0484543454346862,0.9784097179104077,1.0484543454346862,55.70369436296826,True
base,40,4,1005,9,0.9952179408176811,1.0491765505743837,0.9830701798463798,1.0491765505743837,47.60459207917026,True
base,40,4,1005,10,0.9956863706525433,1.0396224620932184,0.9866035312313091,1.0396224620932184,41.82055905046055,True
base,40,4,1005,11,0.9966162652074622,1.0411023508969919,0.987140611509909,1.0411023508969919,41.033974285625476,True
base,40,4,1005,12,0.9914545720400179,1.038142872827858,0.9878307056701161,1.038142872827858,40.81640313742496,True
base,40,4,1005,13,0.9923785511423063,1.038953652802802,0.9883644595790654,1.038953652802802,40.04165072463625,True
base,40,4,1005,14,0.9933006517814683,1.0397610999637952,0.9888969472644503,1.0397610999637952,39.27036776273444,True
base,40,4,1005,15,0.9830670179312645,1.040287316001236,0.9806110468021446,1.040287316001236,52.882272150030104,True
base,40,4,1005,16,0.9770697240827765,1.0463005610292437,0.9709872835131007,1.0463005610292437,70.55697155418063,True
base,40,4,1005,17,0.9709288193864564,1.0623167221554586,0.9539078634942116,1.0646408309875959,102.08190007640158,True
base,40,4,1005,18,0.9653400617873189,1.0618949159983062,0.9522827033929476,1.064093926970016,108.93666742203656,True
base,40,4,1005,19,0.9722904002425629,1.0637552340799696,0.9550419874865183,1.0658327836715673,104.61790169522358,True
base,40,4,1005,20,0.9823685796932822,1.057587153768299,0.9640366024223456,1.0592769165053764,89.40883775464248,True
base,40,4,1005,21,0.9907679510742857,1.0515253848692288,0.9723439584953872,1.0527211992667052,74.75521593217708,True
base,40,4,1005,22,0.9906390012884543,1.0383304844354286,0.9795599549289352,1.039086133944099,61.31029302718309,True
base,40,4,1005,23,0.9929414591909901,1.0347051397817533,0.9858167841563197,1.0347051397817533,49.94844355582898,True
base,40,5,1005,0,0.9842109447900531,1.0414635267739119,0.9842109447900531,1.0414635267739119,42.008407978111734,True
base,40,5,1005,1,0.9898687344571845,1.0469125121440952,0.9898687344571845,1.0469125121440952,37.53652507796809,True
base,40,5,1005,2,0.9940682256573777,1.0458549354919475,0.9940682256573777,1.0458549354919475,33.843580138755,True
base,40,5,1005,3,0.9992716805736509,1.0458788565558825,0.9962917757679323,1.0458788565558825,29.536956442382724,True
base,40,5,1005,4,0.9955795725605481,1.042279219492313,0.9945121266590389,1.042279219492313,30.86381175426173,True
base,40,5,1005,5,0.9898340929108346,1.0382861667832557,0.9898340929108346,1.0382861667832557,34.498624716195856,True
base,40,5,1005,6,0.9854403411591202,1.035004072702269,0.9854403411591202,1.035004072702269,37.52003698949073,True
base,40,5,1005,7,0.9854516263606176,1.0461090501662453,0.9844177434891175,1.0461090501662453,46.40930928719914,True
base,40,5,1005,8,0.9845603793280749,1.0487305392823236,0.9784556442954943,1.0487305392823236,55.70015640697535,True
base,40,5,1005,9,0.9952976716793284,1.0493091666579921,0.9830916540998791,1.0493091666579921,47.60320017451311,True
base,40,5,1005,10,0.9957484036843182,1.0397516260454926,0.9866240217303596,1.0397516260454926,41.81942806808486,True
base,40,5,1005,11,0.9966780808507891,1.0412311509311443,0.987160962422555,1.0412311509311443,41.03288365362515,True
base,40,5,1005,12,0.991578545993306,1.0382580343401016,0.9878714499217104,1.0382580343401016,40.81427705015709,True
base,40,5,1005,13,0.9925021070370195,1.0390683090447617,0.9884049322602233,1.0390683090447617,40.03961524071031,True
base,40,5,1005,14,0.9934237983484221,1.0398752787030097,0.9889371514159601,1.0398752787030097,39.26841999189184,True
base,40,5,1005,15,0.9833124018474345,1.040469216298847,0.980678522254327,1.040469216298847,52.8773679499449,True
base,40,5,1005,16,0.9777374389327612,1.0471814164472073,0.9711462387340535,1.0471814164472073,70.54209173613728,True
base,40,5,1005,17,0.9726371054199957,1.062453658137154,0.9543535551107476,1.064881199126565,102.02911878286183,True
base,40,5,1005,18,0.9679134332937176,1.0621006438324763,0.9529747934621177,1.0644509286756076,108.84364156417294,True
base,40,5,1005,19,0.9746423993172076,1.06394640877697,0.9556613991235101,1.0661647383018857,104.54211605622463,True
base,40,5,1005,20,0.9842345941124307,1.05772008845642,0.9645037176624854,1.0595327717002974,89.36078421567497,True
base,40,5,1005,21,0.9923897459788259,1.0514087442379336,0.9726954651392076,1.0527601930256,74.73583127989151,True
base,40,5,1005,22,0.9917026861014977,1.0389421694914485,0.9797995859330538,1.0392192879999744,61.29195276816981,True
base,40,5,1005,23,0.9934566671047956,1.035769874975445,0.9859924479297644,1.035769874975445,49.93788079839498,True
base,50,1,1256,0,0.9820923196358253,1.047275038076971,0.9820923196358253,1.047275038076971,44.25514082253231,True
base,50,1,1256,1,0.9881856694110773,1.0446721759898518,0.9881856694110773,1.0446721759898518,39.3965762341624,True
base,50,1,1256,2,0.9927021424427561,1.0474576239047786,0.9927021424427561,1.0474576239047786,35.327939681076295,True
base,50,1,1256,3,0.9983165879134809,1.044615412611747,0.9960464282230521,1.044615412611747,30.63374298702259,True
base,50,1,1256,4,0.994938163020551,1.0419123748882317,0.9943459482299517,1.0419123748882317,31.59996007891634,True
base,50,1,1256,5,0.9891807281667809,1.037912757004169,0.9891807281667809,1.037912757004169,35.23963678128415,True
base,50,1,1256,6,0.984774283999934,1.0345315623756401,0.984774283999934,1.0345315623756401,38.26323263907071,True
base,50,1,1256,7,0.9847588688695547,1.0457199882063664,0.9842191454448952,1.0457199882063664,47.15605626592006,True
base,50,1,1256,8,0.9837064275323003,1.0477604315410365,0.9782385709447018,1.0477604315410365,56.44961784475642,True
base,50,1,1256,9,0.9949530276741607,1.0488499553562045,0.9829923735286938,1.0488499553562045,47.975628692430426,True
base,50,1,1256,10,0.9955190528606701,1.03930877897692,0.9865306236472003,1.03930877897692,42.19106664980662,True
base,50,1,1256,11,0.9964499048271874,1.0407900880195566,0.9870683773124039,1.0407900880195566,41.40441210978124,True
base,50,1,1256,12,0.99112018003418,1.0378795519718738,0.9876852572279856,1.0378795519718738,41.55866003168399,True
base,50,1,1256,13,0.9920461202764292,1.0386911038357998,0.9882203729754506,1.0386911038357998,40.78365655625538,True
base,50,1,1256,14,0.9929701618955531,1.0394992455632084,0.9887542190739113,1.0394992455632084,40.01209223054572,True
base,50,1,1256,15,0.9821103645318425,1.0398754066628804,0.9803599224076228,1.0398754066628804,54.00274214361522,True
base,50,1,1256,16,0.9811683825486744,1.0444914151839526,0.9703168493002733,1.0448925390254233,73.00502426975292,True
base,50,1,1256,17,0.9653502096406277,1.0610109485261001,0.9520735286398635,1.0635402090117967,107.66087338335754,True
base,50,1,1256,18,0.9631709993464064,1.0659995824146704,0.9494296514598919,1.0684722923663463,117.29295174159971,True
base,50,1,1256,19,0.9707386701247182,1.0677958885925611,0.9524166720665834,1.0701775411126822,112.46829358301757,True
base,50,1,1256,20,0.9825070063344086,1.0623212657180323,0.9621062010401018,1.0642330194333114,95.89213301654256,True
base,50,1,1256,21,0.9864232837563828,1.0504730074183422,0.9710501550086623,1.0518753888102785,79.7918084414246,True
base,50,1,1256,22,0.991795833224284,1.0436738119011832,0.9785709916908272,1.0446104735578117,65.23679917431492,True
base,50,1,1256,23,0.9914610787072932,1.0390195504335364,0.9852310979505363,1.0390195504335364,53.07735744997009,True
base,50,2,1256,0,0.9823739803967888,1.0472675832890432,0.9823739803967888,1.0472675832890432,44.25560522540486,True
base,50,2,1256,1,0.9884153260505683,1.0452603476172504,0.9884153260505683,1.0452603476172504,39.39691403908544,True
base,50,2,1256,2,0.9928826152036235,1.0474470304048737,0.9928826152036235,1.0474470304048737,35.328121721231476,True
base,50,2,1256,3,0.9984491857647114,1.0449552762991505,0.9960485718576149,1.0449552762991505,30.633826940589966,True
base,50,2,1256,4,0.995026982405289,1.0419058685314246,0.9943475871204148,1.0419058685314246,31.600037085886747,True
base,50,2,1256,5,0.989270242249131,1.0379079086542469,0.989270242249131,1.0379079086542469,35.2398927041462,True
base,50,2,1256,6,0.9848656414902768,1.034527619214086,0.9848656414902768,1.034527619214086,38.26338787480528,True
base,50,2,1256,7,0.9848500249422525,1.0457214110367226,0.9842221943523308,1.0457214110367226,47.15652913884608,True
base,50,2,1256,8,0.9838845960668043,1.0480040936433772,0.9782437193202106,1.0480040936433772,56.449918760573844,True
base,50,2,1256,9,0.9949989962481619,1.0489673694734392,0.9829942724649497,1.0489673694734392,47.97574766810324,True
base,50,2,1256,10,0.9955292744387112,1.0394238443007358,0.9865321153978288,1.0394238443007358,42.19116427023622,True
base,50,2,1256,11,0.9964600343914535,1.0409048852012635,0.9870698126110442,1.0409048852012635,41.40450650975234,True
base,50,2,1256,12,0.9911407843228363,1.0378768620684613,0.987688239610027,1.0378768620684613,41.558829296237164,True
base,50,2,1256,13,0.9920665286525715,1.0386881397196635,0.9882232377002523,1.0386881397196635,40.783825248456075,True
base,50,2,1256,14,0.9929903765749059,1.0394960422615576,0.9887569661622531,1.0394960422615576,40.01225523345696,True
base,50,2,1256,15,0.9823773773907264,1.0398776439862425,0.9803672332085751,1.0398776439862425,54.00312232462792,True
base,50,2,1256,16,0.9817015709569304,1.0452198346447814,0.9703334185287615,1.0452198346447814,73.00999696164979,True
base,50,2,1256,17,0.9667883473238075,1.0612668117628212,0.9521714599808587,1.0637287281828367,107.65950472924372,True
base,50,2,1256,18,0.9654227954930584,1.06636231605716,0.9496237002600104,1.0687607440117053,117.2985576558397,True
base,50,2,1256,19,0.9727563758385552,1.0681386771164079,0.9525555698010115,1.070444972066048,112.48727441349675,True
base,50,2,1256,20,0.9841589703532152,1.0625734585614468,0.9622142314401387,1.0644305113199877,95.89923318690184,True
base,50,2,1256,21,0.9876553088122486,1.0506695694306922,0.9711092815763602,1.0520157395641268,79.79568015427473,True
base,50,2,1256,22,0.9919450809924619,1.0437911686948387,0.9786088590028567,1.044703679288583,65.24660153007223,True
base,50,2,1256,23,0.991361547394264,1.0362688719103526,0.985125571683808,1.0367421793224973,53.074728513666805,True
base,50,3,1256,0,0.982387148794228,1.0480347679359183,0.982387148794228,1.0480347679359183,44.253855445434034,True
base,50,3,1256,1,0.9884445946483071,1.0450828558237388,0.9884445946483071,1.0450828558237388,39.393764708440074,True
base,50,3,1256,2,0.9929587580955888,1.0444359647964039,0.9929587580955888,1.0444359647964039,35.320880895885935,True
base,50,3,1256,3,0.998466164775992,1.0448531895393223,0.9960788558729115,1.0448531895393223,30.633619372093086,True
base,50,3,1256,4,0.995038070824413,1.0421540455690623,0.9943676505767522,1.0421540455690623,31.59978794807264,True
base,50,3,1256,5,0.9892795716710003,1.0381580078944692,0.9892795716710003,1.0381580078944692,35.23954420595869,True
base,50,3,1256,6,0.9848735011532409,1.034779221330112,0.9848735011532409,1.034779221330112,38.262960988677925,True
base,50,3,1256,7,0.9848544714277194,1.0459753645863534,0.9842387549047098,1.0459753645863534,47.1559553017564,True
base,50,3,1256,8,0.9838914114617162,1.0479205221491257,0.9782583420849319,1.0479205221491257,56.449191069915386,True
base,50,3,1256,9,0.9950015600179591,1.0489290553997688,0.9830026440028338,1.0489290553997688,47.9754562827853,True
base,50,3,1256,10,0.9955480395624372,1.0393872435035125,0.9865411110842163,1.0393872435035125,42.190912105741276,True
base,50,3,1256,11,0.9964789358251873,1.0408685704103988,0.9870788951316217,1.0408685704103988,41.40426384200476,True
base,50,3,1256,12,0.9911782168429847,1.0381260784315705,0.9877061680945147,1.0381260784315705,41.558355889410244,True
base,50,3,1256,13,0.9921042344156876,1.038936967953818,0.988241342236257,1.038936967953818,40.783369392204136,True
base,50,3,1256,14,0.993028362836012,1.0397444805961766,0.9887752492136234,1.0397444805961766,40.01181621606108,True
base,50,3,1256,15,0.982385571762848,1.0402596818158514,0.9803897016789778,1.0402596818158514,54.00209534450822,True
base,50,3,1256,16,0.9817556559041082,1.0451025139884744,0.9703746127268985,1.0451025139884744,73.01481810877682,True
base,50,3,1256,17,0.9666055548972456,1.0616095278049036,0.9521792311157007,1.063931812411839,107.65685304591474,True
base,50,3,1256,18,0.9652026554502923,1.0666735806157683,0.9496011031615655,1.0689045263233727,117.3049917685655,True
base,50,3,1256,19,0.972466117187324,1.0685810705194791,0.9525510377366788,1.070704452469175,112.4953620902896,True
base,50,3,1256,20,0.9840117684659212,1.0629406756847715,0.9622488034474678,1.0646430592894829,95.9000760930401,True
base,50,3,1256,21,0.9876197757621655,1.0509670153532955,0.9711682264144861,1.0521855636040809,79.78413091614364,True
base,50,3,1256,22,0.9920848881849127,1.0440070198790379,0.9786687103842047,1.044822677155154,65.24332912993455,True
base,50,3,1256,23,0.9914927655537953,1.0364357291723814,0.9851853986033828,1.0368319881288623,53.07222483257566,True
base,50,4,1256,0,0.9834826655762032,1.0459791389061888,0.9834826655762032,1.0459791389061888,44.26372110913096,True
base,50,4,1256,1,0.9891352025411478,1.0464962349659566,0.9891352025411478,1.0464962349659566,39.39160473525697,True
base,50,4,1256,2,0.9934360656415168,1.046595839216707,0.9934360656415168,1.046595839216707,35.32656959997703,True
base,50,4,1256,3,0.9988538251632456,1.0456553201304764,0.9961892777068697,1.0456553201304764,30.633200304631803,True
base,50,4,1256,4,0.995298578295022,1.0414855003000243,0.9944423975029214,1.0414855003000243,31.599387149202467,True
base,50,4,1256,5,0.9895472880616393,1.0374841840374944,0.9895472880616393,1.0374841840374944,35.2388553850838,True
base,50,4,1256,6,0.985147211183798,1.0348389008261811,0.985147211183798,1.0348389008261811,38.26205350896504,True
base,50,4,1256,7,0.9851429199960744,1.0452904065227708,0.9843290062432591,1.0452904065227708,47.15439994576917,True
base,50,4,1256,8,0.9842208980497342,1.0494819114716658,0.9783558984438042,1.0494819114716658,56.44377780353811,True
base,50,4,1256,9,0.9951448789373668,1.049218048756504,0.983047628806008,1.049218048756504,47.97462502156719,True
base,50,4,1256,10,0.9956523662595181,1.0396670171704796,0.9865833110868739,1.0396670171704796,42.19029550336452,True
base,50,4,1256,11,0.9965826362366689,1.0411472199490335,0.9871207070929606,1.0411472199490335,41.40367471797384,True
base,50,4,1256,12,0.991386909839203,1.0374550521801158,0.9877904411289784,1.0374550521801158,41.55719831645501,True
base,50,4,1256,13,0.9923116726184825,1.0382670130751401,0.9883248326975766,1.0382670130751401,40.782274068136715,True
base,50,4,1256,14,0.9932345305760786,1.0390756057992954,0.9888579515030665,1.0390756057992954,40.01078595987719,True
base,50,4,1256,15,0.9828363299106833,1.0392292730207315,0.9805351124131518,1.0392292730207315,53.99898670752697,True
base,50,4,1256,16,0.9770388159920005,1.0464615332448008,0.9707876108656285,1.0464615332448008,72.83338911989223,True
base,50,4,1256,17,0.9704154371780486,1.0606926583662777,0.9532237684019723,1.0635125661924554,107.5482414115187,True
base,50,4,1256,18,0.9710140317105679,1.0653064454886345,0.9512206884154002,1.068249861300453,117.14723204134509,True
base,50,4,1256,19,0.9778420062607893,1.0673457590642517,0.9540378830229503,1.0701325406388538,112.31817554854561,True
base,50,4,1256,20,0.988127779541976,1.0617658306786266,0.9632891691531223,1.0640521119030157,95.80898469168058,True
base,50,4,1256,21,0.9906074347593695,1.0500182797027615,0.9718704509676025,1.0517166189073646,79.73956663795587,True
base,50,4,1256,22,0.9905952099493063,1.037225608057566,0.9792550951147305,1.0383864763307984,65.10329185924797,True
base,50,4,1256,23,0.9925926252505329,1.0385817894873688,0.9856175298997121,1.0385817894873688,52.955893170474944,True
base,50,5,1256,0,0.9825516364796116,1.0472696819741576,0.9825516364796116,1.0472696819741576,44.25272042768483,True
base,50,5,1256,1,0.9885746636122115,1.0447082802194638,0.9885746636122115,1.0447082802194638,39.39305881894735,True
base,50,5,1256,2,0.9930003413059233,1.0474537461963116,0.9930003413059233,1.0474537461963116,35.327102245492306,True
base,50,5,1256,3,0.9985369325369793,1.0446259880269653,0.9960399031501599,1.0446259880269653,30.633307844082168,True
base,50,5,1256,4,0.9950854704711543,1.041910583175856,0.9943417099784198,1.041910583175856,31.599614265502733,True
base,50,5,1256,5,0.9893290336738004,1.0379115672102017,0.9893290336738004,1.0379115672102017,35.23931575812804,True
base,50,5,1256,6,0.9849246393624606,1.0345300631440164,0.9849246393624606,1.0345300631440164,38.26267157063262,True
base,50,5,1256,7,0.9849108117718659,1.0457193981828774,0.984217273046145,1.0457193981828774,47.155242846563134,True
base,50,5,1256,8,0.9837155156789249,1.0477752288866249,0.9782379881238739,1.0477752288866249,56.44855336586949,True
base,50,5,1256,9,0.9950279188391687,1.0488555472058585,0.9829913620097483,1.0488555472058585,47.97521832709049,True
base,50,5,1256,10,0.9955230344362003,1.0393134760905183,0.9865291934706912,1.0393134760905183,42.1907381242738,True
base,50,5,1256,11,0.9964538006906067,1.040794671363901,0.9870668899669932,1.040794671363901,41.404090491948196,True
base,50,5,1256,12,0.9911283514634027,1.0378788703632298,0.9876824604698642,1.0378788703632298,41.55801110747833,True
base,50,5,1256,13,0.9920541083030067,1.0386903903243545,0.9882174542069239,1.0386903903243545,40.78303109998842,True
base,50,5,1256,14,0.9929779699650725,1.0394985015361726,0.9887511792702414,1.0394985015361726,40.01149115352216,True
base,50,5,1256,15,0.9821236694737006,1.039875227227848,0.9803587406162789,1.039875227227848,54.001237779703125,True
base,50,5,1256,16,0.9812117359854071,1.0445537614946563,0.9703234411888584,1.0449546695383465,73.0004765710525,True
base,50,5,1256,17,0.9655374214980221,1.0611839990398613,0.9521323956894474,1.0637038400128798,107.64101064633313,True
base,50,5,1256,18,0.9635685820054704,1.066247417679249,0.9495712245709568,1.0687131006373842,117.2442736247825,True
base,50,5,1256,19,0.9710366145883121,1.0680394047024473,0.9525124822403864,1.0704078909520782,112.43413965080562,True
base,50,5,1256,20,0.9827194291166665,1.0625084329851373,0.9621691587812115,1.0644127754354278,95.86800354202461,True
base,50,5,1256,21,0.986559425300672,1.0506156216539144,0.9710830720349912,1.0520127822230203,79.77654674244778,True
base,50,5,1256,22,0.9918667893769734,1.0437793648778402,0.9785775272977671,1.04471113291388,65.23050179677578,True
base,50,5,1256,23,0.9915061057198794,1.0390769244239466,0.9852283789038687,1.0390769244239466,53.07368749272317,True
base,60,1,1508,0,0.9875645905415121,1.0455183375985784,0.9875645905415121,1.0455183375985784,46.629324208602775,True
base,60,1,1508,1,0.993616165896181,1.043919467873218,0.991559245604641,1.043919467873218,41.34780753769615,True
base,60,1,1508,2,0.9982918811070716,1.0463329307497804,0.9934669031145451,1.0463329307497804,36.89518733658991,True
base,60,1,1508,3,0.9976880466946241,1.0373882882482959,0.9957448562759531,1.0373882882482959,31.69186938088892,True
base,60,1,1508,4,0.9944607816438362,1.0346036610141363,0.9941038202635415,1.0346036610141363,32.29975884752084,True
base,60,1,1508,5,0.9888960492533538,1.037424137780544,0.9888960492533538,1.037424137780544,35.978090857022984,True
base,60,1,1508,6,0.984466220317066,1.0340451351966693,0.984466220317066,1.0340451351966693,39.00914667649515,True
base,60,1,1508,7,0.9844295624646456,1.045227730021969,0.9840819001107763,1.045227730021969,47.90542403104098,True
base,60,1,1508,8,0.983124911060096,1.0494128145278754,0.9780876105158028,1.0494128145278754,57.19803929258311,True
base,60,1,1508,9,0.9947900656113631,1.0486364352063604,0.9829244574361825,1.0486364352063604,48.34900538776578,True
base,60,1,1508,10,0.9953806509338244,1.0391054167636982,0.9864668317530806,1.0391054167636982,42.563792337335435,True
base,60,1,1508,11,0.9963122945149278,1.040587828278297,0.987005154384752,1.040587828278297,41.77704161842468,True
base,60,1,1508,12,0.997101583727079,1.0417305744481753,0.9876177141893855,1.0417305744481753,42.447496131856674,True
base,60,1,1508,13,0.9917707453228579,1.0382054988661027,0.9880939637225148,1.0382054988661027,41.53024277852773,True
base,60,1,1508,14,0.9926963300642886,1.0390170047683274,0.9886287802505205,1.0390170047683274,40.7583916667761,True
base,60,1,1508,15,0.9814390250672858,1.0391276289086,0.9801398408266672,1.0391276289086,55.1319398018592,True
base,60,1,1508,16,0.9798860106501311,1.0498924437233395,0.9698906536307761,1.0498924437233395,75.33026259069267,True
base,60,1,1508,17,0.9674085194845079,1.0656079954450333,0.9504219731104502,1.0684143530331067,113.53404733108177,True
base,60,1,1508,18,0.9566659818842654,1.0637826418859042,0.9468246117023181,1.066668837804714,125.43952305266642,True
base,60,1,1508,19,0.9648583526372347,1.065958215708301,0.950095146908759,1.068693462692115,120.19194200809392,True
base,60,1,1508,20,0.9847032095710881,1.0668061173983523,0.9604980878784822,1.0690723407844278,102.54797870588675,True
base,60,1,1508,21,0.9892765299442516,1.0553046541280195,0.9697609913892963,1.0570079846069322,85.0180973721987,True
base,60,1,1508,22,0.9914630815886997,1.0428220796059304,0.9778432907969261,1.0439887676655895,69.10779321375607,True
base,60,1,1508,23,0.9960222892894239,1.0380207973135416,0.9846291329314859,1.0380207973135416,56.12913948464836,True
base,60,2,1508,0,0.9874856736793776,1.0460719954114925,0.9874856736793776,1.0460719954114925,46.63491913235085,True
base,60,2,1508,1,0.993561892047716,1.0437740838743614,0.9916337212009058,1.0437740838743614,41.35157149540516,True
base,60,2,1508,2,0.9982562143369409,1.046696502084009,0.9935308646432677,1.046696502084009,36.89764947855426,True
base,60,2,1508,3,0.9976730855733205,1.0390890292336963,0.9957985290003277,1.0390890292336963,31.707631631064675,True
base,60,2,1508,4,0.9944535581804921,1.036115793619414,0.9941401963814258,1.036115793619414,32.31328403486404,True
base,60,2,1508,5,0.9888775959082573,1.0376084472677483,0.9888775959082573,1.0376084472677483,35.97930462294921,True
base,60,2,1508,6,0.9844463741656557,1.0342293845118968,0.9844463741656557,1.0342293845118968,39.010741118224324,True
base,60,2,1508,7,0.9844045825202423,1.0454113204568034,0.9841095749921033,1.0454113204568034,47.90764084516723,True
base,60,2,1508,8,0.9831227037679808,1.0495949707116603,0.9781117332320115,1.0495949707116603,57.20090420398205,True
base,60,2,1508,9,0.9947785550050727,1.0486061920333414,0.9829385401276501,1.0486061920333414,48.35013848988305,True
base,60,2,1508,10,0.9953999565960312,1.039077750966005,0.986482060810996,1.039077750966005,42.564725904465995,True
base,60,2,1508,11,0.9963318485064538,1.0405605858135212,0.9870205489646807,1.0405605858135212,41.777945997201634,True
base,60,2,1508,12,0.9971398977899701,1.0416749595010864,0.9876479971795423,1.0416749595010864,42.44928806980764,True
base,60,2,1508,13,0.9918092359291844,1.0383861339503144,0.9881244842658018,1.0383861339503144,41.531999255596716,True
base,60,2,1508,14,0.9927352851259235,1.0391975113563494,0.9886596189683537,1.0391975113563494,40.76009135944838,True
base,60,2,1508,15,0.9814365433010002,1.0394011937697434,0.9801767493704285,1.0394011937697434,55.13599687219074,True
base,60,2,1508,16,0.9798257911008839,1.0504322732496219,0.9699369572197708,1.0504322732496219,75.34311958250312,True
base,60,2,1508,17,0.9669875609107814,1.0655575001934345,0.9503975749483282,1.0682155144077865,113.5872003244057,True
base,60,2,1508,18,0.955881258357098,1.0637102387541388,0.9467094708964632,1.0663812565968567,125.52336412378918,True
base,60,2,1508,19,0.9641735585350789,1.06588929084413,0.9500124848264103,1.068421061273818,120.27078221531168,True
base,60,2,1508,20,0.9842924493343773,1.0667484652589383,0.9605027934921246,1.0688444401614285,102.60383770030101,True
base,60,2,1508,21,0.9890814239846787,1.0552677580672676,0.9698287746993567,1.0568317679028194,85.04740351946484,True
base,60,2,1508,22,0.9913854679868317,1.0427980702545518,0.977930914151717,1.043856484168869,69.12471431519151,True
base,60,2,1508,23,0.9958957692050582,1.038738582902594,0.9847225576305989,1.038738582902594,56.139040589291035,True
base,60,3,1508,0,0.9870991170185426,1.0472689700901374,0.9870991170185426,1.0472689700901374,46.633408283844105,True
base,60,3,1508,1,0.9932528232423897,1.0442690618853918,0.9914573583010281,1.0442690618853918,41.35050362948346,True
base,60,3,1508,2,0.9980161117633423,1.0474629906102908,0.9933934827076668,1.0474629906102908,36.89681674394534,True
base,60,3,1508,3,0.9974994764735473,1.0387692968079658,0.9956987256906898,1.0387692968079658,31.707016004484707,True
base,60,3,1508,4,0.9943368643060301,1.0359023514702232,0.9940733166417799,1.0359023514702232,32.312897989862385,True
base,60,3,1508,5,0.9887575395336666,1.0379932060475137,0.9887575395336666,1.0379932060475137,35.97893815160303,True
base,60,3,1508,6,0.9843237485056358,1.0346178932613885,0.9843237485056358,1.0346178932613885,39.010384128536025,True
base,60,3,1508,7,0.9842744879540786,1.0458096203095772,0.9840362975111902,1.0458096203095772,47.90734476937678,True
base,60,3,1508,8,0.9831338722678283,1.0470769635620385,0.978036352326631,1.0470769635620385,57.20374461596117,True
base,60,3,1508,9,0.9947313666318502,1.048542301230802,0.9829063375450499,1.048542301230802,48.3579060499794,True
base,60,3,1508,10,0.9953391740604881,1.0390098705878197,0.9864466615326045,1.0390098705878197,42.56457316978589,True
base,60,3,1508,11,0.996271317033002,1.0404930979716998,0.9869853044819444,1.0404930979716998,41.77779221708961,True
base,60,3,1508,12,0.9970135754448928,1.0415301240467894,0.9875745566223028,1.0415301240467894,42.452220845622854,True
base,60,3,1508,13,0.9916882757433747,1.0387724089595445,0.9880538979117302,1.0387724089595445,41.53166580069074,True
base,60,3,1508,14,0.9926148479627618,1.0395826699037383,0.9885893541724339,1.0395826699037383,40.75975821458094,True
base,60,3,1508,15,0.9816097010614849,1.0400488950972093,0.9801773075319575,1.0400488950972093,55.148638514313575,True
base,60,3,1508,16,0.9795387130539309,1.0487740162018586,0.9696813970997267,1.0487740162018586,75.34974210349594,True
base,60,3,1508,17,0.9658766378333008,1.0664259899725097,0.9496788925103968,1.0687554762064921,113.61333127311109,True
base,60,3,1508,18,0.9543179102214446,1.0651303998030355,0.9456780008072303,1.0672855321516423,125.59605130404718,True
base,60,3,1508,19,0.9627809379237249,1.0671614430113512,0.9490723070824559,1.0692218831307434,120.356989567451,True
base,60,3,1508,20,0.9831289957917627,1.0676815862460542,0.9597326014701489,1.0694157770645816,102.6437408696115,True
base,60,3,1508,21,0.9885278316809467,1.0561489955059766,0.9693662074331233,1.0573967051914672,85.07764889787153,True
base,60,3,1508,22,0.9907487781634345,1.043439096314162,0.9775209561278373,1.0442517204854413,69.12379876700871,True
base,60,3,1508,23,0.9954172788752393,1.0363497279315883,0.9844214501981277,1.0364173719981307,56.134919826930044,True
base,60,4,1508,0,0.9873145741520496,1.0462007094437136,0.9873145741520496,1.0462007094437136,46.6301497897675,True
base,60,4,1508,1,0.9934186198873475,1.0434028557549775,0.9915124897921866,1.0434028557549775,41.34828051839141,True
base,60,4,1508,2,0.9969931856226527,1.046781082787331,0.9934335835924661,1.046781082787331,36.89546228266979,True
base,60,4,1508,3,0.9975802201738662,1.0372390956927273,0.9957231829051031,1.0372390956927273,31.69199889416897,True
base,60,4,1508,4,0.9943885060568821,1.0348272003693435,0.9940890884946608,1.0348272003693435,32.299893922516524,True
base,60,4,1508,5,0.9888209469726938,1.0376494429371483,0.9888209469726938,1.0376494429371483,35.97829988449314,True
base,60,4,1508,6,0.984388770767406,1.0342713121071259,0.984388770767406,1.0342713121071259,39.00941052120207,True
base,60,4,1508,7,0.9843464508842475,1.0454540579711151,0.9840605087954062,1.0454540579711151,47.90588652073462,True
base,60,4,1508,8,0.9829701654371091,1.0496384805996544,0.9780624826712038,1.0496384805996544,57.198735831503335,True
base,60,4,1508,9,0.9947490511310842,1.0485228784376526,0.9829138882883508,1.0485228784376526,48.34926010414587,True
base,60,4,1508,10,0.9953496351168888,1.0389953969652528,0.9864574506473062,1.0389953969652528,42.563980300264134,True
base,60,4,1508,11,0.9962815390119438,1.040478281394785,0.9869959421433825,1.040478281394785,41.777220039279115,True
base,60,4,1508,12,0.9970349796508466,1.0415022424215503,0.9875963771447385,1.0415022424215503,42.451127817453234,True
base,60,4,1508,13,0.9917089065230958,1.0384284457218989,0.9880754588677161,1.0384284457218989,41.53056802428735,True
base,60,4,1508,14,0.9926349811226322,1.0392397901783716,0.9886106001236984,1.0392397901783716,40.758699280875,True
base,60,4,1508,15,0.9815556561140322,1.0395077490916151,0.9802181459992285,1.0395077490916151,55.14580932053106,True
base,60,4,1508,16,0.9793679580026794,1.0505670368945166,0.9697897945068844,1.0505670368945166,75.33449733173447,True
base,60,4,1508,17,0.9658931075974887,1.0658724058921942,0.95004955499168,1.0684376989396995,113.55567298308546,True
base,60,4,1508,18,0.9545392955861574,1.0641951572711543,0.946285192636902,1.0667169139935568,125.50549236766552,True
base,60,4,1508,19,0.9629249595053042,1.066343375748674,0.9496166188866612,1.0687352438069664,120.26020284088301,True
base,60,4,1508,20,0.9830728276015114,1.067098778645123,0.9601129494381411,1.0690907070042133,102.57838734524233,True
base,60,4,1508,21,0.9881016480474422,1.0555463824074833,0.9695150547322718,1.0570252196078334,85.02583807458358,True
base,60,4,1508,22,0.9906336531361521,1.0430069807786009,0.9776896388976739,1.0439997083381216,69.11164462079978,True
base,60,4,1508,23,0.9956705929909256,1.0389056270897166,0.9845315927170847,1.0389056270897166,56.12967758833174,True
base,60,5,1508,0,0.9876606461700014,1.0456506669390528,0.9876606461700014,1.0456506669390528,46.62939937732396,True
base,60,5,1508,1,0.9936983254291774,1.0443663464118087,0.9916222356895553,1.0443663464118087,41.34792093853081,True
base,60,5,1508,2,0.9983593175234492,1.0464180116111905,0.9935185795865216,1.0464180116111905,36.89530390175505,True
base,60,5,1508,3,0.997746308225202,1.0390539610274825,0.9957868595379167,1.0390539610274825,31.706372750863526,True
base,60,5,1508,4,0.9945027022790737,1.0360920487146263,0.9941326146227264,1.0360920487146263,32.3123055633093,True
base,60,5,1508,5,0.9889291637553802,1.037467458530326,0.9889291637553802,1.037467458530326,35.97800565359965,True
base,60,5,1508,6,0.9844999401060295,1.034088064571098,0.9844999401060295,1.034088064571098,39.00921672186933,True
base,60,5,1508,7,0.9844624483557016,1.045270596518379,0.984106987499807,1.045270596518379,47.90550689242347,True
base,60,5,1508,8,0.9832733632279373,1.0494553364657597,0.9781119230091049,1.0494553364657597,57.19814543592234,True
base,60,5,1508,9,0.9948066787641486,1.0487266620855957,0.9829370569352186,1.0487266620855957,48.34906638905277,True
base,60,5,1508,10,0.9954058944901317,1.039194626069449,0.986479694809501,1.039194626069449,42.56384166621817,True
base,60,5,1508,11,0.9963375761477187,1.040676978620143,0.9870180559731233,1.040676978620143,41.77709301232827,True
base,60,5,1508,12,0.9971518038671082,1.041908410401191,0.9876432606953293,1.041908410401191,42.44759503832077,True
base,60,5,1508,13,0.9918211475601362,1.0382474096705303,0.988119663139077,1.0382474096705303,41.5303190266625,True
base,60,5,1508,14,0.9927467853117854,1.0390588589466778,0.9886545487478416,1.0390588589466778,40.75847462431225,True
base,60,5,1508,15,0.9816616271094398,1.0391916855647496,0.9801763409686272,1.0391916855647496,55.132027874391135,True
base,60,5,1508,16,0.9800238421292892,1.0499626599442868,0.9698553006142494,1.0499626599442868,75.31455323990696,True
base,60,5,1508,17,0.9684418330075236,1.0657097603987942,0.9505473682527025,1.0683569870768583,113.5378053359701,True
base,60,5,1508,18,0.9581644678150276,1.0639457076874026,0.946991506344737,1.066602200844671,125.44037961404915,True
base,60,5,1508,19,0.9662553609880565,1.0661065313881941,0.9502525499592703,1.0686241906581704,120.19759289956842,True
base,60,5,1508,20,0.9858559896615766,1.0669141795700527,0.9606429994660832,1.0689989062206127,102.55477423435502,True
base,60,5,1508,21,0.9902216471987552,1.0553905072669363,0.9698927175032961,1.0569441465272233,85.01834245730878,True
base,60,5,1508,22,0.9921921323660622,1.0428834272252703,0.9779530659020522,1.0439339481902634,69.10782338141784,True
base,60,5,1508,23,0.9961456818168749,1.0381948447561906,0.9847227429230869,1.0381948447561906,56.12916777037712,True
base,70,1,1759,0,0.9863120666793472,1.047866224030609,0.9863120666793472,1.047866224030609,48.89379204840915,True
base,70,1,1759,1,0.992422607054179,1.0427354674792972,0.9912097872764611,1.0427354674792972,43.21176962305008,True
base,70,1,1759,2,0.9976198701328349,1.0492653623805388,0.9933437155944612,1.0492653623805388,38.39120214218489,True
base,70,1,1759,3,0.9970260942496805,1.038491528858517,0.9955682058261661,1.038491528858517,32.80665141602124,True
base,70,1,1759,4,0.9940207123905486,1.0357162418093988,0.9939859504937087,1.0357162418093988,33.0495187608031,True
base,70,1,1759,5,0.988677524910982,1.0391656485207772,0.988677524910982,1.0391656485207772,36.7325691218362,True
base,70,1,1759,6,0.9839985310691372,1.0337408572467348,0.9839985310691372,1.0337408572467348,39.75258032198995,True
base,70,1,1759,7,0.9839353521409346,1.0449226824140123,0.9839315538815757,1.0449226824140123,48.65258863029905,True
base,70,1,1759,8,0.9826758491958896,1.0490984409384314,0.9779198449424817,1.0490984409384314,57.94842510981218,True
base,70,1,1759,9,0.9945353434179014,1.048366565783567,0.9828403602963022,1.048366565783567,48.73831049838385,True
base,70,1,1759,10,0.9962629520998529,1.0388452398430026,0.9863857873438331,1.0388452398430026,42.9431199273383,True
base,70,1,1759,11,0.9974496733495918,1.0403295965461747,0.9869250974684927,1.0403295965461747,42.15610803640891,True
base,70,1,1759,12,0.9981543925015534,1.0412291379115293,0.9874654118574528,1.0412291379115293,43.20213033422336,True
base,70,1,1759,13,0.9929724657573176,1.0379109377161249,0.987945412700289,1.0379109377161249,42.28196376948682,True
base,70,1,1759,14,0.9941549589636844,1.0387231019367247,0.9884819665944362,1.0387231019367247,41.50958836777206,True
base,70,1,1759,15,0.9809642329096189,1.0456915206597088,0.9799918498157476,1.0456915206597088,56.27976238240448,True
base,70,1,1759,16,0.9782943185789282,1.0489247831515853,0.9692498220628875,1.0489247831515853,77.64529082090117,True
base,70,1,1759,17,0.9628061128057811,1.0644591603386255,0.9483591268248149,1.0672218916545486,119.26524188005115,True
base,70,1,1759,18,0.9495017972394614,1.062025504457074,0.9435300908093041,1.0648251618521056,133.8397119359609,True
base,70,1,1759,19,0.9583711971536902,1.0643456818977117,0.9471265572022018,1.0670016744441804,128.108296844299,True
base,70,1,1759,20,0.9798876554670661,1.065568717144043,0.9583676937107679,1.067790762153416,108.99815482451314,True
base,70,1,1759,21,0.9858733313032036,1.0545649542210627,0.9683545925501676,1.0562173079335688,90.13951098328528,True
base,70,1,1759,22,0.9888265432919615,1.042373906845544,0.9768453329549566,1.0434890812340065,72.95787051208491,True
base,70,1,1759,23,0.9939285303314023,1.0367756008555056,0.9839495703738325,1.0367756008555056,59.16156589240469,True
base,70,2,1759,0,0.9864613349551139,1.0481086021509134,0.9864613349551139,1.0481086021509134,48.89655831148297,True
base,70,2,1759,1,0.9925488709051369,1.0429395968359363,0.9912752263691669,1.0429395968359363,43.2136605200118,True
base,70,2,1759,2,0.9977223676881791,1.0494309405464681,0.9933971899007189,1.0494309405464681,38.39248354056685,True
base,70,2,1759,3,0.9971038490994983,1.03833366445166,0.9956091711237044,1.03833366445166,32.80739627961339,True
base,70,2,1759,4,0.9940727769779889,1.0356108451379564,0.9940133392274629,1.0356108451379564,33.05004787325865,True
base,70,2,1759,5,0.9887293335837883,1.0392493788817632,0.9887293335837883,1.0392493788817632,36.733224570582216,True
base,70,2,1759,6,0.9840500126003348,1.0337565297509512,0.9840500126003348,1.0337565297509512,39.75331570661916,True
base,70,2,1759,7,0.9839862531935312,1.0449364053976713,0.9839576125622805,1.0449364053976713,48.65356648691536,True
base,70,2,1759,8,0.9826791266409434,1.049110418490185,0.9779452141399478,1.049110418490185,57.94963954589253,True
base,70,2,1759,9,0.9945883822498846,1.048438559187097,0.9828674659386248,1.048438559187097,48.729876770950234,True
base,70,2,1759,10,0.9952189156116615,1.0389128689777443,0.9864111461570755,1.0389128689777443,42.935883036329024,True
base,70,2,1759,11,0.9961516849869073,1.0403967673561907,0.9869502577304817,1.0403967673561907,42.14901464957286,True
base,70,2,1759,12,0.9967730801581842,1.041336521307612,0.9875033219273263,1.041336521307612,43.195763144388074,True
base,70,2,1759,13,0.9914474926618471,1.0379189769945538,0.9879830914061292,1.0379189769945538,42.275811784200954,True
base,70,2,1759,14,0.9923753226051004,1.0387313268950067,0.9885194788614273,1.0387313268950067,41.50357193176057,True
base,70,2,1759,15,0.9809985539692343,1.0457014488006924,0.980044654472902,1.0457014488006924,56.27227844408967,True
base,70,2,1759,16,0.9782922932573532,1.0489528660469218,0.9693192699397435,1.0489528660469218,77.65088846205306,True
base,70,2,1759,17,0.9627523521026603,1.0642231747630728,0.9484924627932133,1.066977169363552,119.28305184644101,True
base,70,2,1759,18,0.9493676077126686,1.0616712872959888,0.9436963432357044,1.06446175266431,133.87506685870315,True
base,70,2,1759,19,0.9582699422878448,1.064018963617773,0.9472939841810465,1.0666640963315799,128.13480879162543,True
base,70,2,1759,20,0.9798359901488687,1.0653152051745043,0.9585239382450348,1.0675234532526965,109.01227838615684,True
base,70,2,1759,21,0.9858529852788273,1.0543608118583088,0.9684953421117718,1.0560031649399082,90.1519734617845,True
base,70,2,1759,22,0.9888243921984196,1.0422243842532724,0.9769618425977935,1.0433308431581416,72.96559219471307,True
base,70,2,1759,23,0.994123373578061,1.0368267836444376,0.9840479768036712,1.0368267836444376,59.16624103024425,True
base,70,3,1759,0,0.9858427609198388,1.0469340904553486,0.9858427609198388,1.0469340904553486,48.895481367208745,True
base,70,3,1759,1,0.9922956537206294,1.0488041712116716,0.9913057697619985,1.0488041712116716,43.225998251128864,True
base,70,3,1759,2,0.9973338079469356,1.048691111655669,0.9933194806239496,1.048691111655669,38.39154893541669,True
base,70,3,1759,3,0.9970751666686188,1.0431682940901499,0.9956937760922229,1.0431682940901499,32.823306960673264,True
base,70,3,1759,4,0.9941320609605159,1.0395204495960986,0.9941128083853277,1.0395204495960986,33.064560376891365,True
base,70,3,1759,5,0.9885341031632529,1.0388765432347415,0.9885341031632529,1.0388765432347415,36.73311572546381,True
base,70,3,1759,6,0.9838521286006091,1.0339735016656721,0.9838521286006091,1.0339735016656721,39.752984886027335,True
base,70,3,1759,7,0.9837804691538024,1.0451504057225836,0.9837804691538024,1.0451504057225836,48.65356521960459,True
base,70,3,1759,8,0.9823601389460729,1.0493264546688004,0.9778968117623156,1.0493264546688004,57.94927179398477,True
base,70,3,1759,9,0.9944599511155933,1.0482163444440071,0.9828316482072595,1.0482163444440071,48.738601878807884,True
base,70,3,1759,10,0.9961901518270402,1.0387005663730187,0.9863786330213073,1.0387005663730187,42.943357484266706,True
base,70,3,1759,11,0.9973772895956016,1.0401855570139513,0.9869181632637767,1.0401855570139513,42.15633764198211,True
base,70,3,1759,12,0.9980093874068869,1.0409410667602919,0.9874512845049204,1.0409410667602919,43.2025388756868,True
base,70,3,1759,13,0.992826090689641,1.0381389500764566,0.9879311083107619,1.0381389500764566,42.28243449227209,True
base,70,3,1759,14,0.9940094053818923,1.0389510244027576,0.9884681005382566,1.0389510244027576,41.510040978069945,True
base,70,3,1759,15,0.9806208851898063,1.0390474441505513,0.9799598908921582,1.0390474441505513,56.28299542368177,True
base,70,3,1759,16,0.9772635093396387,1.0495970548278037,0.9691432311064894,1.0495970548278037,77.65111816861392,True
base,70,3,1759,17,0.9599639442490169,1.0643993938275491,0.9479202394019032,1.0669826443958697,119.29354440812523,True
base,70,3,1759,18,0.9450636688245883,1.0619386648865798,0.942755479596565,1.0644740376321455,133.89033821537933,True
base,70,3,1759,19,0.9542287493045283,1.0642639919015155,0.9464229146595365,1.0666677367102777,128.16048512662184,True
base,70,3,1759,20,0.9765221586860173,1.0654974073296228,0.9578585811125189,1.0675115757225542,108.97021719860172,True
base,70,3,1759,21,0.9834982012584439,1.0545383554359138,0.9680548802830887,1.0560142850797272,90.16287505857215,True
base,70,3,1759,22,0.9875163035106471,1.0423739801478786,0.9768027198183366,1.0433475011673596,72.97259670053037,True
base,70,3,1759,23,0.9932693903990175,1.0376794076182891,0.9838519633379539,1.0376794076182891,59.16481274924534,True
base,70,4,1759,0,0.9861918195230777,1.0478143064190641,0.9861918195230777,1.0478143064190641,48.897298495320804,True
base,70,4,1759,1,0.9925768105961505,1.0495179310543323,0.9912860499858135,1.0495179310543323,43.22720373327219,True
base,70,4,1759,2,0.9975507133483374,1.0492463711509146,0.9932999704500104,1.0492463711509146,38.392636876605664,True
base,70,4,1759,3,0.9969781296411843,1.0382809581755474,0.9955376940383805,1.0382809581755474,32.807387769754904,True
base,70,4,1759,4,0.9939884729411775,1.0355758568710909,0.993965536560768,1.0355758568710909,33.05009164746924,True
base,70,4,1759,5,0.9886435199329644,1.039157002120762,0.9886435199329644,1.039157002120762,36.73334266320201,True
base,70,4,1759,6,0.9839628348191928,1.0338891461769137,0.9839628348191928,1.0338891461769137,39.75350483019113,True
base,70,4,1759,7,0.9838953585028029,1.0450743306669168,0.9838953585028029,1.0450743306669168,48.65393364283803,True
base,70,4,1759,8,0.9825829719102914,1.049255099385903,0.9778921424070951,1.049255099385903,57.950073108397824,True
base,70,4,1759,9,0.9945142267282657,1.0483566045435375,0.9828280114244018,1.0483566045435375,48.73853987810711,True
base,70,4,1759,10,0.9962445053537728,1.038839270972166,0.986374376783963,1.038839270972166,42.943667287103644,True
base,70,4,1759,11,0.9974314247468758,1.0403238648207451,0.9869137937259151,1.0403238648207451,42.15663576023991,True
base,70,4,1759,12,0.9981174471429548,1.0412170694000076,0.9874425253512848,1.0412170694000076,43.2031393403563,True
base,70,4,1759,13,0.9929358167352744,1.038057960711647,0.9879225986979415,1.038057960711647,42.28299387200937,True
base,70,4,1759,14,0.994118701292225,1.0388697064149357,0.9884593661711849,1.0388697064149357,41.51058192798726,True
base,70,4,1759,15,0.9809613738072136,1.0389351679530858,0.9799535660678059,1.0389351679530858,56.28433323048729,True
base,70,4,1759,16,0.977992066230098,1.049408107830906,0.9691522632198102,1.049408107830906,77.65307515045487,True
base,70,4,1759,17,0.9619083466865044,1.064849348960485,0.9480420570637769,1.0674190266811023,119.30221099845468,True
base,70,4,1759,18,0.9480833728251848,1.0626279224851973,0.9430118639389394,1.0651398329855768,133.90183848023227,True
base,70,4,1759,19,0.9570829430010657,1.0648951988191397,0.9466608610491456,1.0672837935126513,128.16464082810924,True
base,70,4,1759,20,0.9786581203962096,1.065981046661833,0.9579640969190256,1.067986462439909,108.98684744185442,True
base,70,4,1759,21,0.9851308176744773,1.0549011020977626,0.9680978658954398,1.0563729591368995,90.17140020933621,True
base,70,4,1759,22,0.9883368941962157,1.042614335228316,0.9766870149873639,1.0435947339047973,72.96923226240713,True
base,70,4,1759,23,0.9937482160803568,1.0373899296922102,0.9838387597450459,1.0373899296922102,59.16796114832231,True
base,70,5,1759,0,0.9856299940678922,1.0467253746737137,0.9856299940678922,1.0467253746737137,48.899935028800236,True
base,70,5,1759,1,0.9921272299914817,1.048641795804557,0.9911566779451987,1.048641795804557,43.22872048009472,True
base,70,5,1759,2,0.997204750946596,1.0485683000594221,0.9932037452726472,1.0485683000594221,38.393106757922105,True
base,70,5,1759,3,0.9969840209965395,1.0430834465487029,0.9956099837999699,1.0430834465487029,32.8239613102842,True
base,70,5,1759,4,0.99407086620235,1.0394631399007284,0.9940568122053808,1.0394631399007284,33.0651563828242,True
base,70,5,1759,5,0.9884703054897319,1.03881566222254,0.9884703054897319,1.03881566222254,36.73404641195239,True
base,70,5,1759,6,0.9837866397354903,1.0342322230888554,0.9837866397354903,1.0342322230888554,39.75416993827795,True
base,70,5,1759,7,0.9837089566315335,1.0454171105348908,0.9837089566315335,1.0454171105348908,48.655400361344135,True
base,70,5,1759,8,0.982315981593776,1.0495998635718615,0.9778321935006717,1.0495998635718615,57.951795945714935,True
base,70,5,1759,9,0.9944240641433404,1.0481806801062141,0.9828010739062175,1.0481806801062141,48.73954077921155,True
base,70,5,1759,10,0.9961560747831205,1.0386672998142221,0.986349009498095,1.0386672998142221,42.94410267600077,True
base,70,5,1759,11,0.997343442402365,1.0401525956035529,0.986888674771414,1.0401525956035529,42.15704951987706,True
base,70,5,1759,12,0.9979410482346588,1.0408742552772956,0.9873919351780375,1.0408742552772956,43.20386663381756,True
base,70,5,1759,13,0.992758508462153,1.0383964604737173,0.987871910067958,1.0383964604737173,42.28379349619049,True
base,70,5,1759,14,0.9939422947869962,1.0392077135217042,0.9884091762243269,1.0392077135217042,41.51134056970237,True
base,70,5,1759,15,0.9805570329742626,1.0394549807724616,0.9798635466176306,1.0394549807724616,56.28658305522887,True
base,70,5,1759,16,0.9770892469114718,1.050459381676817,0.968928599639288,1.050459381676817,77.66190788939636,True
base,70,5,1759,17,0.9593012844370838,1.0652346994953774,0.9472982175395487,1.067512550386357,119.35670444799669,True
base,70,5,1759,18,0.9441698633996459,1.063236651083201,0.9418400324570448,1.0653001674676923,134.03203478756453,True
base,70,5,1759,19,0.9534550527306462,1.0654612311859921,0.9455938667802173,1.0674262204328142,128.29593770323984,True
base,70,5,1759,20,0.9822360527665871,1.0723767353528335,0.957219246516162,1.0740896551125725,109.40211798134895,True
base,70,5,1759,21,0.983178539819513,1.0550614431973857,0.9675549150011931,1.0562957663644923,90.19767756029532,True
base,70,5,1759,22,0.9873628495898489,1.04269633742097,0.9764492853469846,1.0434976765521864,72.99432316554126,True
base,70,5,1759,23,0.99295870964586,1.038758883894474,0.983590808692468,1.038758883894474,59.17345158874635,True
base,80,1,2010,0,0.9848233955792205,1.0455318908373237,0.9848233955792205,1.0455318908373237,51.159911392222,True
base,80,1,2010,1,0.9914869865014356,1.0476928608514318,0.9909604980051665,1.0476928608514318,45.09753545221396,True
base,80,1,2010,2,0.9967239443120581,1.0478310771974813,0.9930644676596942,1.0478310771974813,39.88971369118058,True
base,80,1,2010,3,0.9966318292756152,1.042558867073984,0.995514512394158,1.042558867073984,33.926313163464805,True
base,80,1,2010,4,0.9938363226721593,1.039113379420631,0.9938363226721593,1.039113379420631,33.8033538771123,True
base,80,1,2010,5,0.9882284036420839,1.0384548964062539,0.9882284036420839,1.0384548964062539,37.47675018297991,True
base,80,1,2010,6,0.9837718181824511,1.0392576169671541,0.9837718181824511,1.0392576169671541,40.5121281259229,True
base,80,1,2010,7,0.983669570603222,1.049451340030099,0.983669570603222,1.049451340030099,49.41614646453227,True
base,80,1,2010,8,0.9819596275524878,1.0488664817146491,0.9777402508861611,1.0488664817146491,58.70203293825055,True
base,80,1,2010,9,0.9942936109490697,1.0479876957194638,0.9827602907804687,1.0479876957194638,49.11201126139494,True
base,80,1,2010,10,0.9959882072911096,1.0420152948674484,0.9863131245621708,1.0420152948674484,43.323945192634746,True
base,80,1,2010,11,0.9971759013005103,1.0428289104892088,0.986853210571933,1.0428289104892088,42.53728830935902,True
base,80,1,2010,12,0.9976476672513469,1.0432994728308653,0.9873183490095909,1.0432994728308653,43.95873067679675,True
base,80,1,2010,13,0.9988424319946629,1.044114295119504,0.9878614285745319,1.044114295119504,43.17929584357152,True
base,80,1,2010,14,0.9937090289819162,1.038327378155984,0.9883402812389785,1.038327378155984,42.2637952364599,True
base,80,1,2010,15,0.9864984197128196,1.044783518750005,0.9797833781794896,1.044783518750005,57.58744647070756,True
base,80,1,2010,16,0.975860537746129,1.0481982001185697,0.9685587235993305,1.0481982001185697,79.9718129360613,True
base,80,1,2010,17,0.9556751207619166,1.0631606599365178,0.9460112258799094,1.0659372260029576,125.10408329173788,True
base,80,1,2010,18,0.9383009553117176,1.059910708410219,0.9383009553117176,1.0627134033803958,142.49003449803746,True
base,80,1,2010,19,0.9480011631095999,1.062435640969855,0.9435629399571033,1.0650852765480021,136.25561913834258,True
base,80,1,2010,20,0.9783702811733356,1.0701567229554367,0.9558720291010542,1.0724195622702342,115.85926145836368,True
base,80,1,2010,21,0.9867315918849857,1.0594075008228072,0.9666779712535324,1.061118679426779,95.5093030942162,True
base,80,1,2010,22,0.9915087101609689,1.0476448241406147,0.9758133882212143,1.0488231855073622,76.99927900361779,True
base,80,1,2010,23,0.9920343003175086,1.0384776226998809,0.9833121580473876,1.0384776226998809,62.23771180726225,True
base,80,2,2010,0,0.9845285995052508,1.0450205327545876,0.9845285995052508,1.0450205327545876,51.15478838243403,True
base,80,2,2010,1,0.9912444850984979,1.0472748915996561,0.9909089674732245,1.0472748915996561,45.09412368372346,True
base,80,2,2010,2,0.9965316295792682,1.0475017360832029,0.9930237984058321,1.0475017360832029,39.887592710820996,True
base,80,2,2010,3,0.9964887086799763,1.0423151607096546,0.9954845907562032,1.0423151607096546,33.92519544480152,True
base,80,2,2010,4,0.993740748957125,1.0389506592507054,0.993740748957125,1.0389506592507054,33.80250047537628,True
base,80,2,2010,5,0.9881321766251245,1.0382900413006855,0.9881321766251245,1.0382900413006855,37.47561450391771,True
base,80,2,2010,6,0.9836749811393364,1.0390905538203727,0.9836749811393364,1.0390905538203727,40.51076785914651,True
base,80,2,2010,7,0.9835718467163298,1.0492808878982336,0.9835718467163298,1.0492808878982336,49.41426295019417,True
base,80,2,2010,8,0.9817831287784049,1.0489270053954727,0.9777182226102588,1.0489270053954727,58.69966752992727,True
base,80,2,2010,9,0.9942451082789552,1.0479043233576175,0.9827496580301224,1.0479043233576175,49.11107612200931,True
base,80,2,2010,10,0.9959400629103075,1.042046430656388,0.9863026844534705,1.042046430656388,43.32317912785278,True
base,80,2,2010,11,0.9971278120186287,1.042860095806108,0.9868427958520851,1.042860095806108,42.53654684321279,True
base,80,2,2010,12,0.9975521524431178,1.043360791179666,0.9872977946070567,1.043360791179666,43.95724885874039,True
base,80,2,2010,13,0.9987462222102884,1.0441765637006717,0.9878406525533906,1.0441765637006717,43.17785034015667,True
base,80,2,2010,14,0.9936126540289888,1.0383899187814178,0.9883195773082484,1.0383899187814178,42.2623828692596,True
base,80,2,2010,15,0.9862041246268554,1.044882061578303,0.979735700251539,1.044882061578303,57.59340345778477,True
base,80,2,2010,16,0.9753183315307917,1.0483677213970528,0.9684883258873058,1.0483677213970528,79.96178508427732,True
base,80,2,2010,17,0.9541852386946984,1.063231127012047,0.9457767807663464,1.065946030447583,125.06326766497008,True
base,80,2,2010,18,0.9362882998440982,1.0599758013841836,0.9362882998440982,1.0627125685703465,142.3922878256402,True
base,80,2,2010,19,0.9460928783088961,1.0625063722519883,0.9432953818571154,1.065089763426136,136.17055419746015,True
base,80,2,2010,20,0.9768493874629156,1.0702105934078292,0.9556580267024374,1.0724294374038397,115.82959737229221,True
base,80,2,2010,21,0.9855446465295583,1.0594635009926274,0.9665205918557861,1.0611358852213806,95.48486969992463,True
base,80,2,2010,22,0.990615572477524,1.047696019032104,0.9756995798450272,1.0488423135544003,76.98417503637064,True
base,80,2,2010,23,0.9914894816901411,1.0378010658214496,0.9832254702617796,1.0378010658214496,62.22857922871504,True
base,80,3,2010,0,0.9849852394497778,1.0459030375992957,0.9849852394497778,1.0459030375992957,51.15487714872282,True
base,80,3,2010,1,0.9916177610895714,1.0479951079935004,0.990994907080133,1.0479951079935004,45.09421808291062,True
base,80,3,2010,2,0.9968255671969203,1.0480673371901539,0.9930905008640315,1.0480673371901539,39.88763988843285,True
base,80,3,2010,3,0.9967061987284191,1.04273328921255,0.9955329421641766,1.04273328921255,33.92522293971315,True
base,80,3,2010,4,0.9938858092047597,1.0392296875399347,0.9938858092047597,1.0392296875399347,33.80253396759614,True
base,80,3,2010,5,0.9882788455354975,1.0385731366661795,0.9882788455354975,1.0385731366661795,37.475671372691785,True
base,80,3,2010,6,0.9835902939062638,1.0335903081659568,0.9835902939062638,1.0335903081659568,40.49795423083965,True
base,80,3,2010,7,0.9835005473842057,1.0447653413986868,0.9835005473842057,1.0447653413986868,49.40209116828542,True
base,80,3,2010,8,0.9820253900074138,1.0489368819939757,0.9777525909024198,1.0489368819939757,58.70118123875916,True
base,80,3,2010,9,0.9943196665724447,1.0480479716183353,0.9827673302811373,1.0480479716183353,49.111123243221314,True
base,80,3,2010,10,0.9960136722842007,1.0420446677233601,0.9863198058418208,1.0420446677233601,43.32321206422346,True
base,80,3,2010,11,0.997201255624762,1.042858210014514,0.9868598363464584,1.042858210014514,42.53658054333715,True
base,80,3,2010,12,0.997698368699588,1.043358354283858,0.9873316418767462,1.043358354283858,43.95735923097215,True
base,80,3,2010,13,0.9925731222954619,1.0375760883673717,0.9878140101919677,1.0375760883673717,43.03718858154218,True
base,80,3,2010,14,0.9937561078767857,1.0383869409069186,0.9883517922345618,1.0383869409069186,42.26454777483978,True
base,80,3,2010,15,0.9866112338439098,1.0448761921025773,0.9798062539954907,1.0448761921025773,57.58415008702262,True
base,80,3,2010,16,0.976107355966275,1.0483946881124786,0.9686135928551711,1.0483946881124786,79.96170284627732,True
base,80,3,2010,17,0.9563843536246127,1.0633819506023565,0.9461939888764327,1.0661424579085952,125.05908881024499,True
base,80,3,2010,18,0.9392476691197362,1.0602184117234783,0.9392476691197362,1.0630153059807543,142.37203953021668,True
base,80,3,2010,19,0.9488568434919413,1.0627213781755727,0.9437884632154669,1.0653659942211335,136.1435950029642,True
base,80,3,2010,20,0.9791377579075063,1.070397823913289,0.9560653654549669,1.0726444608371142,115.81541665644004,True
base,80,3,2010,21,0.9873575388011068,1.0595725462604626,0.9668202302151969,1.0612877257431366,95.49234485361053,True
base,80,3,2010,22,0.9919168808209199,1.0477725914988034,0.9759031989644336,1.0489423723656826,76.98393765082031,True
base,80,3,2010,23,0.9922598541051574,1.0389830681107375,0.983376274041877,1.0389830681107375,62.22863969050816,True
base,80,4,2010,0,0.9847677705897678,1.0451496010955443,0.9847677705897678,1.0451496010955443,51.156276309830226,True
base,80,4,2010,1,0.9914408236926596,1.0473788452543211,0.9909633934972244,1.0473788452543211,45.09605851898885,True
base,80,4,2010,2,0.9966880781171774,1.0475841524013132,0.9930673149140384,1.0475841524013132,39.88822973441148,True
base,80,4,2010,3,0.9966051772071448,1.0423752224274732,0.995516738113069,1.0423752224274732,33.925530212949226,True
base,80,4,2010,4,0.9938185102731039,1.038990749516733,0.9938185102731039,1.038990749516733,33.802779417575934,True
base,80,4,2010,5,0.9882104384663654,1.038330688772613,0.9882104384663654,1.038330688772613,37.47598657421472,True
base,80,4,2010,6,0.9837536857540607,1.0391320074198631,0.9837536857540607,1.0391320074198631,40.51121479074793,True
base,80,4,2010,7,0.9836513118049702,1.0493240173077427,0.9836513118049702,1.0493240173077427,49.4148839662245,True
base,80,4,2010,8,0.9818531922723486,1.048844485219982,0.9777411874095102,1.048844485219982,58.70043220109633,True
base,80,4,2010,9,0.9942846673254826,1.0479255554615783,0.9827608353592285,1.0479255554615783,49.1113955509363,True
base,80,4,2010,10,0.99597942664111,1.0420059707755471,0.9863137556815529,1.0420059707755471,43.32343551602333,True
base,80,4,2010,11,0.9971670975500285,1.0428197160575068,0.98685383566861,1.0428197160575068,42.536798574646525,True
base,80,4,2010,12,0.9976305484677364,1.0432803988989212,0.9873198005431375,1.0432803988989212,43.95775608557713,True
base,80,4,2010,13,0.9988247774727232,1.044095795298891,0.9878627230792985,1.044095795298891,43.17832692162394,True
base,80,4,2010,14,0.9936912792171807,1.0383091042964674,0.9883415900368149,1.0383091042964674,42.262847560693984,True
base,80,4,2010,15,0.9863394276584481,1.0447506099228385,0.9797849465620383,1.0447506099228385,57.58513251810936,True
base,80,4,2010,16,0.9755342626716674,1.048116731891554,0.9685607056356961,1.048116731891554,79.96480023022143,True
base,80,4,2010,17,0.9548140532506328,1.0629425909137311,0.9460079257813356,1.0657467401613083,125.04859566884963,True
base,80,4,2010,18,0.937158773172914,1.05954002980159,0.937158773172914,1.0624171935349798,142.42949879451666,True
base,80,4,2010,19,0.9468760466618908,1.0621008324826027,0.9435606950721614,1.0648144197328473,136.20647400419574,True
base,80,4,2010,20,0.9774550432855637,1.0699065701662915,0.9558662572093622,1.0722151459303448,115.83014961467345,True
base,80,4,2010,21,0.9860211036655169,1.0592131800098503,0.9666824396636938,1.0609614552222748,95.48896247972614,True
base,80,4,2010,22,0.9909722569191953,1.0475054090351075,0.9758186408718171,1.0487112655336586,76.98845322454294,True
base,80,4,2010,23,0.991768731320375,1.0379716951167728,0.983317153712401,1.0379716951167728,62.23119882363981,True
base,80,5,2010,0,0.9851504344436227,1.0466511991419598,0.9851504344436227,1.0466511991419598,51.15010116175692,True
base,80,5,2010,1,0.991746112885558,1.0485981383989784,0.9909814253362669,1.0485981383989784,45.0920602622499,True
base,80,5,2010,2,0.9969233128777584,1.048537763971985,0.9930770792515716,1.048537763971985,39.8857493263952,True
base,80,5,2010,3,0.9967757292458276,1.0430781767128476,0.9955204692312632,1.0430781767128476,33.92426303001264,True
base,80,5,2010,4,0.9939320914316013,1.03946004088962,0.9939320914316013,1.03946004088962,33.801747533707314,True
base,80,5,2010,5,0.98832708718686,1.0388085261254876,0.98832708718686,1.0388085261254876,37.474567418901096,True
base,80,5,2010,6,0.983640057708069,1.0334235100700997,0.983640057708069,1.0334235100700997,40.49663379683715,True
base,80,5,2010,7,0.9835535844802601,1.0446002318842786,0.9835535844802601,1.0446002318842786,49.40018726976197,True
base,80,5,2010,8,0.9822039575149736,1.0487742297164604,0.977751081173704,1.0487742297164604,58.698669259572235,True
base,80,5,2010,9,0.9943451902713265,1.0481683890533564,0.9827650835108528,1.0481683890533564,49.110163057573246,True
base,80,5,2010,10,0.9960381611545365,1.0419628022611767,0.9863168166048952,1.0419628022611767,43.322423668193785,True
base,80,5,2010,11,0.9972255576121032,1.0427763387328686,0.9868567385082498,1.0427763387328686,42.53582113045182,True
base,80,5,2010,12,0.9977471815413356,1.04319621687872,0.9873255869650548,1.04319621687872,43.955956963585486,True
base,80,5,2010,13,0.9926227450388077,1.0374120237626576,0.9878081107480181,1.0374120237626576,43.03571610588139,True
base,80,5,2010,14,0.9938053540605789,1.0382228603543469,0.9883456745273358,1.0382228603543469,42.26313429789658,True
base,80,5,2010,15,0.9868429932152197,1.04513272313939,0.9798034146774057,1.04513272313939,57.580694534517974,True
base,80,5,2010,16,0.9766968400636937,1.0479188137320232,0.9686321075896692,1.0479188137320232,79.9518493815144,True
base,80,5,2010,17,0.9580199119492506,1.0634337452368978,0.9463330081119476,1.066211338821911,125.01771101209907,True
base,80,5,2010,18,0.9418039683958759,1.0603312172825192,0.9401378989992498,1.0631489313266604,142.30294090949783,True
base,80,5,2010,19,0.9512476703515864,1.0628147679584932,0.9440357588758329,1.0654821082079098,136.07746162085382,True
base,80,5,2010,20,0.9809068240317761,1.0704493866206422,0.9561926094731005,1.0727162276923006,115.77300647742128,True
base,80,5,2010,21,0.9883564331272576,1.0595753989221812,0.9667739549272836,1.0613191703978355,95.44820912725346,True
base,80,5,2010,22,0.9924195504078571,1.0477724408642548,0.9759210158236636,1.0489585555763117,76.9686798937673,True
base,80,5,2010,23,0.9922654154483193,1.0354881230706567,0.9832486568303902,1.0354881230706567,62.20743606280359,True
base,90,1,2262,0,0.9832865157408649,1.0445089279109703,0.9832865157408649,1.0445089279109703,53.44662077875895,True
base,90,1,2262,1,0.9901998784783166,1.0477760472348765,0.9901998784783166,1.0477760472348765,46.99542152975394,True
base,90,1,2262,2,0.9957845074516807,1.0466234337906233,0.9927362231671248,1.0466234337906233,41.37961889820721,True
base,90,1,2262,3,0.9959561093413574,1.041693077364962,0.9952869803684683,1.041693077364962,35.03330283049589,True
base,90,1,2262,4,0.9933863587869181,1.0385363824270375,0.9933863587869181,1.0385363824270375,34.54419907680896,True
base,90,1,2262,5,0.9877473623254234,1.037838400315046,0.9877473623254234,1.037838400315046,38.22771685036089,True
base,90,1,2262,6,0.9832988725335206,1.0386446606038917,0.9832988725335206,1.0386446606038917,41.259637774922545,True
base,90,1,2262,7,0.9831703413027507,1.0487985802129483,0.9831703413027507,1.0487985802129483,50.167428755076884,True
base,90,1,2262,8,0.9812858630191913,1.0486087430514008,0.9775412312712354,1.0486087430514008,59.45618444898402,True
base,90,1,2262,9,0.9940475396921763,1.0476699628569301,0.9826711158065206,1.0476699628569301,49.485952504969596,True
base,90,1,2262,10,0.9957508528843088,1.0418925621864936,0.9862294186767849,1.0418925621864936,43.697157034019085,True
base,90,1,2262,11,0.9969397734824051,1.0427065168282257,0.986770255003968,1.0427065168282257,42.91038667238767,True
base,90,1,2262,12,0.9971719929142098,1.0430525673807882,0.9871497893034178,1.0430525673807882,44.70631385659181,True
base,90,1,2262,13,0.9983670846666596,1.0438689006024058,0.9876933965234036,1.0438689006024058,43.927540275908164,True
base,90,1,2262,14,0.9932325580091328,1.0380821415299035,0.9881721213295716,1.0380821415299035,43.01391431785673,True
base,90,1,2262,15,0.9854633595555431,1.044408130231678,0.9794719393453207,1.044408130231678,58.731477723309055,True
base,90,1,2262,16,0.973867061566663,1.0489837669440307,0.9679134709988693,1.0489837669440307,82.32267794009351,True
base,90,1,2262,17,0.9489037589085694,1.0619744435727088,0.9434885975423115,1.0647310032392252,130.9508594999164,True
base,90,1,2262,18,0.9276455007518443,1.0579358740190012,0.9276455007518443,1.060757318307125,151.04475092718795,True
base,90,1,2262,19,0.9380675385953035,1.0606404171535895,0.9380675385953035,1.0632980625750688,144.32941682901995,True
base,90,1,2262,20,0.9711819448330256,1.0688579319004574,0.9532184768067862,1.0711186496220155,122.45392845265329,True
base,90,1,2262,21,0.981667012021456,1.058458566564612,0.9649015117292008,1.0601863132990932,100.73093390651091,True
base,90,1,2262,22,0.9877493780647029,1.0469879066580547,0.9745875377059193,1.048184971031418,80.90233737421467,True
base,90,1,2262,23,0.9914959988421065,1.0403410301571507,0.9824352432309326,1.0410482687034768,65.41640066157139,True
base,90,2,2262,0,0.9831867681594114,1.0443778925562546,0.9831867681594114,1.0443778925562546,53.44655852690307,True
base,90,2,2262,1,0.9901214811784339,1.047765444151032,0.9901214811784339,1.047765444151032,46.99538669322269,True
base,90,2,2262,2,0.9957230679104014,1.046789345286864,0.9927392247201178,1.046789345286864,41.3796271846272,True
base,90,2,2262,3,0.9959108333310311,1.0418168491565842,0.9952897685478628,1.0418168491565842,35.03333422629843,True
base,90,2,2262,4,0.9933562362786116,1.0386191425777773,0.9933562362786116,1.0386191425777773,34.54422081165819,True
base,90,2,2262,5,0.987716876003425,1.0379222834566033,0.987716876003425,1.0379222834566033,38.227730479452376,True
base,90,2,2262,6,0.983268005420722,1.038729310497956,0.983268005420722,1.038729310497956,41.25965001200363,True
base,90,2,2262,7,0.9831389467118424,1.048884216125191,0.9831389467118424,1.048884216125191,50.167441819040704,True
base,90,2,2262,8,0.981358101799727,1.0486047831729697,0.9775422433262406,1.0486047831729697,59.4561866634554,True
base,90,2,2262,9,0.994032067695439,1.047711722498202,0.9826718419563433,1.047711722498202,49.48595966342651,True
base,90,2,2262,10,0.9957356014797463,1.0418897682816437,0.9862302634714645,1.0418897682816437,43.697163095521674,True
base,90,2,2262,11,0.9969245648611365,1.0427036939521794,0.9867711146596307,1.0427036939521794,42.9103926488274,True
base,90,2,2262,12,0.9971410692346958,1.04304757471231,0.9871512429833799,1.04304757471231,44.70634377399092,True
base,90,2,2262,13,0.9983365265918955,1.0438636108061394,0.9876949808632421,1.0438636108061394,43.92754711323193,True
base,90,2,2262,14,0.9932018983742156,1.0380767697948179,0.98817374718865,1.0380767697948179,43.013918994630494,True
base,90,2,2262,15,0.9855710544694478,1.0444024842862707,0.9794733385406709,1.0444024842862707,58.73147298968806,True
base,90,2,2262,16,0.9740842962407196,1.049244801794152,0.967912739455657,1.049244801794152,82.32276230209858,True
base,90,2,2262,17,0.9494248372934729,1.0621021866395473,0.9434710743895409,1.0647774063355353,130.95183125306627,True
base,90,2,2262,18,0.9284140109478904,1.0581445515904049,0.9284140109478904,1.0608449589408442,151.04330407557956,True
base,90,2,2262,19,0.9387677977039375,1.0608311492442126,0.9387677977039375,1.0633744655129365,144.3325671559437,True
base,90,2,2262,20,0.9717570190718277,1.0689892552969975,0.9531988786440908,1.071160409242771,122.45990555555795,True
base,90,2,2262,21,0.9821325459038869,1.0585613773806788,0.9648920677445819,1.0602152770671358,100.73112683102532,True
base,90,2,2262,22,0.9881064996482839,1.0470591919351775,0.9745850763057726,1.0482000136079148,80.90188853879256,True
base,90,2,2262,23,0.9914493210619002,1.0403926291744305,0.982436123661413,1.0410554528094034,65.41616987044192,True
base,90,3,2262,0,0.9832187195217952,1.043501510843017,0.9832187195217952,1.043501510843017,53.43627035092647,True
base,90,3,2262,1,0.9901620660654225,1.0478098695711036,0.9901620660654225,1.0478098695711036,46.99553452366489,True
base,90,3,2262,2,0.9957549546381952,1.0466142042096622,0.9927462974948644,1.0466142042096622,41.37956345000851,True
base,90,3,2262,3,0.9959355714410972,1.0416876379733293,0.9952955778757452,1.0416876379733293,35.033311830045086,True
base,90,3,2262,4,0.9933728684055199,1.0385330296583666,0.9933728684055199,1.0385330296583666,34.54418424390836,True
base,90,3,2262,5,0.98773330689992,1.0378346851940812,0.98773330689992,1.0378346851940812,38.22766826689397,True
base,90,3,2262,6,0.9832841636194977,1.0386403286937964,0.9832841636194977,1.0386403286937964,41.259564331114944,True
base,90,3,2262,7,0.9831544938586552,1.0487932415646535,0.9831544938586552,1.0487932415646535,50.16731548013833,True
base,90,3,2262,8,0.9812846549745807,1.048622050844615,0.9775448102386417,1.048622050844615,59.45601819577626,True
base,90,3,2262,9,0.9940399508231346,1.047667486405079,0.9826734181730913,1.047667486405079,49.485886570492106,True
base,90,3,2262,10,0.9957437226921461,1.041899093324394,0.9862320057745267,1.041899093324394,43.69710422409972,True
base,90,3,2262,11,0.9969327030237618,1.0427130509254443,0.9867728761125478,1.0427130509254443,42.910336863509414,True
base,90,3,2262,12,0.9971574071947054,1.0430658605048924,0.9871547650120402,1.0430658605048924,44.7062403003951,True
base,90,3,2262,13,0.9983526054820069,1.0438822058118158,0.9876984444338472,1.0438822058118158,43.92745262713224,True
base,90,3,2262,14,0.9932180340762689,1.0380957290913433,0.9881772288111965,1.0380957290913433,43.01382724754019,True
base,90,3,2262,15,0.9854610090408976,1.044428326322507,0.9794772395480252,1.044428326322507,58.73124977583025,True
base,90,3,2262,16,0.9738483795433984,1.048947598916092,0.9679156274543437,1.048947598916092,82.32269920114986,True
base,90,3,2262,17,0.9487860245015945,1.0619280428686955,0.9434515765507195,1.0646299114442654,130.9514707245498,True
base,90,3,2262,18,0.9274430918566446,1.057874041701468,0.9274430918566446,1.0606166530132648,151.03940803450257,True
base,90,3,2262,19,0.9378653635396176,1.0605817322742341,0.9378653635396176,1.06316360890276,144.33078349732622,True
base,90,3,2262,20,0.9710571726957266,1.0688037542683022,0.9531833644766957,1.0710021047910279,122.45598489285175,True
base,90,3,2262,21,0.9816044001761958,1.058413837719305,0.9648928837066995,1.0600909971679824,100.72967688664541,True
base,90,3,2262,22,0.9877193673808031,1.046953201873988,0.9745917427333758,1.0481111378183252,80.90125504233929,True
base,90,3,2262,23,0.9914199374308011,1.040312389482275,0.9824451415419858,1.0409883222857717,65.41577965995798,True
base,90,4,2262,0,0.9833427674596651,1.0441884722203274,0.9833427674596651,1.0441884722203274,53.4451088979938,True
base,90,4,2262,1,0.9902493250469642,1.047955393354504,0.9902493250469642,1.047955393354504,46.99439000126109,True
base,90,4,2262,2,0.9958239383890231,1.0468136245343873,0.9927311540521623,1.0468136245343873,41.37896889822588,True
base,90,4,2262,3,0.995985914760398,1.041834741274543,0.9952833329132247,1.041834741274543,35.03296409985509,True
base,90,4,2262,4,0.9934062424738529,1.0386308918998592,0.9934062424738529,1.0386308918998592,34.543934372970256,True
base,90,4,2262,5,0.9877672727667571,1.037933944273388,0.9877672727667571,1.037933944273388,38.227372215279395,True
base,90,4,2262,6,0.9833187806941717,1.0387410947809805,0.9833187806941717,1.0387410947809805,41.25923434120344,True
base,90,4,2262,7,0.9831899245659326,1.0488958760305196,0.9831899245659326,1.0488958760305196,50.16688341770894,True
base,90,4,2262,8,0.9813571624737056,1.0486836548884548,0.9775386802386989,1.0486836548884548,59.45548696175172,True
base,90,4,2262,9,0.9940571274836613,1.0477174822128796,0.9826698822663837,1.0477174822128796,49.48567231270465,True
base,90,4,2262,10,0.9957605122295241,1.041927014639379,0.9862282011114368,1.041927014639379,43.69692262593713,True
base,90,4,2262,11,0.996949439492583,1.0427408269171554,0.9867690431130305,1.0427408269171554,42.91015795433262,True
base,90,4,2262,12,0.9971909135988433,1.043121958301898,0.9871471709903672,1.043121958301898,44.70588540730503,True
base,90,4,2262,13,0.9983864290716112,1.0439379014699022,0.9876909178673312,1.0439379014699022,43.92709646517357,True
base,90,4,2262,14,0.9932520849512135,1.0381512484067388,0.988169661473842,1.0381512484067388,43.01347827061018,True
base,90,4,2262,15,0.9855700527591879,1.0445194664765776,0.9794680422394978,1.0445194664765776,58.73048684241988,True
base,90,4,2262,16,0.9740864437760004,1.0492858610177653,0.9679053154729143,1.0492858610177653,82.31968541368214,True
base,90,4,2262,17,0.9494514300562114,1.062237347913496,0.9434694783165004,1.0649054203483308,130.93916782110563,True
base,90,4,2262,18,0.9284634333317153,1.0583591204174099,0.9284634333317153,1.0610450276466732,151.03100850232886,True
base,90,4,2262,19,0.9388328360866479,1.0610257944475492,0.9388328360866479,1.0635581234591494,144.31674883507313,True
base,90,4,2262,20,0.9717913925862413,1.0691381807943223,0.9531952476319354,1.0713025712667628,122.448934359024,True
base,90,4,2262,21,0.9821442645264216,1.058667673927195,0.9648808847796498,1.0603182351424656,100.72563165716792,True
base,90,4,2262,22,0.9881125239567572,1.0471343010670733,0.9745726592959199,1.0482734513973329,80.89789112673893,True
base,90,4,2262,23,0.9914812694331345,1.040447376704986,0.9824237615932735,1.0411098012299391,65.41373562695169,True
base,90,5,2262,0,0.9832285189924014,1.044348810445201,0.9832285189924014,1.044348810445201,53.44756477759548,True
base,90,5,2262,1,0.9901579579767298,1.0480736753577462,0.9901579579767298,1.0480736753577462,46.99600740376827,True
base,90,5,2262,2,0.9957552261637947,1.0465792318431497,0.9927294087672128,1.0465792318431497,41.37998448708045,True
base,90,5,2262,3,0.9959374539209027,1.0416634275170757,0.9952837952366395,1.0416634275170757,35.03349803827378,True
base,90,5,2262,4,0.9933741627690625,1.0385168188012326,0.9933741627690625,1.0385168188012326,34.54434756313977,True
base,90,5,2262,5,0.9877337708132303,1.037817157640056,0.9877337708132303,1.037817157640056,38.2279236240887,True
base,90,5,2262,6,0.9832841228008118,1.0386221521973764,0.9832841228008118,1.0386221521973764,41.25988655512748,True
base,90,5,2262,7,0.9831526998144654,1.048772786692777,0.9831526998144654,1.048772786692777,50.167809703450736,True
base,90,5,2262,8,0.9812749152728641,1.0487287767651268,0.9775346633752292,1.0487287767651268,59.45669083939846,True
base,90,5,2262,9,0.9940391718637486,1.0476576378861087,0.9826688608517175,1.0476576378861087,49.4861373501023,True
base,90,5,2262,10,0.9957434464589885,1.0419503509370969,0.9862277063958678,1.0419503509370969,43.697300877714724,True
base,90,5,2262,11,0.9969325116274178,1.042764196058527,0.9867686192099497,1.042764196058527,42.9105245737345,True
base,90,5,2262,12,0.9971567066609759,1.0431681801128054,0.9871460822040755,1.0431681801128054,44.7065894109486,True
base,90,5,2262,13,0.9983520826544041,1.0439845796161817,0.9876898222130565,1.0439845796161817,43.92780812035833,True
base,90,5,2262,14,0.9932176917270912,1.0381984464927017,0.9881686509330466,1.0381984464927017,43.014169388712794,True
base,90,5,2262,15,0.9854471876478746,1.044587300034454,0.9794621283602881,1.044587300034454,58.73219234822405,True
base,90,5,2262,16,0.9738047934427029,1.048863848293283,0.9678781617804743,1.048863848293283,82.32581548154853,True
base,90,5,2262,17,0.9485945013693705,1.0621377215152021,0.9433222987547537,1.0647642974781395,130.96587801727156,True
base,90,5,2262,18,0.9271349276026579,1.0581959119245288,0.9271349276026579,1.0608261852604817,151.06515630312063,True
base,90,5,2262,19,0.9375837117536638,1.0608795276399656,0.9375837117536638,1.063356197840125,144.35598775729622,True
base,90,5,2262,20,0.9708676861643295,1.0690299433361483,0.9530463200191813,1.0711457163934437,122.474489258187,True
base,90,5,2262,21,0.9814818205972429,1.0585888879980763,0.9647973560823202,1.0601995127888275,100.7390314659741,True
base,90,5,2262,22,0.9876519536590279,1.047079603590735,0.9745299736617098,1.0481876858239063,80.90575917333608,True
base,90,5,2262,23,0.991433262953927,1.0404076071946193,0.9824021086877853,1.041044610648324,65.41819817207816,True
base,100,1,2513,0,0.9818191687586557,1.0482006707363676,0.9818191687586557,1.0482006707363676,55.73043476728906,True
base,100,1,2513,1,0.9888471827520404,1.047263721843541,0.9888471827520404,1.047263721843541,48.87014276096595,True
base,100,1,2513,2,0.9947450349997935,1.0453903929918398,0.9924193608717913,1.0453903929918398,42.86796751051888,True
base,100,1,2513,3,0.9952094211781908,1.0408124055089565,0.9950706371085402,1.0408124055089565,36.13822737145042,True
base,100,1,2513,4,0.9928908007206649,1.037951461617489,0.9928908007206649,1.037951461617489,35.28326757837216,True
base,100,1,2513,5,0.9872515096882817,1.037231926516688,0.9872515096882817,1.037231926516688,38.98119339675654,True
base,100,1,2513,6,0.9827766889024825,1.0380195165313633,0.9827766889024825,1.0380195165313633,42.00546727273549,True
base,100,1,2513,7,0.982621887615508,1.0481349839551588,0.982621887615508,1.0481349839551588,50.91775772633872,True
base,100,1,2513,8,0.9806422254975973,1.0483974165307777,0.9773473777921072,1.0483974165307777,60.209854570164566,True
base,100,1,2513,9,0.9937601887696493,1.0473320511310642,0.9825795244583208,1.0473320511310642,49.863001779782074,True
base,100,1,2513,10,0.995491938797441,1.041792254009656,0.9861502759042098,1.041792254009656,44.069331683658476,True
base,100,1,2513,11,0.9966812200687484,1.0426071271346475,0.9866915516785566,1.0426071271346475,43.28264731193064,True
base,100,1,2513,12,0.9966494355035516,1.0428515616924496,0.9869885513577722,1.0428515616924496,45.452450053281346,True
base,100,1,2513,13,0.9978449630461043,1.0436694158995123,0.9875327198290649,1.0436694158995123,44.674418501552445,True
base,100,1,2513,14,0.9927112792363955,1.0378830263528311,0.9880126748148893,1.0378830263528311,43.76052711534666,True
base,100,1,2513,15,0.9845005235620474,1.04409385572177,0.9791816832650706,1.04409385572177,59.86589785679255,True
base,100,1,2513,16,0.9779244903126375,1.0473282732206461,0.9671179748784119,1.0490379415797626,84.83163268124187,True
base,100,1,2513,17,0.9420910975759947,1.0607463859629154,0.9408135348178949,1.0634419203191905,136.88309856563546,True
base,100,1,2513,18,0.916501262281341,1.0558843331654566,0.916501262281341,1.0586429636604124,159.7364238416832,True
base,100,1,2513,19,0.9278011544854355,1.0587794114761084,0.9278011544854355,1.0613689176187178,152.5090880737098,True
base,100,1,2513,20,0.9637941299709828,1.0677474801729612,0.9504200044250233,1.0698728389626104,129.15299407108873,True
base,100,1,2513,21,0.9830675613533566,1.0636399235694614,0.9631207051982797,1.0653219420415725,106.20004341564994,True
base,100,1,2513,22,0.9906704922074583,1.052416898970439,0.9734158654177123,1.053594502962955,84.95679844314577,True
base,100,1,2513,23,0.9929869133813736,1.0398715817641508,0.9815660943192077,1.0405607691537164,68.49816620041405,True
base,100,2,2513,0,0.9818191687586557,1.0482006707363676,0.9818191687586557,1.0482006707363676,55.73043476728906,True
base,100,2,2513,1,0.9888471827520404,1.047263721843541,0.9888471827520404,1.047263721843541,48.87014276096595,True
base,100,2,2513,2,0.9947450349997935,1.0453903929918398,0.9924193608717913,1.0453903929918398,42.86796751051888,True
base,100,2,2513,3,0.9952094211781908,1.0408124055089565,0.9950706371085402,1.0408124055089565,36.13822737145042,True
base,100,2,2513,4,0.9928908007206649,1.037951461617489,0.9928908007206649,1.037951461617489,35.28326757837216,True
base,100,2,2513,5,0.9872515096882817,1.037231926516688,0.9872515096882817,1.037231926516688,38.98119339675654,True
base,100,2,2513,6,0.9827766889024825,1.0380195165313633,0.9827766889024825,1.0380195165313633,42.00546727273549,True
base,100,2,2513,7,0.982621887615508,1.0481349839551588,0.982621887615508,1.0481349839551588,50.91775772633872,True
base,100,2,2513,8,0.9806422254975973,1.0483974165307777,0.9773473777921072,1.0483974165307777,60.209854570164566,True
base,100,2,2513,9,0.9937601887696493,1.0473320511310642,0.9825795244583208,1.0473320511310642,49.863001779782074,True
base,100,2,2513,10,0.995491938797441,1.041792254009656,0.9861502759042098,1.041792254009656,44.069331683658476,True
base,100,2,2513,11,0.9966812200687484,1.0426071271346475,0.9866915516785566,1.0426071271346475,43.28264731193064,True
base,100,2,2513,12,0.9966494355035516,1.0428515616924496,0.9869885513577722,1.0428515616924496,45.452450053281346,True
base,100,2,2513,13,0.9978449630461043,1.0436694158995123,0.9875327198290649,1.0436694158995123,44.674418501552445,True
base,100,2,2513,14,0.9927112792363955,1.0378830263528311,0.9880126748148893,1.0378830263528311,43.76052711534666,True
base,100,2,2513,15,0.9845005235620474,1.04409385572177,0.9791816832650706,1.04409385572177,59.86589785679255,True
base,100,2,2513,16,0.9779244903126375,1.0473282732206461,0.9671179748784119,1.0490379415797626,84.83163268124187,True
base,100,2,2513,17,0.9420910975759947,1.0607463859629154,0.9408135348178949,1.0634419203191905,136.88309856563546,True
base,100,2,2513,18,0.916501262281341,1.0558843331654566,0.916501262281341,1.0586429636604124,159.7364238416832,True
base,100,2,2513,19,0.9278011544854355,1.0587794114761084,0.9278011544854355,1.0613689176187178,152.5090880737098,True
base,100,2,2513,20,0.9637941299709828,1.0677474801729612,0.9504200044250233,1.0698728389626104,129.15299407108873,True
base,100,2,2513,21,0.9830675613533566,1.0636399235694614,0.9631207051982797,1.0653219420415725,106.20004341564994,True
base,100,2,2513,22,0.9906704922074583,1.052416898970439,0.9734158654177123,1.053594502962955,84.95679844314577,True
base,100,2,2513,23,0.9929869133813736,1.0398715817641508,0.9815660943192077,1.0405607691537164,68.49816620041405,True
base,100,3,2513,0,0.9818191687586557,1.0482006707363676,0.9818191687586557,1.0482006707363676,55.73043476728906,True
base,100,3,2513,1,0.9888471827520404,1.047263721843541,0.9888471827520404,1.047263721843541,48.87014276096595,True
base,100,3,2513,2,0.9947450349997935,1.0453903929918398,0.9924193608717913,1.0453903929918398,42.86796751051888,True
base,100,3,2513,3,0.9952094211781908,1.0408124055089565,0.9950706371085402,1.0408124055089565,36.13822737145042,True
base,100,3,2513,4,0.9928908007206649,1.037951461617489,0.9928908007206649,1.037951461617489,35.28326757837216,True
base,100,3,2513,5,0.9872515096882817,1.037231926516688,0.9872515096882817,1.037231926516688,38.98119339675654,True
base,100,3,2513,6,0.9827766889024825,1.0380195165313633,0.9827766889024825,1.0380195165313633,42.00546727273549,True
base,100,3,2513,7,0.982621887615508,1.0481349839551588,0.982621887615508,1.0481349839551588,50.91775772633872,True
base,100,3,2513,8,0.9806422254975973,1.0483974165307777,0.9773473777921072,1.0483974165307777,60.209854570164566,True
base,100,3,2513,9,0.9937601887696493,1.0473320511310642,0.9825795244583208,1.0473320511310642,49.863001779782074,True
base,100,3,2513,10,0.995491938797441,1.041792254009656,0.9861502759042098,1.041792254009656,44.069331683658476,True
base,100,3,2513,11,0.9966812200687484,1.0426071271346475,0.9866915516785566,1.0426071271346475,43.28264731193064,True
base,100,3,2513,12,0.9966494355035516,1.0428515616924496,0.9869885513577722,1.0428515616924496,45.452450053281346,True
base,100,3,2513,13,0.9978449630461043,1.0436694158995123,0.9875327198290649,1.0436694158995123,44.674418501552445,True
base,100,3,2513,14,0.9927112792363955,1.0378830263528311,0.9880126748148893,1.0378830263528311,43.76052711534666,True
base,100,3,2513,15,0.9845005235620474,1.04409385572177,0.9791816832650706,1.04409385572177,59.86589785679255,True
base,100,3,2513,16,0.9779244903126375,1.0473282732206461,0.9671179748784119,1.0490379415797626,84.83163268124187,True
base,100,3,2513,17,0.9420910975759947,1.0607463859629154,0.9408135348178949,1.0634419203191905,136.88309856563546,True
base,100,3,2513,18,0.916501262281341,1.0558843331654566,0.916501262281341,1.0586429636604124,159.7364238416832,True
base,100,3,2513,19,0.9278011544854355,1.0587794114761084,0.9278011544854355,1.0613689176187178,152.5090880737098,True
base,100,3,2513,20,0.9637941299709828,1.0677474801729612,0.9504200044250233,1.0698728389626104,129.15299407108873,True
base,100,3,2513,21,0.9830675613533566,1.0636399235694614,0.9631207051982797,1.0653219420415725,106.20004341564994,True
base,100,3,2513,22,0.9906704922074583,1.052416898970439,0.9734158654177123,1.053594502962955,84.95679844314577,True
base,100,3,2513,23,0.9929869133813736,1.0398715817641508,0.9815660943192077,1.0405607691537164,68.49816620041405,True
base,100,4,2513,0,0.9818191687586557,1.0482006707363676,0.9818191687586557,1.0482006707363676,55.73043476728906,True
base,100,4,2513,1,0.9888471827520404,1.047263721843541,0.9888471827520404,1.047263721843541,48.87014276096595,True
base,100,4,2513,2,0.9947450349997935,1.0453903929918398,0.9924193608717913,1.0453903929918398,42.86796751051888,True
base,100,4,2513,3,0.9952094211781908,1.0408124055089565,0.9950706371085402,1.0408124055089565,36.13822737145042,True
base,100,4,2513,4,0.9928908007206649,1.037951461617489,0.9928908007206649,1.037951461617489,35.28326757837216,True
base,100,4,2513,5,0.9872515096882817,1.037231926516688,0.9872515096882817,1.037231926516688,38.98119339675654,True
base,100,4,2513,6,0.9827766889024825,1.0380195165313633,0.9827766889024825,1.0380195165313633,42.00546727273549,True
base,100,4,2513,7,0.982621887615508,1.0481349839551588,0.982621887615508,1.0481349839551588,50.91775772633872,True
base,100,4,2513,8,0.9806422254975973,1.0483974165307777,0.9773473777921072,1.0483974165307777,60.209854570164566,True
base,100,4,2513,9,0.9937601887696493,1.0473320511310642,0.9825795244583208,1.0473320511310642,49.863001779782074,True
base,100,4,2513,10,0.995491938797441,1.041792254009656,0.9861502759042098,1.041792254009656,44.069331683658476,True
base,100,4,2513,11,0.9966812200687484,1.0426071271346475,0.9866915516785566,1.0426071271346475,43.28264731193064,True
base,100,4,2513,12,0.9966494355035516,1.0428515616924496,0.9869885513577722,1.0428515616924496,45.452450053281346,True
base,100,4,2513,13,0.9978449630461043,1.0436694158995123,0.9875327198290649,1.0436694158995123,44.674418501552445,True
base,100,4,2513,14,0.9927112792363955,1.0378830263528311,0.9880126748148893,1.0378830263528311,43.76052711534666,True
base,100,4,2513,15,0.9845005235620474,1.04409385572177,0.9791816832650706,1.04409385572177,59.86589785679255,True
base,100,4,2513,16,0.9779244903126375,1.0473282732206461,0.9671179748784119,1.0490379415797626,84.83163268124187,True
base,100,4,2513,17,0.9420910975759947,1.0607463859629154,0.9408135348178949,1.0634419203191905,136.88309856563546,True
base,100,4,2513,18,0.916501262281341,1.0558843331654566,0.916501262281341,1.0586429636604124,159.7364238416832,True
base,100,4,2513,19,0.9278011544854355,1.0587794114761084,0.9278011544854355,1.0613689176187178,152.5090880737098,True
base,100,4,2513,20,0.9637941299709828,1.0677474801729612,0.9504200044250233,1.0698728389626104,129.15299407108873,True
base,100,4,2513,21,0.9830675613533566,1.0636399235694614,0.9631207051982797,1.0653219420415725,106.20004341564994,True
base,100,4,2513,22,0.9906704922074583,1.052416898970439,0.9734158654177123,1.053594502962955,84.95679844314577,True
base,100,4,2513,23,0.9929869133813736,1.0398715817641508,0.9815660943192077,1.0405607691537164,68.49816620041405,True
base,100,5,2513,0,0.9818191687586557,1.0482006707363676,0.9818191687586557,1.0482006707363676,55.73043476728906,True
base,100,5,2513,1,0.9888471827520404,1.047263721843541,0.9888471827520404,1.047263721843541,48.87014276096595,True
base,100,5,2513,2,0.9947450349997935,1.0453903929918398,0.9924193608717913,1.0453903929918398,42.86796751051888,True
base,100,5,2513,3,0.9952094211781908,1.0408124055089565,0.9950706371085402,1.0408124055089565,36.13822737145042,True
base,100,5,2513,4,0.9928908007206649,1.037951461617489,0.9928908007206649,1.037951461617489,35.28326757837216,True
base,100,5,2513,5,0.9872515096882817,1.037231926516688,0.9872515096882817,1.037231926516688,38.98119339675654,True
base,100,5,2513,6,0.9827766889024825,1.0380195165313633,0.9827766889024825,1.0380195165313633,42.00546727273549,True
base,100,5,2513,7,0.982621887615508,1.0481349839551588,0.982621887615508,1.0481349839551588,50.91775772633872,True
base,100,5,2513,8,0.9806422254975973,1.0483974165307777,0.9773473777921072,1.0483974165307777,60.209854570164566,True
base,100,5,2513,9,0.9937601887696493,1.0473320511310642,0.9825795244583208,1.0473320511310642,49.863001779782074,True
base,100,5,2513,10,0.995491938797441,1.041792254009656,0.9861502759042098,1.041792254009656,44.069331683658476,True
base,100,5,2513,11,0.9966812200687484,1.0426071271346475,0.9866915516785566,1.0426071271346475,43.28264731193064,True
base,100,5,2513,12,0.9966494355035516,1.0428515616924496,0.9869885513577722,1.0428515616924496,45.452450053281346,True
base,100,5,2513,13,0.9978449630461043,1.0436694158995123,0.9875327198290649,1.0436694158995123,44.674418501552445,True
base,100,5,2513,14,0.9927112792363955,1.0378830263528311,0.9880126748148893,1.0378830263528311,43.76052711534666,True
base,100,5,2513,15,0.9845005235620474,1.04409385572177,0.9791816832650706,1.04409385572177,59.86589785679255,True
base,100,5,2513,16,0.9779244903126375,1.0473282732206461,0.9671179748784119,1.0490379415797626,84.83163268124187,True
base,100,5,2513,17,0.9420910975759947,1.0607463859629154,0.9408135348178949,1.0634419203191905,136.88309856563546,True
base,100,5,2513,18,0.916501262281341,1.0558843331654566,0.916501262281341,1.0586429636604124,159.7364238416832,True
base,100,5,2513,19,0.9278011544854355,1.0587794114761084,0.9278011544854355,1.0613689176187178,152.5090880737098,True
base,100,5,2513,20,0.9637941299709828,1.0677474801729612,0.9504200044250233,1.0698728389626104,129.15299407108873,True
base,100,5,2513,21,0.9830675613533566,1.0636399235694614,0.9631207051982797,1.0653219420415725,106.20004341564994,True
base,100,5,2513,22,0.9906704922074583,1.052416898970439,0.9734158654177123,1.053594502962955,84.95679844314577,True
base,100,5,2513,23,0.9929869133813736,1.0398715817641508,0.9815660943192077,1.0405607691537164,68.49816620041405,True
